ISO-10303-21;
HEADER;
/* Generated by software containing ST-Developer
 * from STEP Tools, Inc. (www.steptools.com) 
 */

FILE_DESCRIPTION(
/* description */ (''),
/* implementation_level */ '2;1');

FILE_NAME(
/* name */ 'Generic.40A.ESC.stp',
/* time_stamp */ '2025-01-06T23:31:28-03:00',
/* author */ ('gui_p'),
/* organization */ (''),
/* preprocessor_version */ 'ST-DEVELOPER v20',
/* originating_system */ 'Autodesk Inventor 2025',
/* authorisation */ '');

FILE_SCHEMA (('AUTOMOTIVE_DESIGN { 1 0 10303 214 3 1 1 }'));
ENDSEC;

DATA;
#10=MECHANICAL_DESIGN_GEOMETRIC_PRESENTATION_REPRESENTATION('',(#3469,#3470,
#3471,#3472,#3473,#3474,#3475,#3476,#3477,#3478,#3479,#3480,#3481,#3482,
#3483,#3484,#3485,#3486,#3487,#3488,#3489,#3490,#3491,#3492,#3493,#3494,
#3495,#3496,#3497,#3498,#3499,#3500,#3501,#3502,#3503,#3504,#3505,#3506,
#3507,#3508,#3509,#3510,#3511,#3512,#3513,#3514,#3515,#3516,#3517,#3518,
#3519,#3520,#3521,#3522,#3523,#3524,#3525,#3526,#3527,#3528,#3529,#3530,
#3531,#3532,#3533,#3534,#3535,#3536,#3537,#3538),#7807);
#11=SHAPE_REPRESENTATION_RELATIONSHIP('SRR','None',#7814,#12);
#12=ADVANCED_BREP_SHAPE_REPRESENTATION('',(#13),#7806);
#13=MANIFOLD_SOLID_BREP('S\X\F3lido1',#3760);
#14=CONICAL_SURFACE('',#4076,1.9,0.78539816339745);
#15=CONICAL_SURFACE('',#4082,1.9,0.78539816339745);
#16=CONICAL_SURFACE('',#4088,1.9,0.78539816339745);
#17=TOROIDAL_SURFACE('',#3874,2.25,1.5);
#18=TOROIDAL_SURFACE('',#3881,2.25,1.5);
#19=TOROIDAL_SURFACE('',#3886,2.25,1.5);
#20=TOROIDAL_SURFACE('',#3890,2.25,1.5);
#21=TOROIDAL_SURFACE('',#3893,2.25,1.5);
#22=TOROIDAL_SURFACE('',#3899,2.25,1.5);
#23=TOROIDAL_SURFACE('',#3903,2.25,1.5);
#24=TOROIDAL_SURFACE('',#3914,4.,2.);
#25=TOROIDAL_SURFACE('',#3925,4.,2.);
#26=TOROIDAL_SURFACE('',#3959,2.15,0.5);
#27=TOROIDAL_SURFACE('',#3977,1.9,0.5);
#28=TOROIDAL_SURFACE('',#3986,2.15,0.5);
#29=TOROIDAL_SURFACE('',#3999,1.9,0.5);
#30=TOROIDAL_SURFACE('',#4008,2.15,0.5);
#31=TOROIDAL_SURFACE('',#4021,1.9,0.5);
#32=TOROIDAL_SURFACE('',#4142,3.5,0.5);
#33=TOROIDAL_SURFACE('',#4146,3.5,0.5);
#34=ELLIPSE('',#3872,1.67705098312484,1.5);
#35=ELLIPSE('',#3873,1.67705098312484,1.5);
#36=ELLIPSE('',#3908,2.81510644954812,2.);
#37=ELLIPSE('',#3909,2.84193870180921,2.);
#38=ELLIPSE('',#3968,13.162543396888,2.65);
#39=ELLIPSE('',#3969,13.2722473106464,3.15);
#40=ELLIPSE('',#3973,12.218894349484,2.9);
#41=ELLIPSE('',#3974,12.1099702362909,2.4);
#42=ELLIPSE('',#3981,12.1099702362909,2.4);
#43=ELLIPSE('',#3982,12.218894349484,2.9);
#44=ELLIPSE('',#3991,13.162543396888,2.65);
#45=ELLIPSE('',#3992,13.2722473106464,3.15);
#46=ELLIPSE('',#3995,12.218894349484,2.9);
#47=ELLIPSE('',#3996,12.1099702362909,2.4);
#48=ELLIPSE('',#4003,12.1099702362909,2.4);
#49=ELLIPSE('',#4004,12.218894349484,2.9);
#50=ELLIPSE('',#4013,13.162543396888,2.65);
#51=ELLIPSE('',#4014,13.2722473106464,3.15);
#52=ELLIPSE('',#4017,12.218894349484,2.9);
#53=ELLIPSE('',#4018,12.1099702362909,2.4);
#54=ELLIPSE('',#4025,12.1099702362909,2.4);
#55=ELLIPSE('',#4026,12.218894349484,2.9);
#56=(
BOUNDED_SURFACE()
B_SPLINE_SURFACE(2,2,((#5387,#5388,#5389),(#5390,#5391,#5392),(#5393,#5394,
#5395)),.UNSPECIFIED.,.F.,.F.,.F.)
B_SPLINE_SURFACE_WITH_KNOTS((3,3),(3,3),(-1.5707963267949,-0.252680255142079),
(-1.5707963267949,0.),.UNSPECIFIED.)
GEOMETRIC_REPRESENTATION_ITEM()
RATIONAL_B_SPLINE_SURFACE(((1.,0.707106781186548,1.),(0.790569415042103,
0.559016994374953,0.790569415042103),(1.,0.707106781186548,1.)))
REPRESENTATION_ITEM('')
SURFACE()
);
#57=(
BOUNDED_SURFACE()
B_SPLINE_SURFACE(2,2,((#5407,#5408,#5409),(#5410,#5411,#5412),(#5413,#5414,
#5415)),.UNSPECIFIED.,.F.,.F.,.F.)
B_SPLINE_SURFACE_WITH_KNOTS((3,3),(3,3),(-1.5707963267949,-0.252680255142079),
(0.,1.5707963267949),.UNSPECIFIED.)
GEOMETRIC_REPRESENTATION_ITEM()
RATIONAL_B_SPLINE_SURFACE(((1.,0.707106781186548,1.),(0.790569415042103,
0.559016994374953,0.790569415042103),(1.,0.707106781186548,1.)))
REPRESENTATION_ITEM('')
SURFACE()
);
#58=(
BOUNDED_SURFACE()
B_SPLINE_SURFACE(2,2,((#5460,#5461,#5462),(#5463,#5464,#5465),(#5466,#5467,
#5468)),.UNSPECIFIED.,.F.,.F.,.F.)
B_SPLINE_SURFACE_WITH_KNOTS((3,3),(3,3),(-1.5707963267949,0.),(-1.5707963267949,
0.),.UNSPECIFIED.)
GEOMETRIC_REPRESENTATION_ITEM()
RATIONAL_B_SPLINE_SURFACE(((1.,0.707106781186547,1.),(0.707106781186548,
0.5,0.707106781186548),(1.,0.707106781186547,1.)))
REPRESENTATION_ITEM('')
SURFACE()
);
#59=(
BOUNDED_SURFACE()
B_SPLINE_SURFACE(2,2,((#5480,#5481,#5482),(#5483,#5484,#5485),(#5486,#5487,
#5488)),.UNSPECIFIED.,.F.,.F.,.F.)
B_SPLINE_SURFACE_WITH_KNOTS((3,3),(3,3),(-1.5707963267949,0.),(-3.14159265358979,
-1.5707963267949),.UNSPECIFIED.)
GEOMETRIC_REPRESENTATION_ITEM()
RATIONAL_B_SPLINE_SURFACE(((1.,0.707106781186548,1.),(0.707106781186546,
0.499999999999999,0.707106781186546),(1.,0.707106781186548,1.)))
REPRESENTATION_ITEM('')
SURFACE()
);
#60=(
BOUNDED_SURFACE()
B_SPLINE_SURFACE(2,2,((#5500,#5501,#5502),(#5503,#5504,#5505),(#5506,#5507,
#5508)),.UNSPECIFIED.,.F.,.F.,.F.)
B_SPLINE_SURFACE_WITH_KNOTS((3,3),(3,3),(-1.5707963267949,0.),(1.5707963267949,
3.14159265358979),.UNSPECIFIED.)
GEOMETRIC_REPRESENTATION_ITEM()
RATIONAL_B_SPLINE_SURFACE(((1.,0.707106781186548,1.),(0.707106781186542,
0.499999999999996,0.707106781186542),(1.,0.707106781186548,1.)))
REPRESENTATION_ITEM('')
SURFACE()
);
#61=(
BOUNDED_SURFACE()
B_SPLINE_SURFACE(2,2,((#5520,#5521,#5522),(#5523,#5524,#5525),(#5526,#5527,
#5528)),.UNSPECIFIED.,.F.,.F.,.F.)
B_SPLINE_SURFACE_WITH_KNOTS((3,3),(3,3),(-1.5707963267949,0.),(0.,1.5707963267949),
 .UNSPECIFIED.)
GEOMETRIC_REPRESENTATION_ITEM()
RATIONAL_B_SPLINE_SURFACE(((1.,0.707106781186548,1.),(0.707106781186547,
0.5,0.707106781186547),(1.,0.707106781186548,1.)))
REPRESENTATION_ITEM('')
SURFACE()
);
#62=B_SPLINE_CURVE_WITH_KNOTS('',3,(#5361,#5362,#5363,#5364,#5365,#5366,
#5367,#5368),.UNSPECIFIED.,.F.,.F.,(4,2,2,4),(0.,0.0348942344368095,0.0936850091327833,
0.0940360326063258),.UNSPECIFIED.);
#63=B_SPLINE_CURVE_WITH_KNOTS('',3,(#5370,#5371,#5372,#5373),
 .UNSPECIFIED.,.F.,.F.,(4,4),(0.106456289448189,0.190270328311463),
 .UNSPECIFIED.);
#64=B_SPLINE_CURVE_WITH_KNOTS('',3,(#5376,#5377,#5378,#5379,#5380),
 .UNSPECIFIED.,.F.,.F.,(4,1,4),(-0.190270328311463,-0.0815444264191987,
-1.68376869116668E-16),.UNSPECIFIED.);
#65=B_SPLINE_CURVE_WITH_KNOTS('',3,(#5424,#5425,#5426,#5427,#5428,#5429),
 .UNSPECIFIED.,.F.,.F.,(4,2,4),(-0.0218760762883811,0.,0.000438491408396173),
 .UNSPECIFIED.);
#66=B_SPLINE_CURVE_WITH_KNOTS('',3,(#5434,#5435,#5436,#5437,#5438,#5439,
#5440,#5441,#5442,#5443,#5444,#5445),.UNSPECIFIED.,.F.,.F.,(4,2,2,2,2,4),
(0.328798609774783,0.345579844924871,0.362361080074959,0.395923550375136,
0.41302541167777,0.41708148131721),.UNSPECIFIED.);
#67=B_SPLINE_CURVE_WITH_KNOTS('',3,(#5581,#5582,#5583,#5584),
 .UNSPECIFIED.,.F.,.F.,(4,4),(0.,0.0304325337477667),.UNSPECIFIED.);
#68=B_SPLINE_CURVE_WITH_KNOTS('',3,(#5590,#5591,#5592,#5593,#5594,#5595,
#5596,#5597,#5598,#5599),.UNSPECIFIED.,.F.,.F.,(4,3,3,4),(-0.289032511167136,
-0.283149073916847,-0.271379289919029,-0.261160075405663),.UNSPECIFIED.);
#69=B_SPLINE_CURVE_WITH_KNOTS('',3,(#5623,#5624,#5625,#5626,#5627,#5628,
#5629,#5630),.UNSPECIFIED.,.F.,.F.,(4,2,2,4),(-0.261160075405423,-0.259550290407511,
-0.243634741803834,-0.2150969011798),.UNSPECIFIED.);
#70=B_SPLINE_CURVE_WITH_KNOTS('',3,(#5653,#5654,#5655,#5656),
 .UNSPECIFIED.,.F.,.F.,(4,4),(-0.122437759035343,0.),.UNSPECIFIED.);
#71=B_SPLINE_CURVE_WITH_KNOTS('',3,(#5658,#5659,#5660,#5661,#5662,#5663),
 .UNSPECIFIED.,.F.,.F.,(4,2,4),(0.121579475920713,0.125955138295647,0.179070666385995),
 .UNSPECIFIED.);
#72=B_SPLINE_CURVE_WITH_KNOTS('',3,(#5666,#5667,#5668,#5669,#5670,#5671,
#5672,#5673),.UNSPECIFIED.,.F.,.F.,(4,2,2,4),(-0.263533197393767,-0.261973965099059,
-0.124985866552911,0.),.UNSPECIFIED.);
#73=B_SPLINE_CURVE_WITH_KNOTS('',3,(#5675,#5676,#5677,#5678,#5679,#5680),
 .UNSPECIFIED.,.F.,.F.,(4,2,4),(-0.332519703746559,-0.169021597734971,-0.124239533166108),
 .UNSPECIFIED.);
#74=B_SPLINE_CURVE_WITH_KNOTS('',3,(#5703,#5704,#5705,#5706,#5707,#5708),
 .UNSPECIFIED.,.F.,.F.,(4,2,4),(0.097914035637293,0.203539557080349,0.407975914564091),
 .UNSPECIFIED.);
#75=B_SPLINE_CURVE_WITH_KNOTS('',3,(#5748,#5749,#5750,#5751,#5752,#5753,
#5754,#5755),.UNSPECIFIED.,.F.,.F.,(4,2,2,4),(0.,0.204729612629433,0.408446310447346,
0.409459225258866),.UNSPECIFIED.);
#76=B_SPLINE_CURVE_WITH_KNOTS('',3,(#5771,#5772,#5773,#5774,#5775,#5776,
#5777,#5778),.UNSPECIFIED.,.F.,.F.,(4,2,2,4),(0.400360804223403,0.456473370386211,
0.533258049517175,0.605001916547948),.UNSPECIFIED.);
#77=B_SPLINE_CURVE_WITH_KNOTS('',3,(#5785,#5786,#5787,#5788,#5789,#5790),
 .UNSPECIFIED.,.F.,.F.,(4,2,4),(0.935589124730126,1.02606553767502,1.10741885574866),
 .UNSPECIFIED.);
#78=B_SPLINE_CURVE_WITH_KNOTS('',3,(#5818,#5819,#5820,#5821,#5822,#5823),
 .UNSPECIFIED.,.F.,.F.,(4,2,4),(1.29683897775525,1.37819229582888,1.46866870877378),
 .UNSPECIFIED.);
#79=B_SPLINE_CURVE_WITH_KNOTS('',3,(#5827,#5828,#5829,#5830,#5831,#5832,
#5833,#5834),.UNSPECIFIED.,.F.,.F.,(4,2,2,4),(0.605001916547948,0.67674578357872,
0.753530462709684,0.809643028872457),.UNSPECIFIED.);
#80=B_SPLINE_CURVE_WITH_KNOTS('',3,(#5888,#5889,#5890,#5891,#5892,#5893,
#5894,#5895),.UNSPECIFIED.,.F.,.F.,(4,2,2,4),(0.,0.0785480204002457,0.154616292835183,
0.288952474950819),.UNSPECIFIED.);
#81=B_SPLINE_CURVE_WITH_KNOTS('',3,(#6039,#6040,#6041,#6042,#6043,#6044,
#6045,#6046,#6047,#6048),.UNSPECIFIED.,.F.,.F.,(4,2,2,2,4),(0.,0.128741568502611,
0.224062877477484,0.284521295670928,0.346918123226312),.UNSPECIFIED.);
#82=B_SPLINE_CURVE_WITH_KNOTS('',3,(#6125,#6126,#6127,#6128),
 .UNSPECIFIED.,.F.,.F.,(4,4),(0.0220174002039072,0.0318920432030602),
 .UNSPECIFIED.);
#83=B_SPLINE_CURVE_WITH_KNOTS('',3,(#6129,#6130,#6131,#6132),
 .UNSPECIFIED.,.F.,.F.,(4,4),(0.,0.014088706909862),.UNSPECIFIED.);
#84=B_SPLINE_CURVE_WITH_KNOTS('',3,(#6156,#6157,#6158,#6159),
 .UNSPECIFIED.,.F.,.F.,(4,4),(0.0494186380718813,0.0635073096702544),
 .UNSPECIFIED.);
#85=B_SPLINE_CURVE_WITH_KNOTS('',3,(#6160,#6161,#6162,#6163),
 .UNSPECIFIED.,.F.,.F.,(4,4),(0.,0.00988129165035372),.UNSPECIFIED.);
#86=B_SPLINE_CURVE_WITH_KNOTS('',3,(#6187,#6188,#6189,#6190,#6191,#6192,
#6193),.UNSPECIFIED.,.F.,.F.,(4,3,4),(0.,0.0157267144313619,0.0220174002039072),
 .UNSPECIFIED.);
#87=B_SPLINE_CURVE_WITH_KNOTS('',3,(#6194,#6195,#6196,#6197,#6198),
 .UNSPECIFIED.,.F.,.F.,(4,1,4),(0.,0.0104292247381526,0.036502286583534),
 .UNSPECIFIED.);
#88=B_SPLINE_CURVE_WITH_KNOTS('',3,(#6222,#6223,#6224,#6225,#6226),
 .UNSPECIFIED.,.F.,.F.,(4,1,4),(-7.16389360167426E-16,0.0260730677076609,
0.0365022947907256),.UNSPECIFIED.);
#89=B_SPLINE_CURVE_WITH_KNOTS('',3,(#6227,#6228,#6229,#6230,#6231,#6232,
#6233),.UNSPECIFIED.,.F.,.F.,(4,3,4),(0.00988129165035372,0.0161782792971602,
0.0319207484141761),.UNSPECIFIED.);
#90=B_SPLINE_CURVE_WITH_KNOTS('',3,(#6259,#6260,#6261,#6262,#6263,#6264),
 .UNSPECIFIED.,.F.,.F.,(4,2,4),(-0.0493108878189318,0.,0.000472012466481647),
 .UNSPECIFIED.);
#91=B_SPLINE_CURVE_WITH_KNOTS('',3,(#6292,#6293,#6294,#6295,#6296,#6297),
 .UNSPECIFIED.,.F.,.F.,(4,2,4),(-0.0881371646960758,-0.0876651522296212,
-0.0383542644106637),.UNSPECIFIED.);
#92=B_SPLINE_CURVE_WITH_KNOTS('',3,(#6357,#6358,#6359,#6360,#6361,#6362),
 .UNSPECIFIED.,.F.,.F.,(4,1,1,4),(0.,0.0803796886251597,0.1339661477086,
0.187552606792039),.UNSPECIFIED.);
#93=B_SPLINE_CURVE_WITH_KNOTS('',3,(#6366,#6367,#6368,#6369,#6370,#6371),
 .UNSPECIFIED.,.F.,.F.,(4,1,1,4),(-0.187552606792039,-0.1339661477086,-0.0803796886251597,
0.),.UNSPECIFIED.);
#94=B_SPLINE_CURVE_WITH_KNOTS('',3,(#6391,#6392,#6393,#6394,#6395,#6396,
#6397,#6398,#6399,#6400,#6401,#6402,#6403),.UNSPECIFIED.,.F.,.F.,(4,3,3,
3,4),(0.,0.00564268954753015,0.00713186303156894,0.0134061554016475,0.0142254073247319),
 .UNSPECIFIED.);
#95=B_SPLINE_CURVE_WITH_KNOTS('',3,(#6407,#6408,#6409,#6410,#6411,#6412,
#6413,#6414,#6415,#6416),.UNSPECIFIED.,.F.,.F.,(4,3,3,4),(0.014281321474676,
0.0198008400106048,0.0258857710053676,0.0301097343181115),.UNSPECIFIED.);
#96=B_SPLINE_CURVE_WITH_KNOTS('',3,(#6451,#6452,#6453,#6454,#6455,#6456),
 .UNSPECIFIED.,.F.,.F.,(4,1,1,4),(0.,0.0535847905551892,0.0803771858327838,
0.187546766943162),.UNSPECIFIED.);
#97=B_SPLINE_CURVE_WITH_KNOTS('',3,(#6459,#6460,#6461,#6462,#6463,#6464),
 .UNSPECIFIED.,.F.,.F.,(4,1,1,4),(-0.187546766943162,-0.0803771858327838,
-0.0535847905551892,0.),.UNSPECIFIED.);
#98=B_SPLINE_CURVE_WITH_KNOTS('',3,(#6489,#6490,#6491,#6492,#6493,#6494),
 .UNSPECIFIED.,.F.,.F.,(4,2,4),(0.,0.0164266305852831,0.017169555190442),
 .UNSPECIFIED.);
#99=B_SPLINE_CURVE_WITH_KNOTS('',3,(#6498,#6499,#6500,#6501,#6502,#6503,
#6504,#6505,#6506,#6507,#6508,#6509,#6510),.UNSPECIFIED.,.F.,.F.,(4,3,3,
3,4),(0.,0.00628679716851394,0.00710767691420279,0.012761633574476,0.0142537864470909),
 .UNSPECIFIED.);
#100=B_SPLINE_CURVE_WITH_KNOTS('',3,(#6539,#6540,#6541,#6542,#6543),
 .UNSPECIFIED.,.F.,.F.,(4,1,4),(-0.0664174446217966,-0.0332087223108983,
1.38777878078145E-17),.UNSPECIFIED.);
#101=B_SPLINE_CURVE_WITH_KNOTS('',3,(#6544,#6545,#6546,#6547,#6548,#6549,
#6550,#6551,#6552,#6553),.UNSPECIFIED.,.F.,.F.,(4,2,2,2,4),(0.0161197567303215,
0.0198548807570283,0.0386928429850224,0.0741228903032021,0.0745183274229862),
 .UNSPECIFIED.);
#102=B_SPLINE_CURVE_WITH_KNOTS('',3,(#6587,#6588,#6589,#6590,#6591,#6592,
#6593,#6594,#6595,#6596),.UNSPECIFIED.,.F.,.F.,(4,2,2,2,4),(-0.000288032906665413,
0.,0.0258069358714649,0.0395283426686071,0.0422489743159249),
 .UNSPECIFIED.);
#103=B_SPLINE_CURVE_WITH_KNOTS('',3,(#6597,#6598,#6599,#6600,#6601),
 .UNSPECIFIED.,.F.,.F.,(4,1,4),(-0.0664174446217966,-0.0332087223108983,
0.),.UNSPECIFIED.);
#104=B_SPLINE_CURVE_WITH_KNOTS('',3,(#6657,#6658,#6659,#6660,#6661,#6662),
 .UNSPECIFIED.,.F.,.F.,(4,1,1,4),(0.,0.0803796886251598,0.1339661477086,
0.18755260679204),.UNSPECIFIED.);
#105=B_SPLINE_CURVE_WITH_KNOTS('',3,(#6666,#6667,#6668,#6669,#6670,#6671),
 .UNSPECIFIED.,.F.,.F.,(4,1,1,4),(-0.18755260679204,-0.1339661477086,-0.0803796886251598,
0.),.UNSPECIFIED.);
#106=B_SPLINE_CURVE_WITH_KNOTS('',3,(#6691,#6692,#6693,#6694,#6695,#6696,
#6697,#6698,#6699,#6700,#6701,#6702,#6703),.UNSPECIFIED.,.F.,.F.,(4,3,3,
3,4),(0.,0.00564268943901516,0.00713186168775188,0.0134061540779795,0.0142254073245315),
 .UNSPECIFIED.);
#107=B_SPLINE_CURVE_WITH_KNOTS('',3,(#6707,#6708,#6709,#6710,#6711,#6712,
#6713,#6714,#6715,#6716),.UNSPECIFIED.,.F.,.F.,(4,3,3,4),(0.0142813216216042,
0.0198008529983561,0.0258857841827278,0.0301097344910762),.UNSPECIFIED.);
#108=B_SPLINE_CURVE_WITH_KNOTS('',3,(#6751,#6752,#6753,#6754,#6755,#6756),
 .UNSPECIFIED.,.F.,.F.,(4,1,1,4),(0.,0.053584790555189,0.0803771858327836,
0.187546766943162),.UNSPECIFIED.);
#109=B_SPLINE_CURVE_WITH_KNOTS('',3,(#6759,#6760,#6761,#6762,#6763,#6764),
 .UNSPECIFIED.,.F.,.F.,(4,1,1,4),(-0.187546766943162,-0.0803771858327836,
-0.053584790555189,0.),.UNSPECIFIED.);
#110=B_SPLINE_CURVE_WITH_KNOTS('',3,(#6789,#6790,#6791,#6792,#6793,#6794),
 .UNSPECIFIED.,.F.,.F.,(4,2,4),(0.,0.0164264668145603,0.0171695557805035),
 .UNSPECIFIED.);
#111=B_SPLINE_CURVE_WITH_KNOTS('',3,(#6798,#6799,#6800,#6801,#6802,#6803,
#6804,#6805,#6806,#6807,#6808,#6809,#6810),.UNSPECIFIED.,.F.,.F.,(4,3,3,
3,4),(0.,0.00628679713366009,0.00710767471668387,0.0127616315561207,0.0142537864486888),
 .UNSPECIFIED.);
#112=B_SPLINE_CURVE_WITH_KNOTS('',3,(#6839,#6840,#6841,#6842,#6843),
 .UNSPECIFIED.,.F.,.F.,(4,1,4),(-0.0664174446217963,-0.0332087223108979,
4.57966997657877E-16),.UNSPECIFIED.);
#113=B_SPLINE_CURVE_WITH_KNOTS('',3,(#6844,#6845,#6846,#6847,#6848,#6849,
#6850,#6851,#6852,#6853),.UNSPECIFIED.,.F.,.F.,(4,2,2,2,4),(0.0161197567303214,
0.0198548807570442,0.038692842985038,0.074122889829516,0.0745183269188807),
 .UNSPECIFIED.);
#114=B_SPLINE_CURVE_WITH_KNOTS('',3,(#6887,#6888,#6889,#6890,#6891,#6892,
#6893,#6894,#6895,#6896),.UNSPECIFIED.,.F.,.F.,(4,2,2,2,4),(-0.000288032952143899,
0.,0.0258069370224036,0.0395283440996486,0.0422489758024795),
 .UNSPECIFIED.);
#115=B_SPLINE_CURVE_WITH_KNOTS('',3,(#6897,#6898,#6899,#6900,#6901),
 .UNSPECIFIED.,.F.,.F.,(4,1,4),(-0.0664174446217966,-0.0332087223108983,
0.),.UNSPECIFIED.);
#116=B_SPLINE_CURVE_WITH_KNOTS('',3,(#6957,#6958,#6959,#6960,#6961,#6962),
 .UNSPECIFIED.,.F.,.F.,(4,1,1,4),(0.,0.0803796886251597,0.133966147708599,
0.187552606792039),.UNSPECIFIED.);
#117=B_SPLINE_CURVE_WITH_KNOTS('',3,(#6966,#6967,#6968,#6969,#6970,#6971),
 .UNSPECIFIED.,.F.,.F.,(4,1,1,4),(-0.187552606792039,-0.133966147708599,
-0.0803796886251597,0.),.UNSPECIFIED.);
#118=B_SPLINE_CURVE_WITH_KNOTS('',3,(#7025,#7026,#7027,#7028,#7029,#7030),
 .UNSPECIFIED.,.F.,.F.,(4,1,1,4),(3.55172670009183E-16,0.0535847905551894,
0.080377185832784,0.187546766943162),.UNSPECIFIED.);
#119=B_SPLINE_CURVE_WITH_KNOTS('',3,(#7033,#7034,#7035,#7036,#7037,#7038),
 .UNSPECIFIED.,.F.,.F.,(4,1,1,4),(-0.187546766943162,-0.080377185832784,
-0.0535847905551894,-3.55172670009183E-16),.UNSPECIFIED.);
#120=B_SPLINE_CURVE_WITH_KNOTS('',3,(#7116,#7117,#7118,#7119,#7120,#7121,
#7122,#7123,#7124,#7125),.UNSPECIFIED.,.F.,.F.,(4,2,2,2,4),(-0.279772827170157,
-0.278301740067138,-0.235586024158883,-0.106638299401366,0.),
 .UNSPECIFIED.);
#121=B_SPLINE_CURVE_WITH_KNOTS('',3,(#7127,#7128,#7129,#7130,#7131,#7132,
#7133,#7134,#7135,#7136,#7137,#7138,#7139,#7140),.UNSPECIFIED.,.F.,.F.,
(4,2,2,2,2,2,4),(-0.000353096751076581,0.,0.0116726735866913,0.0218568544132863,
0.0409316041390236,0.0677886892293271,0.0984561416507804),.UNSPECIFIED.);
#122=B_SPLINE_CURVE_WITH_KNOTS('',3,(#7141,#7142,#7143,#7144,#7145,#7146,
#7147,#7148,#7149),.UNSPECIFIED.,.F.,.F.,(4,1,1,1,1,1,4),(8.13975855472736E-5,
0.0268303155845531,0.0567689328586893,0.0867075501328255,0.20646201922937,
0.326216488325915,0.805234364712094),.UNSPECIFIED.);
#123=B_SPLINE_CURVE_WITH_KNOTS('',3,(#7179,#7180,#7181,#7182,#7183,#7184),
 .UNSPECIFIED.,.F.,.F.,(4,1,1,4),(0.625173272067749,0.752679029179213,1.00769054340214,
1.06215238099355),.UNSPECIFIED.);
#124=B_SPLINE_CURVE_WITH_KNOTS('',3,(#7194,#7195,#7196,#7197),
 .UNSPECIFIED.,.F.,.F.,(4,4),(-0.347140192028877,-0.1299411963921),
 .UNSPECIFIED.);
#125=B_SPLINE_CURVE_WITH_KNOTS('',3,(#7198,#7199,#7200,#7201,#7202,#7203,
#7204),.UNSPECIFIED.,.F.,.F.,(4,1,1,1,4),(1.06215238099355,1.13519630051361,
1.26270205762507,1.39020781473653,1.517713571848),.UNSPECIFIED.);
#126=B_SPLINE_CURVE_WITH_KNOTS('',3,(#7247,#7248,#7249,#7250,#7251,#7252,
#7253,#7254,#7255,#7256,#7257,#7258,#7259,#7260),.UNSPECIFIED.,.F.,.F.,
(4,2,2,2,2,2,4),(0.,0.0311489157478557,0.0584276023929002,0.0778017755625559,
0.0881458219035435,0.100001726128299,0.100360365861085),.UNSPECIFIED.);
#127=B_SPLINE_CURVE_WITH_KNOTS('',3,(#7264,#7265,#7266,#7267,#7268,#7269,
#7270,#7271,#7272,#7273),.UNSPECIFIED.,.F.,.F.,(4,2,2,2,4),(-0.338211934804578,
-0.208622286966172,-0.0519403275868648,0.,0.00178772942243627),
 .UNSPECIFIED.);
#128=B_SPLINE_CURVE_WITH_KNOTS('',3,(#7274,#7275,#7276,#7277,#7278,#7279,
#7280,#7281),.UNSPECIFIED.,.F.,.F.,(4,1,1,1,1,4),(0.265819220263671,0.74483709664985,
0.864591565746395,0.98434603484294,1.04422326939121,1.07097075772325),
 .UNSPECIFIED.);
#129=B_SPLINE_CURVE_WITH_KNOTS('',3,(#7311,#7312,#7313,#7314,#7315,#7316,
#7317),.UNSPECIFIED.,.F.,.F.,(4,1,1,1,4),(0.7103099783335,0.764463342467999,
0.89196909940727,1.01947485634654,1.14698061328581),.UNSPECIFIED.);
#130=B_SPLINE_CURVE_WITH_KNOTS('',3,(#7319,#7320,#7321,#7322,#7323,#7324),
 .UNSPECIFIED.,.F.,.F.,(4,1,1,4),(0.254440314710911,0.381946071650183,0.636957585528727,
0.7103099783335),.UNSPECIFIED.);
#131=B_SPLINE_CURVE_WITH_KNOTS('',3,(#7326,#7327,#7328,#7329),
 .UNSPECIFIED.,.F.,.F.,(4,4),(-0.176467592133543,0.),.UNSPECIFIED.);
#132=B_SPLINE_CURVE_WITH_KNOTS('',3,(#7375,#7376,#7377,#7378,#7379,#7380,
#7381,#7382),.UNSPECIFIED.,.F.,.F.,(4,2,2,4),(0.,0.14665523746419,0.244200130787172,
0.372216094921112),.UNSPECIFIED.);
#133=B_SPLINE_CURVE_WITH_KNOTS('',3,(#7419,#7420,#7421,#7422,#7423,#7424,
#7425,#7426),.UNSPECIFIED.,.F.,.F.,(4,2,2,4),(0.,0.10544633208196,0.257255139754758,
0.371196160172445),.UNSPECIFIED.);
#134=B_SPLINE_CURVE_WITH_KNOTS('',3,(#7444,#7445,#7446,#7447),
 .UNSPECIFIED.,.F.,.F.,(4,4),(-1.42001651869608,-1.18904187372184),
 .UNSPECIFIED.);
#135=B_SPLINE_CURVE_WITH_KNOTS('',3,(#7449,#7450,#7451,#7452,#7453,#7454),
 .UNSPECIFIED.,.F.,.F.,(4,2,4),(0.0503516835122994,0.193797321459688,0.444979609807754),
 .UNSPECIFIED.);
#136=B_SPLINE_CURVE_WITH_KNOTS('',3,(#7517,#7518,#7519,#7520),
 .UNSPECIFIED.,.F.,.F.,(4,4),(-2.4072333597541,-1.99796031584721),
 .UNSPECIFIED.);
#137=B_SPLINE_CURVE_WITH_KNOTS('',3,(#7521,#7522,#7523,#7524,#7525,#7526),
 .UNSPECIFIED.,.F.,.F.,(4,2,4),(0.,0.205359077601765,0.41747148330384),
 .UNSPECIFIED.);
#138=B_SPLINE_SURFACE_WITH_KNOTS('',3,3,((#5334,#5335,#5336,#5337,#5338),
(#5339,#5340,#5341,#5342,#5343),(#5344,#5345,#5346,#5347,#5348),(#5349,
#5350,#5351,#5352,#5353),(#5354,#5355,#5356,#5357,#5358)),.UNSPECIFIED.,
 .F.,.F.,.F.,(4,1,4),(4,1,4),(0.,0.5,1.),(1.68376869116668E-16,0.0815444264191987,
0.190270328311463),.UNSPECIFIED.);
#139=B_SPLINE_SURFACE_WITH_KNOTS('',3,3,((#5551,#5552,#5553,#5554,#5555),
(#5556,#5557,#5558,#5559,#5560),(#5561,#5562,#5563,#5564,#5565),(#5566,
#5567,#5568,#5569,#5570),(#5571,#5572,#5573,#5574,#5575)),.UNSPECIFIED.,
 .F.,.F.,.F.,(4,1,4),(4,1,4),(0.,0.571428571428571,1.),(-1.5707963267949,
-0.984473308170461,-0.20270928333788),.UNSPECIFIED.);
#140=B_SPLINE_SURFACE_WITH_KNOTS('',3,3,((#5681,#5682,#5683,#5684),(#5685,
#5686,#5687,#5688),(#5689,#5690,#5691,#5692),(#5693,#5694,#5695,#5696)),
 .UNSPECIFIED.,.F.,.F.,.F.,(4,4),(4,4),(0.392870761860145,1.),(0.0775449604471158,
1.),.UNSPECIFIED.);
#141=B_SPLINE_SURFACE_WITH_KNOTS('',3,3,((#5709,#5710,#5711,#5712),(#5713,
#5714,#5715,#5716),(#5717,#5718,#5719,#5720),(#5721,#5722,#5723,#5724)),
 .UNSPECIFIED.,.F.,.F.,.F.,(4,4),(4,4),(0.,1.),(0.0170952529868991,1.),
 .UNSPECIFIED.);
#142=B_SPLINE_SURFACE_WITH_KNOTS('',3,3,((#5846,#5847,#5848,#5849),(#5850,
#5851,#5852,#5853),(#5854,#5855,#5856,#5857),(#5858,#5859,#5860,#5861)),
 .UNSPECIFIED.,.F.,.F.,.F.,(4,4),(4,4),(0.,0.516826985013564),(0.,1.),
 .UNSPECIFIED.);
#143=B_SPLINE_SURFACE_WITH_KNOTS('',3,3,((#5863,#5864,#5865,#5866),(#5867,
#5868,#5869,#5870),(#5871,#5872,#5873,#5874),(#5875,#5876,#5877,#5878),
(#5879,#5880,#5881,#5882),(#5883,#5884,#5885,#5886)),.UNSPECIFIED.,.F.,
 .F.,.F.,(4,1,1,4),(4,4),(0.117505622972465,0.495717498841408,0.747858749420704,
1.),(0.,1.),.UNSPECIFIED.);
#144=B_SPLINE_SURFACE_WITH_KNOTS('',3,3,((#5903,#5904,#5905,#5906),(#5907,
#5908,#5909,#5910),(#5911,#5912,#5913,#5914),(#5915,#5916,#5917,#5918)),
 .UNSPECIFIED.,.F.,.F.,.F.,(4,4),(4,4),(0.,1.),(0.,1.),.UNSPECIFIED.);
#145=B_SPLINE_SURFACE_WITH_KNOTS('',3,3,((#5920,#5921,#5922,#5923),(#5924,
#5925,#5926,#5927),(#5928,#5929,#5930,#5931),(#5932,#5933,#5934,#5935)),
 .UNSPECIFIED.,.F.,.F.,.F.,(4,4),(4,4),(0.,1.),(0.,1.),.UNSPECIFIED.);
#146=B_SPLINE_SURFACE_WITH_KNOTS('',3,3,((#5943,#5944,#5945,#5946),(#5947,
#5948,#5949,#5950),(#5951,#5952,#5953,#5954),(#5955,#5956,#5957,#5958)),
 .UNSPECIFIED.,.F.,.F.,.F.,(4,4),(4,4),(0.,1.),(0.,1.),.UNSPECIFIED.);
#147=B_SPLINE_SURFACE_WITH_KNOTS('',3,3,((#5970,#5971,#5972,#5973),(#5974,
#5975,#5976,#5977),(#5978,#5979,#5980,#5981),(#5982,#5983,#5984,#5985)),
 .UNSPECIFIED.,.F.,.F.,.F.,(4,4),(4,4),(0.,1.),(0.,1.),.UNSPECIFIED.);
#148=B_SPLINE_SURFACE_WITH_KNOTS('',3,3,((#5991,#5992,#5993,#5994),(#5995,
#5996,#5997,#5998),(#5999,#6000,#6001,#6002),(#6003,#6004,#6005,#6006)),
 .UNSPECIFIED.,.F.,.F.,.F.,(4,4),(4,4),(0.,1.),(0.,1.),.UNSPECIFIED.);
#149=B_SPLINE_SURFACE_WITH_KNOTS('',3,3,((#6015,#6016,#6017,#6018),(#6019,
#6020,#6021,#6022),(#6023,#6024,#6025,#6026),(#6027,#6028,#6029,#6030),
(#6031,#6032,#6033,#6034),(#6035,#6036,#6037,#6038)),.UNSPECIFIED.,.F.,
 .F.,.F.,(4,1,1,4),(4,4),(0.,0.379800208978927,0.633000348298212,0.886200487617497),
(0.,1.),.UNSPECIFIED.);
#150=B_SPLINE_SURFACE_WITH_KNOTS('',3,3,((#6102,#6103,#6104,#6105),(#6106,
#6107,#6108,#6109),(#6110,#6111,#6112,#6113),(#6114,#6115,#6116,#6117),
(#6118,#6119,#6120,#6121)),.UNSPECIFIED.,.F.,.F.,.F.,(4,1,4),(4,4),(0.,
0.571428571428571,1.),(-0.014088706909862,0.),.UNSPECIFIED.);
#151=B_SPLINE_SURFACE_WITH_KNOTS('',3,3,((#6133,#6134,#6135,#6136),(#6137,
#6138,#6139,#6140),(#6141,#6142,#6143,#6144),(#6145,#6146,#6147,#6148),
(#6149,#6150,#6151,#6152)),.UNSPECIFIED.,.F.,.F.,.F.,(4,1,4),(4,4),(0.,
0.571428571428571,1.),(-0.0635073096702544,-0.0494186380718813),
 .UNSPECIFIED.);
#152=B_SPLINE_SURFACE_WITH_KNOTS('',3,3,((#6164,#6165,#6166,#6167,#6168),
(#6169,#6170,#6171,#6172,#6173),(#6174,#6175,#6176,#6177,#6178),(#6179,
#6180,#6181,#6182,#6183)),.UNSPECIFIED.,.F.,.F.,.F.,(4,4),(4,1,4),(0.,1.),
(-0.036502286583534,-0.0104292247381526,0.),.UNSPECIFIED.);
#153=B_SPLINE_SURFACE_WITH_KNOTS('',3,3,((#6199,#6200,#6201,#6202,#6203),
(#6204,#6205,#6206,#6207,#6208),(#6209,#6210,#6211,#6212,#6213),(#6214,
#6215,#6216,#6217,#6218)),.UNSPECIFIED.,.F.,.F.,.F.,(4,4),(4,1,4),(0.,1.),
(-0.0365022947907256,-0.0260730677076609,7.16389360167426E-16),
 .UNSPECIFIED.);
#154=B_SPLINE_SURFACE_WITH_KNOTS('',3,3,((#6234,#6235,#6236,#6237,#6238,
#6239),(#6240,#6241,#6242,#6243,#6244,#6245),(#6246,#6247,#6248,#6249,#6250,
#6251),(#6252,#6253,#6254,#6255,#6256,#6257)),.UNSPECIFIED.,.F.,.F.,.F.,
(4,4),(4,2,4),(0.,1.),(-0.000472012466481647,0.,0.0493108878189318),
 .UNSPECIFIED.);
#155=B_SPLINE_SURFACE_WITH_KNOTS('',3,3,((#6266,#6267,#6268,#6269,#6270,
#6271),(#6272,#6273,#6274,#6275,#6276,#6277),(#6278,#6279,#6280,#6281,#6282,
#6283),(#6284,#6285,#6286,#6287,#6288,#6289)),.UNSPECIFIED.,.F.,.F.,.F.,
(4,4),(4,2,4),(0.,1.),(0.0383542644106637,0.0876651522296212,0.0881371646960758),
 .UNSPECIFIED.);
#156=B_SPLINE_SURFACE_WITH_KNOTS('',3,3,((#6298,#6299,#6300,#6301,#6302,
#6303),(#6304,#6305,#6306,#6307,#6308,#6309),(#6310,#6311,#6312,#6313,#6314,
#6315),(#6316,#6317,#6318,#6319,#6320,#6321)),.UNSPECIFIED.,.F.,.F.,.F.,
(4,4),(4,1,1,4),(0.,1.),(-0.673087825437666,-0.0961554036339525,0.288466210901856,
0.673087825437665),.UNSPECIFIED.);
#157=B_SPLINE_SURFACE_WITH_KNOTS('',3,3,((#6325,#6326,#6327,#6328,#6329,
#6330),(#6331,#6332,#6333,#6334,#6335,#6336),(#6337,#6338,#6339,#6340,#6341,
#6342),(#6343,#6344,#6345,#6346,#6347,#6348),(#6349,#6350,#6351,#6352,#6353,
#6354)),.UNSPECIFIED.,.F.,.F.,.F.,(4,1,4),(4,1,1,4),(0.,0.5,1.),(0.,0.0803796886251597,
0.1339661477086,0.187552606792039),.UNSPECIFIED.);
#158=B_SPLINE_SURFACE_WITH_KNOTS('',3,3,((#6373,#6374,#6375,#6376),(#6377,
#6378,#6379,#6380),(#6381,#6382,#6383,#6384),(#6385,#6386,#6387,#6388)),
 .UNSPECIFIED.,.F.,.F.,.F.,(4,4),(4,4),(0.,1.),(0.53689056914385,0.864942233456919),
 .UNSPECIFIED.);
#159=B_SPLINE_SURFACE_WITH_KNOTS('',3,3,((#6417,#6418,#6419,#6420,#6421,
#6422),(#6423,#6424,#6425,#6426,#6427,#6428),(#6429,#6430,#6431,#6432,#6433,
#6434),(#6435,#6436,#6437,#6438,#6439,#6440),(#6441,#6442,#6443,#6444,#6445,
#6446)),.UNSPECIFIED.,.F.,.F.,.F.,(4,1,4),(4,1,1,4),(0.,0.5,1.),(0.,0.0535847905551892,
0.0803771858327838,0.187546766943162),.UNSPECIFIED.);
#160=B_SPLINE_SURFACE_WITH_KNOTS('',3,3,((#6471,#6472,#6473,#6474),(#6475,
#6476,#6477,#6478),(#6479,#6480,#6481,#6482),(#6483,#6484,#6485,#6486)),
 .UNSPECIFIED.,.F.,.F.,.F.,(4,4),(4,4),(0.,1.),(-0.864942233456919,-0.53689056914385),
 .UNSPECIFIED.);
#161=B_SPLINE_SURFACE_WITH_KNOTS('',3,3,((#6511,#6512,#6513,#6514,#6515),
(#6516,#6517,#6518,#6519,#6520),(#6521,#6522,#6523,#6524,#6525),(#6526,
#6527,#6528,#6529,#6530),(#6531,#6532,#6533,#6534,#6535)),.UNSPECIFIED.,
 .F.,.F.,.F.,(4,1,4),(4,1,4),(0.0615154908917301,0.530757745445865,1.),
(-1.38777878078145E-17,0.0332087223108983,0.0664174446217966),
 .UNSPECIFIED.);
#162=B_SPLINE_SURFACE_WITH_KNOTS('',3,3,((#6561,#6562,#6563,#6564,#6565),
(#6566,#6567,#6568,#6569,#6570),(#6571,#6572,#6573,#6574,#6575),(#6576,
#6577,#6578,#6579,#6580),(#6581,#6582,#6583,#6584,#6585)),.UNSPECIFIED.,
 .F.,.F.,.F.,(4,1,4),(4,1,4),(0.0615154908917293,0.530757745445865,1.),
(0.,0.0332087223108983,0.0664174446217966),.UNSPECIFIED.);
#163=B_SPLINE_SURFACE_WITH_KNOTS('',3,3,((#6604,#6605,#6606,#6607,#6608),
(#6609,#6610,#6611,#6612,#6613),(#6614,#6615,#6616,#6617,#6618),(#6619,
#6620,#6621,#6622,#6623)),.UNSPECIFIED.,.F.,.F.,.F.,(4,4),(4,1,4),(0.,1.),
(-0.624233362820584,-0.089176194688655,0.624233362820583),.UNSPECIFIED.);
#164=B_SPLINE_SURFACE_WITH_KNOTS('',3,3,((#6625,#6626,#6627,#6628,#6629,
#6630),(#6631,#6632,#6633,#6634,#6635,#6636),(#6637,#6638,#6639,#6640,#6641,
#6642),(#6643,#6644,#6645,#6646,#6647,#6648),(#6649,#6650,#6651,#6652,#6653,
#6654)),.UNSPECIFIED.,.F.,.F.,.F.,(4,1,4),(4,1,1,4),(0.,0.5,1.),(0.,0.0803796886251598,
0.1339661477086,0.18755260679204),.UNSPECIFIED.);
#165=B_SPLINE_SURFACE_WITH_KNOTS('',3,3,((#6673,#6674,#6675,#6676),(#6677,
#6678,#6679,#6680),(#6681,#6682,#6683,#6684),(#6685,#6686,#6687,#6688)),
 .UNSPECIFIED.,.F.,.F.,.F.,(4,4),(4,4),(0.,1.),(0.536890569143849,0.864942233456918),
 .UNSPECIFIED.);
#166=B_SPLINE_SURFACE_WITH_KNOTS('',3,3,((#6717,#6718,#6719,#6720,#6721,
#6722),(#6723,#6724,#6725,#6726,#6727,#6728),(#6729,#6730,#6731,#6732,#6733,
#6734),(#6735,#6736,#6737,#6738,#6739,#6740),(#6741,#6742,#6743,#6744,#6745,
#6746)),.UNSPECIFIED.,.F.,.F.,.F.,(4,1,4),(4,1,1,4),(0.,0.5,1.),(0.,0.053584790555189,
0.0803771858327836,0.187546766943162),.UNSPECIFIED.);
#167=B_SPLINE_SURFACE_WITH_KNOTS('',3,3,((#6771,#6772,#6773,#6774),(#6775,
#6776,#6777,#6778),(#6779,#6780,#6781,#6782),(#6783,#6784,#6785,#6786)),
 .UNSPECIFIED.,.F.,.F.,.F.,(4,4),(4,4),(0.,1.),(-0.864942233456918,-0.53689056914385),
 .UNSPECIFIED.);
#168=B_SPLINE_SURFACE_WITH_KNOTS('',3,3,((#6811,#6812,#6813,#6814,#6815),
(#6816,#6817,#6818,#6819,#6820),(#6821,#6822,#6823,#6824,#6825),(#6826,
#6827,#6828,#6829,#6830),(#6831,#6832,#6833,#6834,#6835)),.UNSPECIFIED.,
 .F.,.F.,.F.,(4,1,4),(4,1,4),(0.061515490891736,0.530757745445868,1.),(-4.57966997657877E-16,
0.0332087223108979,0.0664174446217963),.UNSPECIFIED.);
#169=B_SPLINE_SURFACE_WITH_KNOTS('',3,3,((#6861,#6862,#6863,#6864,#6865),
(#6866,#6867,#6868,#6869,#6870),(#6871,#6872,#6873,#6874,#6875),(#6876,
#6877,#6878,#6879,#6880),(#6881,#6882,#6883,#6884,#6885)),.UNSPECIFIED.,
 .F.,.F.,.F.,(4,1,4),(4,1,4),(0.0615154908917348,0.530757745445867,1.),
(0.,0.0332087223108983,0.0664174446217966),.UNSPECIFIED.);
#170=B_SPLINE_SURFACE_WITH_KNOTS('',3,3,((#6904,#6905,#6906,#6907,#6908),
(#6909,#6910,#6911,#6912,#6913),(#6914,#6915,#6916,#6917,#6918),(#6919,
#6920,#6921,#6922,#6923)),.UNSPECIFIED.,.F.,.F.,.F.,(4,4),(4,1,4),(0.,1.),
(-0.624233362820583,0.0891761946886546,0.624233362820583),.UNSPECIFIED.);
#171=B_SPLINE_SURFACE_WITH_KNOTS('',3,3,((#6925,#6926,#6927,#6928,#6929,
#6930),(#6931,#6932,#6933,#6934,#6935,#6936),(#6937,#6938,#6939,#6940,#6941,
#6942),(#6943,#6944,#6945,#6946,#6947,#6948),(#6949,#6950,#6951,#6952,#6953,
#6954)),.UNSPECIFIED.,.F.,.F.,.F.,(4,1,4),(4,1,1,4),(0.,0.5,1.),(0.,0.0803796886251597,
0.133966147708599,0.187552606792039),.UNSPECIFIED.);
#172=B_SPLINE_SURFACE_WITH_KNOTS('',3,3,((#6973,#6974,#6975,#6976),(#6977,
#6978,#6979,#6980),(#6981,#6982,#6983,#6984),(#6985,#6986,#6987,#6988)),
 .UNSPECIFIED.,.F.,.F.,.F.,(4,4),(4,4),(0.,1.),(0.536890569143851,0.864942233456918),
 .UNSPECIFIED.);
#173=B_SPLINE_SURFACE_WITH_KNOTS('',3,3,((#6991,#6992,#6993,#6994,#6995,
#6996),(#6997,#6998,#6999,#7000,#7001,#7002),(#7003,#7004,#7005,#7006,#7007,
#7008),(#7009,#7010,#7011,#7012,#7013,#7014),(#7015,#7016,#7017,#7018,#7019,
#7020)),.UNSPECIFIED.,.F.,.F.,.F.,(4,1,4),(4,1,1,4),(0.,0.5,1.),(3.55172670009183E-16,
0.0535847905551894,0.080377185832784,0.187546766943162),.UNSPECIFIED.);
#174=B_SPLINE_SURFACE_WITH_KNOTS('',3,3,((#7045,#7046,#7047,#7048),(#7049,
#7050,#7051,#7052),(#7053,#7054,#7055,#7056),(#7057,#7058,#7059,#7060)),
 .UNSPECIFIED.,.F.,.F.,.F.,(4,4),(4,4),(0.,1.),(-0.864942233456919,-0.536890569143851),
 .UNSPECIFIED.);
#175=B_SPLINE_SURFACE_WITH_KNOTS('',3,3,((#7071,#7072,#7073,#7074,#7075,
#7076,#7077,#7078,#7079,#7080,#7081),(#7082,#7083,#7084,#7085,#7086,#7087,
#7088,#7089,#7090,#7091,#7092),(#7093,#7094,#7095,#7096,#7097,#7098,#7099,
#7100,#7101,#7102,#7103),(#7104,#7105,#7106,#7107,#7108,#7109,#7110,#7111,
#7112,#7113,#7114)),.UNSPECIFIED.,.F.,.F.,.F.,(4,4),(4,1,1,1,1,1,1,1,4),
(0.,1.),(-0.0330469189637192,-0.0180776103266511,-0.00310830168958306,0.0268303155845531,
0.0567689328586893,0.0867075501328255,0.20646201922937,0.326216488325915,
0.805234364712094),.UNSPECIFIED.);
#176=B_SPLINE_SURFACE_WITH_KNOTS('',3,3,((#7150,#7151,#7152,#7153),(#7154,
#7155,#7156,#7157),(#7158,#7159,#7160,#7161),(#7162,#7163,#7164,#7165),
(#7166,#7167,#7168,#7169),(#7170,#7171,#7172,#7173),(#7174,#7175,#7176,
#7177)),.UNSPECIFIED.,.F.,.F.,.F.,(4,1,1,1,4),(4,4),(0.,0.285714285714286,
0.571428571428571,0.714285714285714,1.),(0.,1.),.UNSPECIFIED.);
#177=B_SPLINE_SURFACE_WITH_KNOTS('',3,3,((#7205,#7206,#7207,#7208,#7209,
#7210,#7211,#7212,#7213,#7214),(#7215,#7216,#7217,#7218,#7219,#7220,#7221,
#7222,#7223,#7224),(#7225,#7226,#7227,#7228,#7229,#7230,#7231,#7232,#7233,
#7234),(#7235,#7236,#7237,#7238,#7239,#7240,#7241,#7242,#7243,#7244)),
 .UNSPECIFIED.,.F.,.F.,.F.,(4,4),(4,1,1,1,1,1,1,4),(0.,1.),(0.265819220263671,
0.74483709664985,0.864591565746395,0.98434603484294,1.04422326939121,1.07416188666535,
1.08913119530242,1.10410050393948),.UNSPECIFIED.);
#178=B_SPLINE_SURFACE_WITH_KNOTS('',3,3,((#7282,#7283,#7284,#7285),(#7286,
#7287,#7288,#7289),(#7290,#7291,#7292,#7293),(#7294,#7295,#7296,#7297),
(#7298,#7299,#7300,#7301),(#7302,#7303,#7304,#7305),(#7306,#7307,#7308,
#7309)),.UNSPECIFIED.,.F.,.F.,.F.,(4,1,1,1,4),(4,4),(0.,0.285714285714286,
0.571428571428571,0.714285714285714,1.),(0.,1.),.UNSPECIFIED.);
#179=B_SPLINE_SURFACE_WITH_KNOTS('',3,3,((#7337,#7338,#7339,#7340,#7341,
#7342,#7343,#7344,#7345),(#7346,#7347,#7348,#7349,#7350,#7351,#7352,#7353,
#7354),(#7355,#7356,#7357,#7358,#7359,#7360,#7361,#7362,#7363),(#7364,#7365,
#7366,#7367,#7368,#7369,#7370,#7371,#7372)),.UNSPECIFIED.,.F.,.F.,.F.,(4,
4),(4,1,1,1,1,1,4),(0.,1.),(0.254440314710911,0.381946071650183,0.636957585528727,
0.764463342467999,0.89196909940727,1.01947485634654,1.14698061328581),
 .UNSPECIFIED.);
#180=B_SPLINE_SURFACE_WITH_KNOTS('',3,3,((#7383,#7384,#7385,#7386,#7387,
#7388,#7389,#7390,#7391),(#7392,#7393,#7394,#7395,#7396,#7397,#7398,#7399,
#7400),(#7401,#7402,#7403,#7404,#7405,#7406,#7407,#7408,#7409),(#7410,#7411,
#7412,#7413,#7414,#7415,#7416,#7417,#7418)),.UNSPECIFIED.,.F.,.F.,.F.,(4,
4),(4,1,1,1,1,1,4),(0.,1.),(0.625173272067749,0.752679029179213,1.00769054340214,
1.13519630051361,1.26270205762507,1.39020781473653,1.517713571848),
 .UNSPECIFIED.);
#181=B_SPLINE_SURFACE_WITH_KNOTS('',3,3,((#7427,#7428,#7429,#7430),(#7431,
#7432,#7433,#7434),(#7435,#7436,#7437,#7438),(#7439,#7440,#7441,#7442)),
 .UNSPECIFIED.,.F.,.F.,.F.,(4,4),(4,4),(0.,1.),(0.,1.),.UNSPECIFIED.);
#182=B_SPLINE_SURFACE_WITH_KNOTS('',3,3,((#7500,#7501,#7502,#7503),(#7504,
#7505,#7506,#7507),(#7508,#7509,#7510,#7511),(#7512,#7513,#7514,#7515)),
 .UNSPECIFIED.,.F.,.F.,.F.,(4,4),(4,4),(0.,1.),(0.,1.),.UNSPECIFIED.);
#183=FACE_BOUND('',#523,.T.);
#184=FACE_BOUND('',#644,.T.);
#185=FACE_BOUND('',#645,.T.);
#186=FACE_BOUND('',#646,.T.);
#187=FACE_BOUND('',#665,.T.);
#188=FACE_BOUND('',#680,.T.);
#189=FACE_BOUND('',#683,.T.);
#190=FACE_BOUND('',#687,.T.);
#191=FACE_BOUND('',#691,.T.);
#192=FACE_BOUND('',#695,.T.);
#193=FACE_BOUND('',#726,.T.);
#194=FACE_BOUND('',#729,.T.);
#195=FACE_BOUND('',#733,.T.);
#196=FACE_BOUND('',#736,.T.);
#197=FACE_BOUND('',#739,.T.);
#198=PLANE('',#3799);
#199=PLANE('',#3800);
#200=PLANE('',#3801);
#201=PLANE('',#3804);
#202=PLANE('',#3805);
#203=PLANE('',#3809);
#204=PLANE('',#3810);
#205=PLANE('',#3811);
#206=PLANE('',#3815);
#207=PLANE('',#3842);
#208=PLANE('',#3867);
#209=PLANE('',#3870);
#210=PLANE('',#3871);
#211=PLANE('',#3907);
#212=PLANE('',#3911);
#213=PLANE('',#3913);
#214=PLANE('',#3919);
#215=PLANE('',#3931);
#216=PLANE('',#3932);
#217=PLANE('',#3935);
#218=PLANE('',#3937);
#219=PLANE('',#3938);
#220=PLANE('',#3939);
#221=PLANE('',#3941);
#222=PLANE('',#3943);
#223=PLANE('',#3945);
#224=PLANE('',#3947);
#225=PLANE('',#3958);
#226=PLANE('',#3989);
#227=PLANE('',#4011);
#228=PLANE('',#4028);
#229=PLANE('',#4029);
#230=PLANE('',#4033);
#231=PLANE('',#4035);
#232=PLANE('',#4037);
#233=PLANE('',#4039);
#234=PLANE('',#4040);
#235=PLANE('',#4041);
#236=PLANE('',#4044);
#237=PLANE('',#4045);
#238=PLANE('',#4046);
#239=PLANE('',#4050);
#240=PLANE('',#4053);
#241=PLANE('',#4054);
#242=PLANE('',#4055);
#243=PLANE('',#4056);
#244=PLANE('',#4057);
#245=PLANE('',#4060);
#246=PLANE('',#4061);
#247=PLANE('',#4065);
#248=PLANE('',#4069);
#249=PLANE('',#4072);
#250=PLANE('',#4075);
#251=PLANE('',#4080);
#252=PLANE('',#4086);
#253=PLANE('',#4092);
#254=PLANE('',#4094);
#255=PLANE('',#4095);
#256=PLANE('',#4096);
#257=PLANE('',#4097);
#258=PLANE('',#4098);
#259=PLANE('',#4099);
#260=PLANE('',#4100);
#261=PLANE('',#4101);
#262=PLANE('',#4102);
#263=PLANE('',#4108);
#264=PLANE('',#4109);
#265=PLANE('',#4110);
#266=PLANE('',#4111);
#267=PLANE('',#4112);
#268=PLANE('',#4113);
#269=PLANE('',#4114);
#270=PLANE('',#4115);
#271=PLANE('',#4116);
#272=PLANE('',#4122);
#273=PLANE('',#4124);
#274=PLANE('',#4126);
#275=PLANE('',#4128);
#276=PLANE('',#4130);
#277=PLANE('',#4132);
#278=PLANE('',#4137);
#279=PLANE('',#4141);
#280=PLANE('',#4145);
#281=PLANE('',#4149);
#282=PLANE('',#4150);
#283=PLANE('',#4153);
#284=PLANE('',#4157);
#285=PLANE('',#4161);
#286=PLANE('',#4166);
#287=PLANE('',#4167);
#288=PLANE('',#4168);
#289=FACE_OUTER_BOUND('',#510,.T.);
#290=FACE_OUTER_BOUND('',#511,.T.);
#291=FACE_OUTER_BOUND('',#512,.T.);
#292=FACE_OUTER_BOUND('',#513,.T.);
#293=FACE_OUTER_BOUND('',#514,.T.);
#294=FACE_OUTER_BOUND('',#515,.T.);
#295=FACE_OUTER_BOUND('',#516,.T.);
#296=FACE_OUTER_BOUND('',#517,.T.);
#297=FACE_OUTER_BOUND('',#518,.T.);
#298=FACE_OUTER_BOUND('',#519,.T.);
#299=FACE_OUTER_BOUND('',#520,.T.);
#300=FACE_OUTER_BOUND('',#521,.T.);
#301=FACE_OUTER_BOUND('',#522,.T.);
#302=FACE_OUTER_BOUND('',#524,.T.);
#303=FACE_OUTER_BOUND('',#525,.T.);
#304=FACE_OUTER_BOUND('',#526,.T.);
#305=FACE_OUTER_BOUND('',#527,.T.);
#306=FACE_OUTER_BOUND('',#528,.T.);
#307=FACE_OUTER_BOUND('',#529,.T.);
#308=FACE_OUTER_BOUND('',#530,.T.);
#309=FACE_OUTER_BOUND('',#531,.T.);
#310=FACE_OUTER_BOUND('',#532,.T.);
#311=FACE_OUTER_BOUND('',#533,.T.);
#312=FACE_OUTER_BOUND('',#534,.T.);
#313=FACE_OUTER_BOUND('',#535,.T.);
#314=FACE_OUTER_BOUND('',#536,.T.);
#315=FACE_OUTER_BOUND('',#537,.T.);
#316=FACE_OUTER_BOUND('',#538,.T.);
#317=FACE_OUTER_BOUND('',#539,.T.);
#318=FACE_OUTER_BOUND('',#540,.T.);
#319=FACE_OUTER_BOUND('',#541,.T.);
#320=FACE_OUTER_BOUND('',#542,.T.);
#321=FACE_OUTER_BOUND('',#543,.T.);
#322=FACE_OUTER_BOUND('',#544,.T.);
#323=FACE_OUTER_BOUND('',#545,.T.);
#324=FACE_OUTER_BOUND('',#546,.T.);
#325=FACE_OUTER_BOUND('',#547,.T.);
#326=FACE_OUTER_BOUND('',#548,.T.);
#327=FACE_OUTER_BOUND('',#549,.T.);
#328=FACE_OUTER_BOUND('',#550,.T.);
#329=FACE_OUTER_BOUND('',#551,.T.);
#330=FACE_OUTER_BOUND('',#552,.T.);
#331=FACE_OUTER_BOUND('',#553,.T.);
#332=FACE_OUTER_BOUND('',#554,.T.);
#333=FACE_OUTER_BOUND('',#555,.T.);
#334=FACE_OUTER_BOUND('',#556,.T.);
#335=FACE_OUTER_BOUND('',#557,.T.);
#336=FACE_OUTER_BOUND('',#558,.T.);
#337=FACE_OUTER_BOUND('',#559,.T.);
#338=FACE_OUTER_BOUND('',#560,.T.);
#339=FACE_OUTER_BOUND('',#561,.T.);
#340=FACE_OUTER_BOUND('',#562,.T.);
#341=FACE_OUTER_BOUND('',#563,.T.);
#342=FACE_OUTER_BOUND('',#564,.T.);
#343=FACE_OUTER_BOUND('',#565,.T.);
#344=FACE_OUTER_BOUND('',#566,.T.);
#345=FACE_OUTER_BOUND('',#567,.T.);
#346=FACE_OUTER_BOUND('',#568,.T.);
#347=FACE_OUTER_BOUND('',#569,.T.);
#348=FACE_OUTER_BOUND('',#570,.T.);
#349=FACE_OUTER_BOUND('',#571,.T.);
#350=FACE_OUTER_BOUND('',#572,.T.);
#351=FACE_OUTER_BOUND('',#573,.T.);
#352=FACE_OUTER_BOUND('',#574,.T.);
#353=FACE_OUTER_BOUND('',#575,.T.);
#354=FACE_OUTER_BOUND('',#576,.T.);
#355=FACE_OUTER_BOUND('',#577,.T.);
#356=FACE_OUTER_BOUND('',#578,.T.);
#357=FACE_OUTER_BOUND('',#579,.T.);
#358=FACE_OUTER_BOUND('',#580,.T.);
#359=FACE_OUTER_BOUND('',#581,.T.);
#360=FACE_OUTER_BOUND('',#582,.T.);
#361=FACE_OUTER_BOUND('',#583,.T.);
#362=FACE_OUTER_BOUND('',#584,.T.);
#363=FACE_OUTER_BOUND('',#585,.T.);
#364=FACE_OUTER_BOUND('',#586,.T.);
#365=FACE_OUTER_BOUND('',#587,.T.);
#366=FACE_OUTER_BOUND('',#588,.T.);
#367=FACE_OUTER_BOUND('',#589,.T.);
#368=FACE_OUTER_BOUND('',#590,.T.);
#369=FACE_OUTER_BOUND('',#591,.T.);
#370=FACE_OUTER_BOUND('',#592,.T.);
#371=FACE_OUTER_BOUND('',#593,.T.);
#372=FACE_OUTER_BOUND('',#594,.T.);
#373=FACE_OUTER_BOUND('',#595,.T.);
#374=FACE_OUTER_BOUND('',#596,.T.);
#375=FACE_OUTER_BOUND('',#597,.T.);
#376=FACE_OUTER_BOUND('',#598,.T.);
#377=FACE_OUTER_BOUND('',#599,.T.);
#378=FACE_OUTER_BOUND('',#600,.T.);
#379=FACE_OUTER_BOUND('',#601,.T.);
#380=FACE_OUTER_BOUND('',#602,.T.);
#381=FACE_OUTER_BOUND('',#603,.T.);
#382=FACE_OUTER_BOUND('',#604,.T.);
#383=FACE_OUTER_BOUND('',#605,.T.);
#384=FACE_OUTER_BOUND('',#606,.T.);
#385=FACE_OUTER_BOUND('',#607,.T.);
#386=FACE_OUTER_BOUND('',#608,.T.);
#387=FACE_OUTER_BOUND('',#609,.T.);
#388=FACE_OUTER_BOUND('',#610,.T.);
#389=FACE_OUTER_BOUND('',#611,.T.);
#390=FACE_OUTER_BOUND('',#612,.T.);
#391=FACE_OUTER_BOUND('',#613,.T.);
#392=FACE_OUTER_BOUND('',#614,.T.);
#393=FACE_OUTER_BOUND('',#615,.T.);
#394=FACE_OUTER_BOUND('',#616,.T.);
#395=FACE_OUTER_BOUND('',#617,.T.);
#396=FACE_OUTER_BOUND('',#618,.T.);
#397=FACE_OUTER_BOUND('',#619,.T.);
#398=FACE_OUTER_BOUND('',#620,.T.);
#399=FACE_OUTER_BOUND('',#621,.T.);
#400=FACE_OUTER_BOUND('',#622,.T.);
#401=FACE_OUTER_BOUND('',#623,.T.);
#402=FACE_OUTER_BOUND('',#624,.T.);
#403=FACE_OUTER_BOUND('',#625,.T.);
#404=FACE_OUTER_BOUND('',#626,.T.);
#405=FACE_OUTER_BOUND('',#627,.T.);
#406=FACE_OUTER_BOUND('',#628,.T.);
#407=FACE_OUTER_BOUND('',#629,.T.);
#408=FACE_OUTER_BOUND('',#630,.T.);
#409=FACE_OUTER_BOUND('',#631,.T.);
#410=FACE_OUTER_BOUND('',#632,.T.);
#411=FACE_OUTER_BOUND('',#633,.T.);
#412=FACE_OUTER_BOUND('',#634,.T.);
#413=FACE_OUTER_BOUND('',#635,.T.);
#414=FACE_OUTER_BOUND('',#636,.T.);
#415=FACE_OUTER_BOUND('',#637,.T.);
#416=FACE_OUTER_BOUND('',#638,.T.);
#417=FACE_OUTER_BOUND('',#639,.T.);
#418=FACE_OUTER_BOUND('',#640,.T.);
#419=FACE_OUTER_BOUND('',#641,.T.);
#420=FACE_OUTER_BOUND('',#642,.T.);
#421=FACE_OUTER_BOUND('',#643,.T.);
#422=FACE_OUTER_BOUND('',#647,.T.);
#423=FACE_OUTER_BOUND('',#648,.T.);
#424=FACE_OUTER_BOUND('',#649,.T.);
#425=FACE_OUTER_BOUND('',#650,.T.);
#426=FACE_OUTER_BOUND('',#651,.T.);
#427=FACE_OUTER_BOUND('',#652,.T.);
#428=FACE_OUTER_BOUND('',#653,.T.);
#429=FACE_OUTER_BOUND('',#654,.T.);
#430=FACE_OUTER_BOUND('',#655,.T.);
#431=FACE_OUTER_BOUND('',#656,.T.);
#432=FACE_OUTER_BOUND('',#657,.T.);
#433=FACE_OUTER_BOUND('',#658,.T.);
#434=FACE_OUTER_BOUND('',#659,.T.);
#435=FACE_OUTER_BOUND('',#660,.T.);
#436=FACE_OUTER_BOUND('',#661,.T.);
#437=FACE_OUTER_BOUND('',#662,.T.);
#438=FACE_OUTER_BOUND('',#663,.T.);
#439=FACE_OUTER_BOUND('',#664,.T.);
#440=FACE_OUTER_BOUND('',#666,.T.);
#441=FACE_OUTER_BOUND('',#667,.T.);
#442=FACE_OUTER_BOUND('',#668,.T.);
#443=FACE_OUTER_BOUND('',#669,.T.);
#444=FACE_OUTER_BOUND('',#670,.T.);
#445=FACE_OUTER_BOUND('',#671,.T.);
#446=FACE_OUTER_BOUND('',#672,.T.);
#447=FACE_OUTER_BOUND('',#673,.T.);
#448=FACE_OUTER_BOUND('',#674,.T.);
#449=FACE_OUTER_BOUND('',#675,.T.);
#450=FACE_OUTER_BOUND('',#676,.T.);
#451=FACE_OUTER_BOUND('',#677,.T.);
#452=FACE_OUTER_BOUND('',#678,.T.);
#453=FACE_OUTER_BOUND('',#679,.T.);
#454=FACE_OUTER_BOUND('',#681,.T.);
#455=FACE_OUTER_BOUND('',#682,.T.);
#456=FACE_OUTER_BOUND('',#684,.T.);
#457=FACE_OUTER_BOUND('',#685,.T.);
#458=FACE_OUTER_BOUND('',#686,.T.);
#459=FACE_OUTER_BOUND('',#688,.T.);
#460=FACE_OUTER_BOUND('',#689,.T.);
#461=FACE_OUTER_BOUND('',#690,.T.);
#462=FACE_OUTER_BOUND('',#692,.T.);
#463=FACE_OUTER_BOUND('',#693,.T.);
#464=FACE_OUTER_BOUND('',#694,.T.);
#465=FACE_OUTER_BOUND('',#696,.T.);
#466=FACE_OUTER_BOUND('',#697,.T.);
#467=FACE_OUTER_BOUND('',#698,.T.);
#468=FACE_OUTER_BOUND('',#699,.T.);
#469=FACE_OUTER_BOUND('',#700,.T.);
#470=FACE_OUTER_BOUND('',#701,.T.);
#471=FACE_OUTER_BOUND('',#702,.T.);
#472=FACE_OUTER_BOUND('',#703,.T.);
#473=FACE_OUTER_BOUND('',#704,.T.);
#474=FACE_OUTER_BOUND('',#705,.T.);
#475=FACE_OUTER_BOUND('',#706,.T.);
#476=FACE_OUTER_BOUND('',#707,.T.);
#477=FACE_OUTER_BOUND('',#708,.T.);
#478=FACE_OUTER_BOUND('',#709,.T.);
#479=FACE_OUTER_BOUND('',#710,.T.);
#480=FACE_OUTER_BOUND('',#711,.T.);
#481=FACE_OUTER_BOUND('',#712,.T.);
#482=FACE_OUTER_BOUND('',#713,.T.);
#483=FACE_OUTER_BOUND('',#714,.T.);
#484=FACE_OUTER_BOUND('',#715,.T.);
#485=FACE_OUTER_BOUND('',#716,.T.);
#486=FACE_OUTER_BOUND('',#717,.T.);
#487=FACE_OUTER_BOUND('',#718,.T.);
#488=FACE_OUTER_BOUND('',#719,.T.);
#489=FACE_OUTER_BOUND('',#720,.T.);
#490=FACE_OUTER_BOUND('',#721,.T.);
#491=FACE_OUTER_BOUND('',#722,.T.);
#492=FACE_OUTER_BOUND('',#723,.T.);
#493=FACE_OUTER_BOUND('',#724,.T.);
#494=FACE_OUTER_BOUND('',#725,.T.);
#495=FACE_OUTER_BOUND('',#727,.T.);
#496=FACE_OUTER_BOUND('',#728,.T.);
#497=FACE_OUTER_BOUND('',#730,.T.);
#498=FACE_OUTER_BOUND('',#731,.T.);
#499=FACE_OUTER_BOUND('',#732,.T.);
#500=FACE_OUTER_BOUND('',#734,.T.);
#501=FACE_OUTER_BOUND('',#735,.T.);
#502=FACE_OUTER_BOUND('',#737,.T.);
#503=FACE_OUTER_BOUND('',#738,.T.);
#504=FACE_OUTER_BOUND('',#740,.T.);
#505=FACE_OUTER_BOUND('',#741,.T.);
#506=FACE_OUTER_BOUND('',#742,.T.);
#507=FACE_OUTER_BOUND('',#743,.T.);
#508=FACE_OUTER_BOUND('',#744,.T.);
#509=FACE_OUTER_BOUND('',#745,.T.);
#510=EDGE_LOOP('',(#2322,#2323,#2324,#2325));
#511=EDGE_LOOP('',(#2326,#2327,#2328,#2329));
#512=EDGE_LOOP('',(#2330,#2331,#2332,#2333,#2334,#2335,#2336,#2337,#2338));
#513=EDGE_LOOP('',(#2339,#2340,#2341,#2342,#2343,#2344,#2345,#2346,#2347,
#2348,#2349));
#514=EDGE_LOOP('',(#2350,#2351,#2352,#2353));
#515=EDGE_LOOP('',(#2354,#2355,#2356,#2357));
#516=EDGE_LOOP('',(#2358,#2359,#2360,#2361,#2362));
#517=EDGE_LOOP('',(#2363,#2364,#2365,#2366));
#518=EDGE_LOOP('',(#2367,#2368,#2369,#2370,#2371,#2372));
#519=EDGE_LOOP('',(#2373,#2374,#2375,#2376));
#520=EDGE_LOOP('',(#2377,#2378,#2379,#2380));
#521=EDGE_LOOP('',(#2381,#2382,#2383,#2384,#2385));
#522=EDGE_LOOP('',(#2386,#2387,#2388,#2389,#2390,#2391,#2392,#2393,#2394,
#2395,#2396,#2397));
#523=EDGE_LOOP('',(#2398,#2399,#2400,#2401,#2402,#2403,#2404,#2405,#2406,
#2407,#2408,#2409,#2410,#2411,#2412,#2413,#2414,#2415));
#524=EDGE_LOOP('',(#2416,#2417,#2418,#2419));
#525=EDGE_LOOP('',(#2420,#2421,#2422,#2423));
#526=EDGE_LOOP('',(#2424,#2425,#2426,#2427));
#527=EDGE_LOOP('',(#2428,#2429,#2430,#2431));
#528=EDGE_LOOP('',(#2432,#2433,#2434,#2435));
#529=EDGE_LOOP('',(#2436,#2437,#2438,#2439,#2440,#2441));
#530=EDGE_LOOP('',(#2442,#2443,#2444,#2445,#2446,#2447,#2448,#2449));
#531=EDGE_LOOP('',(#2450,#2451,#2452,#2453));
#532=EDGE_LOOP('',(#2454,#2455,#2456,#2457));
#533=EDGE_LOOP('',(#2458,#2459,#2460,#2461));
#534=EDGE_LOOP('',(#2462,#2463,#2464,#2465));
#535=EDGE_LOOP('',(#2466,#2467,#2468,#2469));
#536=EDGE_LOOP('',(#2470,#2471,#2472,#2473));
#537=EDGE_LOOP('',(#2474,#2475,#2476,#2477));
#538=EDGE_LOOP('',(#2478,#2479,#2480,#2481));
#539=EDGE_LOOP('',(#2482,#2483,#2484,#2485,#2486));
#540=EDGE_LOOP('',(#2487,#2488,#2489,#2490));
#541=EDGE_LOOP('',(#2491,#2492,#2493,#2494));
#542=EDGE_LOOP('',(#2495,#2496,#2497,#2498,#2499));
#543=EDGE_LOOP('',(#2500,#2501,#2502,#2503,#2504,#2505,#2506,#2507));
#544=EDGE_LOOP('',(#2508,#2509,#2510));
#545=EDGE_LOOP('',(#2511,#2512,#2513,#2514,#2515,#2516,#2517));
#546=EDGE_LOOP('',(#2518,#2519,#2520,#2521));
#547=EDGE_LOOP('',(#2522,#2523,#2524,#2525));
#548=EDGE_LOOP('',(#2526,#2527,#2528,#2529));
#549=EDGE_LOOP('',(#2530,#2531,#2532,#2533));
#550=EDGE_LOOP('',(#2534,#2535,#2536,#2537));
#551=EDGE_LOOP('',(#2538,#2539,#2540,#2541));
#552=EDGE_LOOP('',(#2542,#2543,#2544,#2545));
#553=EDGE_LOOP('',(#2546,#2547,#2548,#2549));
#554=EDGE_LOOP('',(#2550,#2551,#2552,#2553));
#555=EDGE_LOOP('',(#2554,#2555,#2556,#2557,#2558));
#556=EDGE_LOOP('',(#2559,#2560,#2561,#2562,#2563));
#557=EDGE_LOOP('',(#2564,#2565,#2566,#2567,#2568));
#558=EDGE_LOOP('',(#2569,#2570,#2571,#2572,#2573,#2574,#2575));
#559=EDGE_LOOP('',(#2576,#2577,#2578,#2579,#2580));
#560=EDGE_LOOP('',(#2581,#2582,#2583,#2584,#2585,#2586,#2587,#2588,#2589,
#2590,#2591,#2592,#2593,#2594,#2595,#2596,#2597,#2598,#2599,#2600,#2601,
#2602,#2603,#2604));
#561=EDGE_LOOP('',(#2605,#2606,#2607,#2608,#2609));
#562=EDGE_LOOP('',(#2610,#2611,#2612,#2613));
#563=EDGE_LOOP('',(#2614,#2615,#2616,#2617,#2618));
#564=EDGE_LOOP('',(#2619,#2620,#2621,#2622,#2623));
#565=EDGE_LOOP('',(#2624,#2625,#2626,#2627,#2628));
#566=EDGE_LOOP('',(#2629,#2630,#2631,#2632));
#567=EDGE_LOOP('',(#2633,#2634,#2635,#2636,#2637,#2638,#2639));
#568=EDGE_LOOP('',(#2640,#2641,#2642,#2643,#2644,#2645,#2646));
#569=EDGE_LOOP('',(#2647,#2648,#2649,#2650));
#570=EDGE_LOOP('',(#2651,#2652,#2653,#2654,#2655));
#571=EDGE_LOOP('',(#2656,#2657,#2658,#2659,#2660,#2661,#2662));
#572=EDGE_LOOP('',(#2663,#2664,#2665,#2666,#2667,#2668,#2669));
#573=EDGE_LOOP('',(#2670,#2671,#2672,#2673,#2674));
#574=EDGE_LOOP('',(#2675,#2676,#2677,#2678,#2679));
#575=EDGE_LOOP('',(#2680,#2681,#2682,#2683,#2684));
#576=EDGE_LOOP('',(#2685,#2686,#2687,#2688));
#577=EDGE_LOOP('',(#2689,#2690,#2691,#2692,#2693,#2694));
#578=EDGE_LOOP('',(#2695,#2696,#2697,#2698));
#579=EDGE_LOOP('',(#2699,#2700,#2701,#2702));
#580=EDGE_LOOP('',(#2703,#2704,#2705,#2706));
#581=EDGE_LOOP('',(#2707,#2708,#2709,#2710,#2711,#2712));
#582=EDGE_LOOP('',(#2713,#2714,#2715,#2716,#2717));
#583=EDGE_LOOP('',(#2718,#2719,#2720,#2721,#2722,#2723,#2724,#2725));
#584=EDGE_LOOP('',(#2726,#2727,#2728,#2729));
#585=EDGE_LOOP('',(#2730,#2731,#2732,#2733));
#586=EDGE_LOOP('',(#2734,#2735,#2736,#2737));
#587=EDGE_LOOP('',(#2738,#2739,#2740,#2741,#2742));
#588=EDGE_LOOP('',(#2743,#2744,#2745,#2746));
#589=EDGE_LOOP('',(#2747,#2748,#2749,#2750));
#590=EDGE_LOOP('',(#2751,#2752,#2753,#2754));
#591=EDGE_LOOP('',(#2755,#2756,#2757,#2758,#2759));
#592=EDGE_LOOP('',(#2760,#2761,#2762,#2763));
#593=EDGE_LOOP('',(#2764,#2765,#2766,#2767));
#594=EDGE_LOOP('',(#2768,#2769,#2770,#2771));
#595=EDGE_LOOP('',(#2772,#2773,#2774,#2775));
#596=EDGE_LOOP('',(#2776,#2777,#2778,#2779));
#597=EDGE_LOOP('',(#2780,#2781,#2782,#2783,#2784,#2785,#2786,#2787,#2788));
#598=EDGE_LOOP('',(#2789,#2790,#2791,#2792,#2793,#2794,#2795,#2796,#2797,
#2798,#2799));
#599=EDGE_LOOP('',(#2800,#2801,#2802,#2803));
#600=EDGE_LOOP('',(#2804,#2805,#2806,#2807));
#601=EDGE_LOOP('',(#2808,#2809,#2810,#2811));
#602=EDGE_LOOP('',(#2812,#2813,#2814,#2815));
#603=EDGE_LOOP('',(#2816,#2817,#2818,#2819));
#604=EDGE_LOOP('',(#2820,#2821,#2822,#2823));
#605=EDGE_LOOP('',(#2824,#2825,#2826));
#606=EDGE_LOOP('',(#2827,#2828,#2829));
#607=EDGE_LOOP('',(#2830,#2831,#2832,#2833,#2834,#2835));
#608=EDGE_LOOP('',(#2836,#2837,#2838,#2839));
#609=EDGE_LOOP('',(#2840,#2841,#2842,#2843));
#610=EDGE_LOOP('',(#2844,#2845,#2846,#2847,#2848));
#611=EDGE_LOOP('',(#2849,#2850,#2851,#2852));
#612=EDGE_LOOP('',(#2853,#2854,#2855,#2856));
#613=EDGE_LOOP('',(#2857,#2858,#2859,#2860));
#614=EDGE_LOOP('',(#2861,#2862,#2863,#2864,#2865));
#615=EDGE_LOOP('',(#2866,#2867,#2868,#2869));
#616=EDGE_LOOP('',(#2870,#2871,#2872,#2873));
#617=EDGE_LOOP('',(#2874,#2875,#2876,#2877,#2878,#2879));
#618=EDGE_LOOP('',(#2880,#2881));
#619=EDGE_LOOP('',(#2882,#2883,#2884,#2885));
#620=EDGE_LOOP('',(#2886,#2887));
#621=EDGE_LOOP('',(#2888,#2889,#2890,#2891));
#622=EDGE_LOOP('',(#2892,#2893,#2894,#2895));
#623=EDGE_LOOP('',(#2896,#2897,#2898,#2899,#2900));
#624=EDGE_LOOP('',(#2901,#2902,#2903,#2904));
#625=EDGE_LOOP('',(#2905,#2906,#2907,#2908));
#626=EDGE_LOOP('',(#2909,#2910,#2911,#2912));
#627=EDGE_LOOP('',(#2913,#2914,#2915,#2916,#2917));
#628=EDGE_LOOP('',(#2918,#2919,#2920,#2921));
#629=EDGE_LOOP('',(#2922,#2923,#2924,#2925));
#630=EDGE_LOOP('',(#2926,#2927,#2928,#2929,#2930,#2931));
#631=EDGE_LOOP('',(#2932,#2933));
#632=EDGE_LOOP('',(#2934,#2935,#2936,#2937));
#633=EDGE_LOOP('',(#2938,#2939));
#634=EDGE_LOOP('',(#2940,#2941,#2942,#2943));
#635=EDGE_LOOP('',(#2944,#2945,#2946,#2947));
#636=EDGE_LOOP('',(#2948,#2949,#2950,#2951,#2952));
#637=EDGE_LOOP('',(#2953,#2954,#2955,#2956));
#638=EDGE_LOOP('',(#2957,#2958,#2959,#2960));
#639=EDGE_LOOP('',(#2961,#2962,#2963,#2964));
#640=EDGE_LOOP('',(#2965,#2966,#2967,#2968,#2969));
#641=EDGE_LOOP('',(#2970,#2971,#2972,#2973));
#642=EDGE_LOOP('',(#2974,#2975));
#643=EDGE_LOOP('',(#2976,#2977,#2978,#2979));
#644=EDGE_LOOP('',(#2980,#2981,#2982,#2983,#2984,#2985,#2986,#2987));
#645=EDGE_LOOP('',(#2988,#2989,#2990,#2991,#2992,#2993,#2994,#2995));
#646=EDGE_LOOP('',(#2996,#2997,#2998,#2999,#3000,#3001,#3002,#3003));
#647=EDGE_LOOP('',(#3004,#3005,#3006,#3007));
#648=EDGE_LOOP('',(#3008,#3009,#3010,#3011,#3012,#3013,#3014,#3015));
#649=EDGE_LOOP('',(#3016,#3017,#3018,#3019));
#650=EDGE_LOOP('',(#3020,#3021,#3022,#3023,#3024,#3025,#3026,#3027));
#651=EDGE_LOOP('',(#3028,#3029,#3030,#3031,#3032));
#652=EDGE_LOOP('',(#3033,#3034,#3035,#3036,#3037));
#653=EDGE_LOOP('',(#3038,#3039,#3040,#3041,#3042));
#654=EDGE_LOOP('',(#3043));
#655=EDGE_LOOP('',(#3044));
#656=EDGE_LOOP('',(#3045));
#657=EDGE_LOOP('',(#3046,#3047,#3048,#3049));
#658=EDGE_LOOP('',(#3050,#3051,#3052,#3053));
#659=EDGE_LOOP('',(#3054,#3055,#3056,#3057));
#660=EDGE_LOOP('',(#3058,#3059,#3060,#3061));
#661=EDGE_LOOP('',(#3062,#3063,#3064,#3065));
#662=EDGE_LOOP('',(#3066,#3067,#3068,#3069));
#663=EDGE_LOOP('',(#3070,#3071,#3072,#3073,#3074));
#664=EDGE_LOOP('',(#3075,#3076,#3077,#3078,#3079,#3080));
#665=EDGE_LOOP('',(#3081,#3082,#3083,#3084,#3085,#3086));
#666=EDGE_LOOP('',(#3087,#3088,#3089,#3090));
#667=EDGE_LOOP('',(#3091,#3092,#3093,#3094,#3095));
#668=EDGE_LOOP('',(#3096,#3097,#3098,#3099,#3100));
#669=EDGE_LOOP('',(#3101,#3102,#3103,#3104,#3105));
#670=EDGE_LOOP('',(#3106,#3107));
#671=EDGE_LOOP('',(#3108,#3109,#3110,#3111,#3112,#3113));
#672=EDGE_LOOP('',(#3114,#3115));
#673=EDGE_LOOP('',(#3116,#3117));
#674=EDGE_LOOP('',(#3118,#3119,#3120,#3121));
#675=EDGE_LOOP('',(#3122));
#676=EDGE_LOOP('',(#3123,#3124,#3125,#3126));
#677=EDGE_LOOP('',(#3127));
#678=EDGE_LOOP('',(#3128,#3129,#3130,#3131,#3132,#3133,#3134,#3135));
#679=EDGE_LOOP('',(#3136));
#680=EDGE_LOOP('',(#3137));
#681=EDGE_LOOP('',(#3138,#3139,#3140,#3141,#3142,#3143,#3144,#3145));
#682=EDGE_LOOP('',(#3146));
#683=EDGE_LOOP('',(#3147));
#684=EDGE_LOOP('',(#3148,#3149,#3150,#3151));
#685=EDGE_LOOP('',(#3152,#3153,#3154,#3155));
#686=EDGE_LOOP('',(#3156));
#687=EDGE_LOOP('',(#3157));
#688=EDGE_LOOP('',(#3158,#3159,#3160,#3161));
#689=EDGE_LOOP('',(#3162,#3163,#3164,#3165));
#690=EDGE_LOOP('',(#3166));
#691=EDGE_LOOP('',(#3167));
#692=EDGE_LOOP('',(#3168,#3169,#3170,#3171));
#693=EDGE_LOOP('',(#3172,#3173,#3174,#3175));
#694=EDGE_LOOP('',(#3176));
#695=EDGE_LOOP('',(#3177));
#696=EDGE_LOOP('',(#3178,#3179,#3180,#3181));
#697=EDGE_LOOP('',(#3182,#3183,#3184,#3185));
#698=EDGE_LOOP('',(#3186,#3187,#3188,#3189));
#699=EDGE_LOOP('',(#3190,#3191,#3192,#3193));
#700=EDGE_LOOP('',(#3194,#3195,#3196,#3197));
#701=EDGE_LOOP('',(#3198,#3199,#3200,#3201));
#702=EDGE_LOOP('',(#3202,#3203,#3204,#3205));
#703=EDGE_LOOP('',(#3206,#3207,#3208,#3209));
#704=EDGE_LOOP('',(#3210,#3211,#3212,#3213,#3214,#3215,#3216,#3217,#3218,
#3219,#3220,#3221,#3222));
#705=EDGE_LOOP('',(#3223,#3224,#3225,#3226));
#706=EDGE_LOOP('',(#3227,#3228,#3229,#3230));
#707=EDGE_LOOP('',(#3231,#3232,#3233,#3234));
#708=EDGE_LOOP('',(#3235,#3236,#3237,#3238));
#709=EDGE_LOOP('',(#3239,#3240,#3241,#3242));
#710=EDGE_LOOP('',(#3243,#3244,#3245,#3246));
#711=EDGE_LOOP('',(#3247,#3248,#3249,#3250));
#712=EDGE_LOOP('',(#3251,#3252,#3253,#3254));
#713=EDGE_LOOP('',(#3255,#3256,#3257,#3258,#3259,#3260,#3261,#3262,#3263,
#3264,#3265,#3266,#3267));
#714=EDGE_LOOP('',(#3268,#3269,#3270));
#715=EDGE_LOOP('',(#3271,#3272,#3273));
#716=EDGE_LOOP('',(#3274,#3275,#3276));
#717=EDGE_LOOP('',(#3277,#3278,#3279));
#718=EDGE_LOOP('',(#3280,#3281,#3282));
#719=EDGE_LOOP('',(#3283,#3284,#3285));
#720=EDGE_LOOP('',(#3286,#3287,#3288,#3289,#3290,#3291,#3292,#3293,#3294,
#3295,#3296,#3297,#3298,#3299,#3300,#3301,#3302,#3303,#3304,#3305));
#721=EDGE_LOOP('',(#3306,#3307,#3308));
#722=EDGE_LOOP('',(#3309,#3310,#3311,#3312,#3313,#3314,#3315,#3316,#3317,
#3318,#3319,#3320,#3321,#3322,#3323,#3324,#3325,#3326,#3327,#3328));
#723=EDGE_LOOP('',(#3329,#3330,#3331));
#724=EDGE_LOOP('',(#3332,#3333,#3334,#3335,#3336));
#725=EDGE_LOOP('',(#3337));
#726=EDGE_LOOP('',(#3338));
#727=EDGE_LOOP('',(#3339,#3340,#3341,#3342,#3343));
#728=EDGE_LOOP('',(#3344));
#729=EDGE_LOOP('',(#3345));
#730=EDGE_LOOP('',(#3346,#3347,#3348,#3349));
#731=EDGE_LOOP('',(#3350,#3351,#3352,#3353,#3354,#3355,#3356));
#732=EDGE_LOOP('',(#3357));
#733=EDGE_LOOP('',(#3358));
#734=EDGE_LOOP('',(#3359,#3360,#3361,#3362,#3363,#3364,#3365,#3366,#3367));
#735=EDGE_LOOP('',(#3368));
#736=EDGE_LOOP('',(#3369));
#737=EDGE_LOOP('',(#3370,#3371,#3372,#3373,#3374,#3375,#3376));
#738=EDGE_LOOP('',(#3377));
#739=EDGE_LOOP('',(#3378));
#740=EDGE_LOOP('',(#3379,#3380,#3381,#3382));
#741=EDGE_LOOP('',(#3383,#3384,#3385,#3386));
#742=EDGE_LOOP('',(#3387,#3388,#3389,#3390));
#743=EDGE_LOOP('',(#3391,#3392,#3393,#3394,#3395,#3396,#3397,#3398));
#744=EDGE_LOOP('',(#3399,#3400,#3401,#3402,#3403,#3404));
#745=EDGE_LOOP('',(#3405,#3406,#3407,#3408,#3409));
#746=CIRCLE('',#3784,4.);
#747=CIRCLE('',#3785,4.);
#748=CIRCLE('',#3787,0.65);
#749=CIRCLE('',#3788,0.65);
#750=CIRCLE('',#3790,0.65);
#751=CIRCLE('',#3791,0.65);
#752=CIRCLE('',#3792,0.65);
#753=CIRCLE('',#3794,4.);
#754=CIRCLE('',#3795,4.);
#755=CIRCLE('',#3796,4.);
#756=CIRCLE('',#3797,4.);
#757=CIRCLE('',#3798,4.);
#758=CIRCLE('',#3802,1.5);
#759=CIRCLE('',#3803,1.5);
#760=CIRCLE('',#3806,0.65);
#761=CIRCLE('',#3807,4.);
#762=CIRCLE('',#3808,0.65);
#763=CIRCLE('',#3812,1.5);
#764=CIRCLE('',#3813,4.);
#765=CIRCLE('',#3814,1.5);
#766=CIRCLE('',#3816,4.5);
#767=CIRCLE('',#3817,4.5);
#768=CIRCLE('',#3818,2.);
#769=CIRCLE('',#3819,4.5);
#770=CIRCLE('',#3820,4.5);
#771=CIRCLE('',#3821,2.);
#772=CIRCLE('',#3822,4.);
#773=CIRCLE('',#3823,1.5);
#774=CIRCLE('',#3824,4.);
#775=CIRCLE('',#3825,0.65);
#776=CIRCLE('',#3826,0.65);
#777=CIRCLE('',#3827,0.65);
#778=CIRCLE('',#3828,4.);
#779=CIRCLE('',#3829,1.5);
#780=CIRCLE('',#3830,0.5);
#781=CIRCLE('',#3832,0.5);
#782=CIRCLE('',#3833,0.5);
#783=CIRCLE('',#3834,0.797631245172218);
#784=CIRCLE('',#3835,0.313508326896292);
#785=CIRCLE('',#3837,0.5);
#786=CIRCLE('',#3838,0.5);
#787=CIRCLE('',#3839,0.79763124517222);
#788=CIRCLE('',#3840,0.313508326896292);
#789=CIRCLE('',#3843,0.75);
#790=CIRCLE('',#3845,0.5);
#791=CIRCLE('',#3846,0.5);
#792=CIRCLE('',#3847,0.5);
#793=CIRCLE('',#3848,0.25);
#794=CIRCLE('',#3849,0.75);
#795=CIRCLE('',#3851,0.5);
#796=CIRCLE('',#3852,0.5);
#797=CIRCLE('',#3853,0.25);
#798=CIRCLE('',#3854,0.75);
#799=CIRCLE('',#3856,0.5);
#800=CIRCLE('',#3857,0.499999999999998);
#801=CIRCLE('',#3858,0.25);
#802=CIRCLE('',#3859,0.75);
#803=CIRCLE('',#3861,0.5);
#804=CIRCLE('',#3862,0.75);
#805=CIRCLE('',#3863,0.25);
#806=CIRCLE('',#3865,0.75);
#807=CIRCLE('',#3866,0.75);
#808=CIRCLE('',#3869,0.75);
#809=CIRCLE('',#3875,0.75);
#810=CIRCLE('',#3876,1.5);
#811=CIRCLE('',#3877,2.25);
#812=CIRCLE('',#3878,1.5);
#813=CIRCLE('',#3880,1.5);
#814=CIRCLE('',#3882,2.25);
#815=CIRCLE('',#3883,1.5);
#816=CIRCLE('',#3885,1.5);
#817=CIRCLE('',#3887,2.25);
#818=CIRCLE('',#3888,1.5);
#819=CIRCLE('',#3891,0.75);
#820=CIRCLE('',#3892,1.5);
#821=CIRCLE('',#3894,1.5);
#822=CIRCLE('',#3895,2.25);
#823=CIRCLE('',#3896,1.5);
#824=CIRCLE('',#3898,1.5);
#825=CIRCLE('',#3900,1.5);
#826=CIRCLE('',#3901,2.25);
#827=CIRCLE('',#3904,1.5);
#828=CIRCLE('',#3906,4.5);
#829=CIRCLE('',#3915,2.);
#830=CIRCLE('',#3916,2.);
#831=CIRCLE('',#3917,4.);
#832=CIRCLE('',#3921,2.);
#833=CIRCLE('',#3922,2.);
#834=CIRCLE('',#3924,2.);
#835=CIRCLE('',#3926,4.);
#836=CIRCLE('',#3927,2.);
#837=CIRCLE('',#3929,2.);
#838=CIRCLE('',#3930,2.);
#839=CIRCLE('',#3933,4.5);
#840=CIRCLE('',#3934,4.5);
#841=CIRCLE('',#3936,4.5);
#842=CIRCLE('',#3949,4.);
#843=CIRCLE('',#3951,0.65);
#844=CIRCLE('',#3953,0.65);
#845=CIRCLE('',#3955,0.65);
#846=CIRCLE('',#3957,4.);
#847=CIRCLE('',#3960,0.5);
#848=CIRCLE('',#3961,2.4);
#849=CIRCLE('',#3962,0.500000000000001);
#850=CIRCLE('',#3963,2.65);
#851=CIRCLE('',#3964,0.500000000053559);
#852=CIRCLE('',#3965,0.499999999999996);
#853=CIRCLE('',#3966,0.499999999999999);
#854=CIRCLE('',#3967,0.500000000000006);
#855=CIRCLE('',#3971,0.5);
#856=CIRCLE('',#3972,0.499999999999998);
#857=CIRCLE('',#3975,0.5);
#858=CIRCLE('',#3976,0.5);
#859=CIRCLE('',#3978,1.9);
#860=CIRCLE('',#3979,2.4);
#861=CIRCLE('',#3983,0.5);
#862=CIRCLE('',#3985,2.4);
#863=CIRCLE('',#3987,0.500000000000001);
#864=CIRCLE('',#3988,2.65);
#865=CIRCLE('',#3993,0.5);
#866=CIRCLE('',#3994,0.499999999999998);
#867=CIRCLE('',#3997,0.5);
#868=CIRCLE('',#3998,0.5);
#869=CIRCLE('',#4000,1.9);
#870=CIRCLE('',#4001,2.4);
#871=CIRCLE('',#4005,0.5);
#872=CIRCLE('',#4007,2.4);
#873=CIRCLE('',#4009,0.500000000000001);
#874=CIRCLE('',#4010,2.65);
#875=CIRCLE('',#4015,0.5);
#876=CIRCLE('',#4016,0.499999999999998);
#877=CIRCLE('',#4019,0.5);
#878=CIRCLE('',#4020,0.5);
#879=CIRCLE('',#4022,1.9);
#880=CIRCLE('',#4023,2.4);
#881=CIRCLE('',#4030,3.15);
#882=CIRCLE('',#4031,3.15);
#883=CIRCLE('',#4032,3.15);
#884=CIRCLE('',#4034,1.65);
#885=CIRCLE('',#4036,1.65);
#886=CIRCLE('',#4038,1.65);
#887=CIRCLE('',#4042,2.65);
#888=CIRCLE('',#4043,2.65);
#889=CIRCLE('',#4047,2.65);
#890=CIRCLE('',#4048,2.65);
#891=CIRCLE('',#4049,3.15);
#892=CIRCLE('',#4051,2.65);
#893=CIRCLE('',#4052,2.65);
#894=CIRCLE('',#4059,0.65);
#895=CIRCLE('',#4063,0.875);
#896=CIRCLE('',#4064,0.875);
#897=CIRCLE('',#4067,0.875);
#898=CIRCLE('',#4068,0.875);
#899=CIRCLE('',#4071,1.5);
#900=CIRCLE('',#4074,1.5);
#901=CIRCLE('',#4077,2.15);
#902=CIRCLE('',#4078,1.65);
#903=CIRCLE('',#4081,2.4);
#904=CIRCLE('',#4083,2.15);
#905=CIRCLE('',#4084,1.65);
#906=CIRCLE('',#4087,2.4);
#907=CIRCLE('',#4089,2.15);
#908=CIRCLE('',#4090,1.65);
#909=CIRCLE('',#4093,2.4);
#910=CIRCLE('',#4103,2.65);
#911=CIRCLE('',#4104,2.65);
#912=CIRCLE('',#4105,2.65);
#913=CIRCLE('',#4106,2.65);
#914=CIRCLE('',#4107,2.65);
#915=CIRCLE('',#4117,2.65);
#916=CIRCLE('',#4118,2.65);
#917=CIRCLE('',#4119,2.65);
#918=CIRCLE('',#4120,2.65);
#919=CIRCLE('',#4121,2.65);
#920=CIRCLE('',#4123,2.65);
#921=CIRCLE('',#4125,2.65);
#922=CIRCLE('',#4127,2.65);
#923=CIRCLE('',#4129,2.65);
#924=CIRCLE('',#4131,2.65);
#925=CIRCLE('',#4133,2.65);
#926=CIRCLE('',#4135,2.65);
#927=CIRCLE('',#4136,2.65);
#928=CIRCLE('',#4139,2.65);
#929=CIRCLE('',#4140,2.65);
#930=CIRCLE('',#4143,3.5);
#931=CIRCLE('',#4144,0.5);
#932=CIRCLE('',#4147,3.5);
#933=CIRCLE('',#4148,0.5);
#934=CIRCLE('',#4152,2.65);
#935=CIRCLE('',#4154,2.4);
#936=CIRCLE('',#4156,2.65);
#937=CIRCLE('',#4158,2.4);
#938=CIRCLE('',#4160,2.65);
#939=CIRCLE('',#4162,2.4);
#940=LINE('',#5199,#1192);
#941=LINE('',#5203,#1193);
#942=LINE('',#5208,#1194);
#943=LINE('',#5212,#1195);
#944=LINE('',#5217,#1196);
#945=LINE('',#5221,#1197);
#946=LINE('',#5223,#1198);
#947=LINE('',#5227,#1199);
#948=LINE('',#5229,#1200);
#949=LINE('',#5234,#1201);
#950=LINE('',#5236,#1202);
#951=LINE('',#5240,#1203);
#952=LINE('',#5244,#1204);
#953=LINE('',#5248,#1205);
#954=LINE('',#5252,#1206);
#955=LINE('',#5254,#1207);
#956=LINE('',#5255,#1208);
#957=LINE('',#5258,#1209);
#958=LINE('',#5260,#1210);
#959=LINE('',#5261,#1211);
#960=LINE('',#5268,#1212);
#961=LINE('',#5270,#1213);
#962=LINE('',#5271,#1214);
#963=LINE('',#5281,#1215);
#964=LINE('',#5283,#1216);
#965=LINE('',#5285,#1217);
#966=LINE('',#5286,#1218);
#967=LINE('',#5290,#1219);
#968=LINE('',#5292,#1220);
#969=LINE('',#5294,#1221);
#970=LINE('',#5295,#1222);
#971=LINE('',#5306,#1223);
#972=LINE('',#5310,#1224);
#973=LINE('',#5314,#1225);
#974=LINE('',#5318,#1226);
#975=LINE('',#5322,#1227);
#976=LINE('',#5325,#1228);
#977=LINE('',#5385,#1229);
#978=LINE('',#5386,#1230);
#979=LINE('',#5405,#1231);
#980=LINE('',#5406,#1232);
#981=LINE('',#5430,#1233);
#982=LINE('',#5432,#1234);
#983=LINE('',#5446,#1235);
#984=LINE('',#5449,#1236);
#985=LINE('',#5456,#1237);
#986=LINE('',#5459,#1238);
#987=LINE('',#5478,#1239);
#988=LINE('',#5479,#1240);
#989=LINE('',#5498,#1241);
#990=LINE('',#5499,#1242);
#991=LINE('',#5518,#1243);
#992=LINE('',#5519,#1244);
#993=LINE('',#5533,#1245);
#994=LINE('',#5538,#1246);
#995=LINE('',#5541,#1247);
#996=LINE('',#5542,#1248);
#997=LINE('',#5545,#1249);
#998=LINE('',#5548,#1250);
#999=LINE('',#5549,#1251);
#1000=LINE('',#5605,#1252);
#1001=LINE('',#5613,#1253);
#1002=LINE('',#5620,#1254);
#1003=LINE('',#5643,#1255);
#1004=LINE('',#5649,#1256);
#1005=LINE('',#5674,#1257);
#1006=LINE('',#5698,#1258);
#1007=LINE('',#5700,#1259);
#1008=LINE('',#5702,#1260);
#1009=LINE('',#5726,#1261);
#1010=LINE('',#5730,#1262);
#1011=LINE('',#5734,#1263);
#1012=LINE('',#5736,#1264);
#1013=LINE('',#5738,#1265);
#1014=LINE('',#5740,#1266);
#1015=LINE('',#5742,#1267);
#1016=LINE('',#5746,#1268);
#1017=LINE('',#5757,#1269);
#1018=LINE('',#5759,#1270);
#1019=LINE('',#5760,#1271);
#1020=LINE('',#5762,#1272);
#1021=LINE('',#5764,#1273);
#1022=LINE('',#5766,#1274);
#1023=LINE('',#5792,#1275);
#1024=LINE('',#5793,#1276);
#1025=LINE('',#5795,#1277);
#1026=LINE('',#5797,#1278);
#1027=LINE('',#5799,#1279);
#1028=LINE('',#5800,#1280);
#1029=LINE('',#5803,#1281);
#1030=LINE('',#5808,#1282);
#1031=LINE('',#5811,#1283);
#1032=LINE('',#5814,#1284);
#1033=LINE('',#5837,#1285);
#1034=LINE('',#5838,#1286);
#1035=LINE('',#5840,#1287);
#1036=LINE('',#5845,#1288);
#1037=LINE('',#5862,#1289);
#1038=LINE('',#5897,#1290);
#1039=LINE('',#5898,#1291);
#1040=LINE('',#5901,#1292);
#1041=LINE('',#5902,#1293);
#1042=LINE('',#5937,#1294);
#1043=LINE('',#5939,#1295);
#1044=LINE('',#5941,#1296);
#1045=LINE('',#5942,#1297);
#1046=LINE('',#5960,#1298);
#1047=LINE('',#5962,#1299);
#1048=LINE('',#5966,#1300);
#1049=LINE('',#5968,#1301);
#1050=LINE('',#5969,#1302);
#1051=LINE('',#5987,#1303);
#1052=LINE('',#5989,#1304);
#1053=LINE('',#6008,#1305);
#1054=LINE('',#6010,#1306);
#1055=LINE('',#6011,#1307);
#1056=LINE('',#6013,#1308);
#1057=LINE('',#6014,#1309);
#1058=LINE('',#6051,#1310);
#1059=LINE('',#6053,#1311);
#1060=LINE('',#6055,#1312);
#1061=LINE('',#6056,#1313);
#1062=LINE('',#6057,#1314);
#1063=LINE('',#6058,#1315);
#1064=LINE('',#6060,#1316);
#1065=LINE('',#6063,#1317);
#1066=LINE('',#6065,#1318);
#1067=LINE('',#6067,#1319);
#1068=LINE('',#6069,#1320);
#1069=LINE('',#6071,#1321);
#1070=LINE('',#6074,#1322);
#1071=LINE('',#6081,#1323);
#1072=LINE('',#6083,#1324);
#1073=LINE('',#6085,#1325);
#1074=LINE('',#6086,#1326);
#1075=LINE('',#6087,#1327);
#1076=LINE('',#6092,#1328);
#1077=LINE('',#6265,#1329);
#1078=LINE('',#6291,#1330);
#1079=LINE('',#6469,#1331);
#1080=LINE('',#6470,#1332);
#1081=LINE('',#6769,#1333);
#1082=LINE('',#6770,#1334);
#1083=LINE('',#7043,#1335);
#1084=LINE('',#7044,#1336);
#1085=LINE('',#7068,#1337);
#1086=LINE('',#7069,#1338);
#1087=LINE('',#7070,#1339);
#1088=LINE('',#7186,#1340);
#1089=LINE('',#7188,#1341);
#1090=LINE('',#7192,#1342);
#1091=LINE('',#7262,#1343);
#1092=LINE('',#7331,#1344);
#1093=LINE('',#7335,#1345);
#1094=LINE('',#7336,#1346);
#1095=LINE('',#7374,#1347);
#1096=LINE('',#7467,#1348);
#1097=LINE('',#7469,#1349);
#1098=LINE('',#7471,#1350);
#1099=LINE('',#7472,#1351);
#1100=LINE('',#7476,#1352);
#1101=LINE('',#7478,#1353);
#1102=LINE('',#7480,#1354);
#1103=LINE('',#7481,#1355);
#1104=LINE('',#7487,#1356);
#1105=LINE('',#7489,#1357);
#1106=LINE('',#7490,#1358);
#1107=LINE('',#7493,#1359);
#1108=LINE('',#7495,#1360);
#1109=LINE('',#7496,#1361);
#1110=LINE('',#7529,#1362);
#1111=LINE('',#7533,#1363);
#1112=LINE('',#7536,#1364);
#1113=LINE('',#7537,#1365);
#1114=LINE('',#7539,#1366);
#1115=LINE('',#7549,#1367);
#1116=LINE('',#7556,#1368);
#1117=LINE('',#7562,#1369);
#1118=LINE('',#7567,#1370);
#1119=LINE('',#7573,#1371);
#1120=LINE('',#7576,#1372);
#1121=LINE('',#7584,#1373);
#1122=LINE('',#7587,#1374);
#1123=LINE('',#7595,#1375);
#1124=LINE('',#7598,#1376);
#1125=LINE('',#7605,#1377);
#1126=LINE('',#7607,#1378);
#1127=LINE('',#7609,#1379);
#1128=LINE('',#7610,#1380);
#1129=LINE('',#7613,#1381);
#1130=LINE('',#7615,#1382);
#1131=LINE('',#7616,#1383);
#1132=LINE('',#7620,#1384);
#1133=LINE('',#7622,#1385);
#1134=LINE('',#7624,#1386);
#1135=LINE('',#7625,#1387);
#1136=LINE('',#7628,#1388);
#1137=LINE('',#7630,#1389);
#1138=LINE('',#7631,#1390);
#1139=LINE('',#7635,#1391);
#1140=LINE('',#7637,#1392);
#1141=LINE('',#7639,#1393);
#1142=LINE('',#7640,#1394);
#1143=LINE('',#7643,#1395);
#1144=LINE('',#7645,#1396);
#1145=LINE('',#7646,#1397);
#1146=LINE('',#7650,#1398);
#1147=LINE('',#7652,#1399);
#1148=LINE('',#7654,#1400);
#1149=LINE('',#7655,#1401);
#1150=LINE('',#7658,#1402);
#1151=LINE('',#7660,#1403);
#1152=LINE('',#7661,#1404);
#1153=LINE('',#7672,#1405);
#1154=LINE('',#7674,#1406);
#1155=LINE('',#7676,#1407);
#1156=LINE('',#7677,#1408);
#1157=LINE('',#7680,#1409);
#1158=LINE('',#7682,#1410);
#1159=LINE('',#7683,#1411);
#1160=LINE('',#7687,#1412);
#1161=LINE('',#7689,#1413);
#1162=LINE('',#7691,#1414);
#1163=LINE('',#7692,#1415);
#1164=LINE('',#7695,#1416);
#1165=LINE('',#7697,#1417);
#1166=LINE('',#7698,#1418);
#1167=LINE('',#7702,#1419);
#1168=LINE('',#7704,#1420);
#1169=LINE('',#7706,#1421);
#1170=LINE('',#7707,#1422);
#1171=LINE('',#7710,#1423);
#1172=LINE('',#7712,#1424);
#1173=LINE('',#7713,#1425);
#1174=LINE('',#7717,#1426);
#1175=LINE('',#7719,#1427);
#1176=LINE('',#7721,#1428);
#1177=LINE('',#7722,#1429);
#1178=LINE('',#7725,#1430);
#1179=LINE('',#7727,#1431);
#1180=LINE('',#7728,#1432);
#1181=LINE('',#7751,#1433);
#1182=LINE('',#7757,#1434);
#1183=LINE('',#7774,#1435);
#1184=LINE('',#7781,#1436);
#1185=LINE('',#7782,#1437);
#1186=LINE('',#7783,#1438);
#1187=LINE('',#7790,#1439);
#1188=LINE('',#7795,#1440);
#1189=LINE('',#7797,#1441);
#1190=LINE('',#7799,#1442);
#1191=LINE('',#7801,#1443);
#1192=VECTOR('',#4173,4.);
#1193=VECTOR('',#4176,10.);
#1194=VECTOR('',#4181,0.65);
#1195=VECTOR('',#4184,10.);
#1196=VECTOR('',#4189,0.65);
#1197=VECTOR('',#4192,10.);
#1198=VECTOR('',#4193,10.);
#1199=VECTOR('',#4196,10.);
#1200=VECTOR('',#4197,10.);
#1201=VECTOR('',#4202,4.);
#1202=VECTOR('',#4205,10.);
#1203=VECTOR('',#4208,10.);
#1204=VECTOR('',#4211,10.);
#1205=VECTOR('',#4214,10.);
#1206=VECTOR('',#4219,10.);
#1207=VECTOR('',#4220,10.);
#1208=VECTOR('',#4221,10.);
#1209=VECTOR('',#4224,10.);
#1210=VECTOR('',#4225,10.);
#1211=VECTOR('',#4226,10.);
#1212=VECTOR('',#4235,10.);
#1213=VECTOR('',#4236,10.);
#1214=VECTOR('',#4237,10.);
#1215=VECTOR('',#4248,10.);
#1216=VECTOR('',#4249,10.);
#1217=VECTOR('',#4250,10.);
#1218=VECTOR('',#4251,10.);
#1219=VECTOR('',#4254,10.);
#1220=VECTOR('',#4255,10.);
#1221=VECTOR('',#4256,10.);
#1222=VECTOR('',#4257,10.);
#1223=VECTOR('',#4270,10.);
#1224=VECTOR('',#4273,10.);
#1225=VECTOR('',#4276,10.);
#1226=VECTOR('',#4279,10.);
#1227=VECTOR('',#4282,10.);
#1228=VECTOR('',#4285,10.);
#1229=VECTOR('',#4308,10.);
#1230=VECTOR('',#4309,10.);
#1231=VECTOR('',#4320,10.);
#1232=VECTOR('',#4321,10.);
#1233=VECTOR('',#4330,10.);
#1234=VECTOR('',#4331,10.);
#1235=VECTOR('',#4332,10.);
#1236=VECTOR('',#4335,10.);
#1237=VECTOR('',#4342,10.);
#1238=VECTOR('',#4345,10.);
#1239=VECTOR('',#4356,10.);
#1240=VECTOR('',#4357,10.);
#1241=VECTOR('',#4368,10.);
#1242=VECTOR('',#4369,10.);
#1243=VECTOR('',#4380,10.);
#1244=VECTOR('',#4381,10.);
#1245=VECTOR('',#4388,10.);
#1246=VECTOR('',#4393,10.);
#1247=VECTOR('',#4396,10.);
#1248=VECTOR('',#4397,10.);
#1249=VECTOR('',#4400,10.);
#1250=VECTOR('',#4405,10.);
#1251=VECTOR('',#4406,10.);
#1252=VECTOR('',#4425,10.);
#1253=VECTOR('',#4436,10.);
#1254=VECTOR('',#4447,10.);
#1255=VECTOR('',#4466,10.);
#1256=VECTOR('',#4475,10.);
#1257=VECTOR('',#4482,10.);
#1258=VECTOR('',#4483,4.54953995109151);
#1259=VECTOR('',#4484,10.);
#1260=VECTOR('',#4485,10.);
#1261=VECTOR('',#4486,10.);
#1262=VECTOR('',#4491,10.);
#1263=VECTOR('',#4494,10.);
#1264=VECTOR('',#4495,10.);
#1265=VECTOR('',#4496,10.);
#1266=VECTOR('',#4497,10.);
#1267=VECTOR('',#4498,10.);
#1268=VECTOR('',#4501,10.);
#1269=VECTOR('',#4502,10.);
#1270=VECTOR('',#4503,10.);
#1271=VECTOR('',#4504,10.);
#1272=VECTOR('',#4507,10.);
#1273=VECTOR('',#4510,10.);
#1274=VECTOR('',#4513,10.);
#1275=VECTOR('',#4526,10.);
#1276=VECTOR('',#4527,10.);
#1277=VECTOR('',#4530,10.);
#1278=VECTOR('',#4531,10.);
#1279=VECTOR('',#4532,10.);
#1280=VECTOR('',#4533,10.);
#1281=VECTOR('',#4536,10.);
#1282=VECTOR('',#4541,10.);
#1283=VECTOR('',#4544,10.);
#1284=VECTOR('',#4547,10.);
#1285=VECTOR('',#4556,10.);
#1286=VECTOR('',#4557,10.);
#1287=VECTOR('',#4558,10.);
#1288=VECTOR('',#4565,10.);
#1289=VECTOR('',#4566,4.3502688312029);
#1290=VECTOR('',#4567,5.66138138586731);
#1291=VECTOR('',#4568,5.66138138586731);
#1292=VECTOR('',#4571,5.31738690814573);
#1293=VECTOR('',#4572,10.);
#1294=VECTOR('',#4575,10.);
#1295=VECTOR('',#4576,8.57144676031189);
#1296=VECTOR('',#4577,10.);
#1297=VECTOR('',#4578,10.);
#1298=VECTOR('',#4579,10.);
#1299=VECTOR('',#4580,10.);
#1300=VECTOR('',#4585,10.);
#1301=VECTOR('',#4586,8.04103245736127);
#1302=VECTOR('',#4587,10.);
#1303=VECTOR('',#4588,10.);
#1304=VECTOR('',#4589,8.57144676031189);
#1305=VECTOR('',#4592,10.);
#1306=VECTOR('',#4593,5.66138138586731);
#1307=VECTOR('',#4594,5.66138138586731);
#1308=VECTOR('',#4595,10.);
#1309=VECTOR('',#4596,10.);
#1310=VECTOR('',#4599,10.);
#1311=VECTOR('',#4600,10.);
#1312=VECTOR('',#4601,10.);
#1313=VECTOR('',#4602,10.);
#1314=VECTOR('',#4603,10.);
#1315=VECTOR('',#4604,10.);
#1316=VECTOR('',#4607,10.);
#1317=VECTOR('',#4612,10.);
#1318=VECTOR('',#4615,10.);
#1319=VECTOR('',#4618,10.);
#1320=VECTOR('',#4621,10.);
#1321=VECTOR('',#4624,10.);
#1322=VECTOR('',#4629,10.);
#1323=VECTOR('',#4642,10.);
#1324=VECTOR('',#4645,10.);
#1325=VECTOR('',#4648,10.);
#1326=VECTOR('',#4649,10.);
#1327=VECTOR('',#4650,10.);
#1328=VECTOR('',#4659,10.);
#1329=VECTOR('',#4678,10.);
#1330=VECTOR('',#4679,10.);
#1331=VECTOR('',#4706,10.);
#1332=VECTOR('',#4707,10.);
#1333=VECTOR('',#4752,10.);
#1334=VECTOR('',#4753,10.);
#1335=VECTOR('',#4798,10.);
#1336=VECTOR('',#4799,10.);
#1337=VECTOR('',#4810,10.);
#1338=VECTOR('',#4811,10.);
#1339=VECTOR('',#4812,9.84301782991376);
#1340=VECTOR('',#4813,10.);
#1341=VECTOR('',#4814,9.9279907332753);
#1342=VECTOR('',#4817,9.44555846785743);
#1343=VECTOR('',#4818,10.);
#1344=VECTOR('',#4819,9.44555846785743);
#1345=VECTOR('',#4822,9.92799073327529);
#1346=VECTOR('',#4823,10.);
#1347=VECTOR('',#4824,10.);
#1348=VECTOR('',#4841,10.);
#1349=VECTOR('',#4842,10.);
#1350=VECTOR('',#4843,10.);
#1351=VECTOR('',#4844,10.);
#1352=VECTOR('',#4847,10.);
#1353=VECTOR('',#4848,10.);
#1354=VECTOR('',#4849,10.);
#1355=VECTOR('',#4850,10.);
#1356=VECTOR('',#4859,10.);
#1357=VECTOR('',#4860,10.);
#1358=VECTOR('',#4861,10.);
#1359=VECTOR('',#4864,10.);
#1360=VECTOR('',#4865,10.);
#1361=VECTOR('',#4866,10.);
#1362=VECTOR('',#4877,10.);
#1363=VECTOR('',#4884,10.);
#1364=VECTOR('',#4889,10.);
#1365=VECTOR('',#4890,10.);
#1366=VECTOR('',#4893,10.);
#1367=VECTOR('',#4908,0.875);
#1368=VECTOR('',#4917,0.875);
#1369=VECTOR('',#4926,1.5);
#1370=VECTOR('',#4933,1.5);
#1371=VECTOR('',#4940,1.9);
#1372=VECTOR('',#4945,1.65);
#1373=VECTOR('',#4954,1.9);
#1374=VECTOR('',#4959,1.65);
#1375=VECTOR('',#4968,1.9);
#1376=VECTOR('',#4973,1.65);
#1377=VECTOR('',#4980,10.);
#1378=VECTOR('',#4981,10.);
#1379=VECTOR('',#4982,10.);
#1380=VECTOR('',#4983,10.);
#1381=VECTOR('',#4986,10.);
#1382=VECTOR('',#4987,10.);
#1383=VECTOR('',#4988,10.);
#1384=VECTOR('',#4991,10.);
#1385=VECTOR('',#4992,10.);
#1386=VECTOR('',#4993,10.);
#1387=VECTOR('',#4994,10.);
#1388=VECTOR('',#4997,10.);
#1389=VECTOR('',#4998,10.);
#1390=VECTOR('',#4999,10.);
#1391=VECTOR('',#5002,10.);
#1392=VECTOR('',#5003,10.);
#1393=VECTOR('',#5004,10.);
#1394=VECTOR('',#5005,10.);
#1395=VECTOR('',#5008,10.);
#1396=VECTOR('',#5009,10.);
#1397=VECTOR('',#5010,10.);
#1398=VECTOR('',#5013,10.);
#1399=VECTOR('',#5014,10.);
#1400=VECTOR('',#5015,10.);
#1401=VECTOR('',#5016,10.);
#1402=VECTOR('',#5019,10.);
#1403=VECTOR('',#5020,10.);
#1404=VECTOR('',#5021,10.);
#1405=VECTOR('',#5036,10.);
#1406=VECTOR('',#5037,10.);
#1407=VECTOR('',#5038,10.);
#1408=VECTOR('',#5039,10.);
#1409=VECTOR('',#5042,10.);
#1410=VECTOR('',#5043,10.);
#1411=VECTOR('',#5044,10.);
#1412=VECTOR('',#5047,10.);
#1413=VECTOR('',#5048,10.);
#1414=VECTOR('',#5049,10.);
#1415=VECTOR('',#5050,10.);
#1416=VECTOR('',#5053,10.);
#1417=VECTOR('',#5054,10.);
#1418=VECTOR('',#5055,10.);
#1419=VECTOR('',#5058,10.);
#1420=VECTOR('',#5059,10.);
#1421=VECTOR('',#5060,10.);
#1422=VECTOR('',#5061,10.);
#1423=VECTOR('',#5064,10.);
#1424=VECTOR('',#5065,10.);
#1425=VECTOR('',#5066,10.);
#1426=VECTOR('',#5069,10.);
#1427=VECTOR('',#5070,10.);
#1428=VECTOR('',#5071,10.);
#1429=VECTOR('',#5072,10.);
#1430=VECTOR('',#5075,10.);
#1431=VECTOR('',#5076,10.);
#1432=VECTOR('',#5077,10.);
#1433=VECTOR('',#5118,2.65);
#1434=VECTOR('',#5127,2.65);
#1435=VECTOR('',#5154,2.65);
#1436=VECTOR('',#5163,2.65);
#1437=VECTOR('',#5164,10.);
#1438=VECTOR('',#5165,10.);
#1439=VECTOR('',#5174,2.65);
#1440=VECTOR('',#5181,2.4);
#1441=VECTOR('',#5184,2.4);
#1442=VECTOR('',#5187,2.4);
#1443=VECTOR('',#5190,10.);
#1444=VERTEX_POINT('',#5197);
#1445=VERTEX_POINT('',#5198);
#1446=VERTEX_POINT('',#5200);
#1447=VERTEX_POINT('',#5202);
#1448=VERTEX_POINT('',#5206);
#1449=VERTEX_POINT('',#5207);
#1450=VERTEX_POINT('',#5209);
#1451=VERTEX_POINT('',#5211);
#1452=VERTEX_POINT('',#5215);
#1453=VERTEX_POINT('',#5216);
#1454=VERTEX_POINT('',#5218);
#1455=VERTEX_POINT('',#5220);
#1456=VERTEX_POINT('',#5222);
#1457=VERTEX_POINT('',#5224);
#1458=VERTEX_POINT('',#5226);
#1459=VERTEX_POINT('',#5228);
#1460=VERTEX_POINT('',#5232);
#1461=VERTEX_POINT('',#5233);
#1462=VERTEX_POINT('',#5237);
#1463=VERTEX_POINT('',#5239);
#1464=VERTEX_POINT('',#5241);
#1465=VERTEX_POINT('',#5243);
#1466=VERTEX_POINT('',#5245);
#1467=VERTEX_POINT('',#5247);
#1468=VERTEX_POINT('',#5251);
#1469=VERTEX_POINT('',#5253);
#1470=VERTEX_POINT('',#5257);
#1471=VERTEX_POINT('',#5259);
#1472=VERTEX_POINT('',#5263);
#1473=VERTEX_POINT('',#5267);
#1474=VERTEX_POINT('',#5269);
#1475=VERTEX_POINT('',#5273);
#1476=VERTEX_POINT('',#5274);
#1477=VERTEX_POINT('',#5279);
#1478=VERTEX_POINT('',#5280);
#1479=VERTEX_POINT('',#5282);
#1480=VERTEX_POINT('',#5284);
#1481=VERTEX_POINT('',#5288);
#1482=VERTEX_POINT('',#5289);
#1483=VERTEX_POINT('',#5291);
#1484=VERTEX_POINT('',#5293);
#1485=VERTEX_POINT('',#5297);
#1486=VERTEX_POINT('',#5302);
#1487=VERTEX_POINT('',#5303);
#1488=VERTEX_POINT('',#5305);
#1489=VERTEX_POINT('',#5307);
#1490=VERTEX_POINT('',#5309);
#1491=VERTEX_POINT('',#5311);
#1492=VERTEX_POINT('',#5313);
#1493=VERTEX_POINT('',#5315);
#1494=VERTEX_POINT('',#5317);
#1495=VERTEX_POINT('',#5319);
#1496=VERTEX_POINT('',#5321);
#1497=VERTEX_POINT('',#5323);
#1498=VERTEX_POINT('',#5359);
#1499=VERTEX_POINT('',#5360);
#1500=VERTEX_POINT('',#5369);
#1501=VERTEX_POINT('',#5374);
#1502=VERTEX_POINT('',#5382);
#1503=VERTEX_POINT('',#5383);
#1504=VERTEX_POINT('',#5396);
#1505=VERTEX_POINT('',#5397);
#1506=VERTEX_POINT('',#5402);
#1507=VERTEX_POINT('',#5403);
#1508=VERTEX_POINT('',#5416);
#1509=VERTEX_POINT('',#5417);
#1510=VERTEX_POINT('',#5422);
#1511=VERTEX_POINT('',#5423);
#1512=VERTEX_POINT('',#5431);
#1513=VERTEX_POINT('',#5433);
#1514=VERTEX_POINT('',#5448);
#1515=VERTEX_POINT('',#5452);
#1516=VERTEX_POINT('',#5453);
#1517=VERTEX_POINT('',#5455);
#1518=VERTEX_POINT('',#5457);
#1519=VERTEX_POINT('',#5469);
#1520=VERTEX_POINT('',#5470);
#1521=VERTEX_POINT('',#5475);
#1522=VERTEX_POINT('',#5476);
#1523=VERTEX_POINT('',#5489);
#1524=VERTEX_POINT('',#5490);
#1525=VERTEX_POINT('',#5495);
#1526=VERTEX_POINT('',#5496);
#1527=VERTEX_POINT('',#5509);
#1528=VERTEX_POINT('',#5510);
#1529=VERTEX_POINT('',#5515);
#1530=VERTEX_POINT('',#5516);
#1531=VERTEX_POINT('',#5532);
#1532=VERTEX_POINT('',#5534);
#1533=VERTEX_POINT('',#5536);
#1534=VERTEX_POINT('',#5540);
#1535=VERTEX_POINT('',#5544);
#1536=VERTEX_POINT('',#5576);
#1537=VERTEX_POINT('',#5580);
#1538=VERTEX_POINT('',#5585);
#1539=VERTEX_POINT('',#5587);
#1540=VERTEX_POINT('',#5589);
#1541=VERTEX_POINT('',#5600);
#1542=VERTEX_POINT('',#5604);
#1543=VERTEX_POINT('',#5608);
#1544=VERTEX_POINT('',#5612);
#1545=VERTEX_POINT('',#5616);
#1546=VERTEX_POINT('',#5622);
#1547=VERTEX_POINT('',#5631);
#1548=VERTEX_POINT('',#5635);
#1549=VERTEX_POINT('',#5637);
#1550=VERTEX_POINT('',#5641);
#1551=VERTEX_POINT('',#5645);
#1552=VERTEX_POINT('',#5651);
#1553=VERTEX_POINT('',#5652);
#1554=VERTEX_POINT('',#5665);
#1555=VERTEX_POINT('',#5697);
#1556=VERTEX_POINT('',#5699);
#1557=VERTEX_POINT('',#5701);
#1558=VERTEX_POINT('',#5725);
#1559=VERTEX_POINT('',#5729);
#1560=VERTEX_POINT('',#5731);
#1561=VERTEX_POINT('',#5733);
#1562=VERTEX_POINT('',#5735);
#1563=VERTEX_POINT('',#5737);
#1564=VERTEX_POINT('',#5739);
#1565=VERTEX_POINT('',#5741);
#1566=VERTEX_POINT('',#5743);
#1567=VERTEX_POINT('',#5745);
#1568=VERTEX_POINT('',#5747);
#1569=VERTEX_POINT('',#5756);
#1570=VERTEX_POINT('',#5758);
#1571=VERTEX_POINT('',#5769);
#1572=VERTEX_POINT('',#5770);
#1573=VERTEX_POINT('',#5779);
#1574=VERTEX_POINT('',#5781);
#1575=VERTEX_POINT('',#5783);
#1576=VERTEX_POINT('',#5796);
#1577=VERTEX_POINT('',#5798);
#1578=VERTEX_POINT('',#5802);
#1579=VERTEX_POINT('',#5804);
#1580=VERTEX_POINT('',#5806);
#1581=VERTEX_POINT('',#5810);
#1582=VERTEX_POINT('',#5812);
#1583=VERTEX_POINT('',#5816);
#1584=VERTEX_POINT('',#5817);
#1585=VERTEX_POINT('',#5825);
#1586=VERTEX_POINT('',#5836);
#1587=VERTEX_POINT('',#5839);
#1588=VERTEX_POINT('',#5841);
#1589=VERTEX_POINT('',#5887);
#1590=VERTEX_POINT('',#5896);
#1591=VERTEX_POINT('',#5900);
#1592=VERTEX_POINT('',#5936);
#1593=VERTEX_POINT('',#5938);
#1594=VERTEX_POINT('',#5940);
#1595=VERTEX_POINT('',#5959);
#1596=VERTEX_POINT('',#5961);
#1597=VERTEX_POINT('',#5965);
#1598=VERTEX_POINT('',#5967);
#1599=VERTEX_POINT('',#5986);
#1600=VERTEX_POINT('',#5988);
#1601=VERTEX_POINT('',#6007);
#1602=VERTEX_POINT('',#6009);
#1603=VERTEX_POINT('',#6012);
#1604=VERTEX_POINT('',#6050);
#1605=VERTEX_POINT('',#6052);
#1606=VERTEX_POINT('',#6054);
#1607=VERTEX_POINT('',#6094);
#1608=VERTEX_POINT('',#6095);
#1609=VERTEX_POINT('',#6097);
#1610=VERTEX_POINT('',#6099);
#1611=VERTEX_POINT('',#6122);
#1612=VERTEX_POINT('',#6123);
#1613=VERTEX_POINT('',#6153);
#1614=VERTEX_POINT('',#6154);
#1615=VERTEX_POINT('',#6184);
#1616=VERTEX_POINT('',#6185);
#1617=VERTEX_POINT('',#6219);
#1618=VERTEX_POINT('',#6220);
#1619=VERTEX_POINT('',#6258);
#1620=VERTEX_POINT('',#6290);
#1621=VERTEX_POINT('',#6355);
#1622=VERTEX_POINT('',#6356);
#1623=VERTEX_POINT('',#6363);
#1624=VERTEX_POINT('',#6365);
#1625=VERTEX_POINT('',#6389);
#1626=VERTEX_POINT('',#6390);
#1627=VERTEX_POINT('',#6405);
#1628=VERTEX_POINT('',#6447);
#1629=VERTEX_POINT('',#6448);
#1630=VERTEX_POINT('',#6450);
#1631=VERTEX_POINT('',#6457);
#1632=VERTEX_POINT('',#6487);
#1633=VERTEX_POINT('',#6488);
#1634=VERTEX_POINT('',#6496);
#1635=VERTEX_POINT('',#6536);
#1636=VERTEX_POINT('',#6538);
#1637=VERTEX_POINT('',#6557);
#1638=VERTEX_POINT('',#6586);
#1639=VERTEX_POINT('',#6655);
#1640=VERTEX_POINT('',#6656);
#1641=VERTEX_POINT('',#6663);
#1642=VERTEX_POINT('',#6665);
#1643=VERTEX_POINT('',#6689);
#1644=VERTEX_POINT('',#6690);
#1645=VERTEX_POINT('',#6705);
#1646=VERTEX_POINT('',#6747);
#1647=VERTEX_POINT('',#6748);
#1648=VERTEX_POINT('',#6750);
#1649=VERTEX_POINT('',#6757);
#1650=VERTEX_POINT('',#6787);
#1651=VERTEX_POINT('',#6788);
#1652=VERTEX_POINT('',#6796);
#1653=VERTEX_POINT('',#6836);
#1654=VERTEX_POINT('',#6838);
#1655=VERTEX_POINT('',#6857);
#1656=VERTEX_POINT('',#6886);
#1657=VERTEX_POINT('',#6955);
#1658=VERTEX_POINT('',#6956);
#1659=VERTEX_POINT('',#6963);
#1660=VERTEX_POINT('',#6965);
#1661=VERTEX_POINT('',#7021);
#1662=VERTEX_POINT('',#7022);
#1663=VERTEX_POINT('',#7024);
#1664=VERTEX_POINT('',#7031);
#1665=VERTEX_POINT('',#7066);
#1666=VERTEX_POINT('',#7067);
#1667=VERTEX_POINT('',#7115);
#1668=VERTEX_POINT('',#7126);
#1669=VERTEX_POINT('',#7178);
#1670=VERTEX_POINT('',#7185);
#1671=VERTEX_POINT('',#7187);
#1672=VERTEX_POINT('',#7189);
#1673=VERTEX_POINT('',#7191);
#1674=VERTEX_POINT('',#7193);
#1675=VERTEX_POINT('',#7245);
#1676=VERTEX_POINT('',#7246);
#1677=VERTEX_POINT('',#7261);
#1678=VERTEX_POINT('',#7263);
#1679=VERTEX_POINT('',#7310);
#1680=VERTEX_POINT('',#7318);
#1681=VERTEX_POINT('',#7325);
#1682=VERTEX_POINT('',#7330);
#1683=VERTEX_POINT('',#7332);
#1684=VERTEX_POINT('',#7334);
#1685=VERTEX_POINT('',#7373);
#1686=VERTEX_POINT('',#7443);
#1687=VERTEX_POINT('',#7456);
#1688=VERTEX_POINT('',#7459);
#1689=VERTEX_POINT('',#7462);
#1690=VERTEX_POINT('',#7465);
#1691=VERTEX_POINT('',#7466);
#1692=VERTEX_POINT('',#7468);
#1693=VERTEX_POINT('',#7470);
#1694=VERTEX_POINT('',#7474);
#1695=VERTEX_POINT('',#7475);
#1696=VERTEX_POINT('',#7477);
#1697=VERTEX_POINT('',#7479);
#1698=VERTEX_POINT('',#7486);
#1699=VERTEX_POINT('',#7488);
#1700=VERTEX_POINT('',#7492);
#1701=VERTEX_POINT('',#7494);
#1702=VERTEX_POINT('',#7516);
#1703=VERTEX_POINT('',#7546);
#1704=VERTEX_POINT('',#7548);
#1705=VERTEX_POINT('',#7553);
#1706=VERTEX_POINT('',#7555);
#1707=VERTEX_POINT('',#7560);
#1708=VERTEX_POINT('',#7565);
#1709=VERTEX_POINT('',#7570);
#1710=VERTEX_POINT('',#7572);
#1711=VERTEX_POINT('',#7578);
#1712=VERTEX_POINT('',#7581);
#1713=VERTEX_POINT('',#7583);
#1714=VERTEX_POINT('',#7589);
#1715=VERTEX_POINT('',#7592);
#1716=VERTEX_POINT('',#7594);
#1717=VERTEX_POINT('',#7600);
#1718=VERTEX_POINT('',#7603);
#1719=VERTEX_POINT('',#7604);
#1720=VERTEX_POINT('',#7606);
#1721=VERTEX_POINT('',#7608);
#1722=VERTEX_POINT('',#7612);
#1723=VERTEX_POINT('',#7614);
#1724=VERTEX_POINT('',#7618);
#1725=VERTEX_POINT('',#7619);
#1726=VERTEX_POINT('',#7621);
#1727=VERTEX_POINT('',#7623);
#1728=VERTEX_POINT('',#7627);
#1729=VERTEX_POINT('',#7629);
#1730=VERTEX_POINT('',#7633);
#1731=VERTEX_POINT('',#7634);
#1732=VERTEX_POINT('',#7636);
#1733=VERTEX_POINT('',#7638);
#1734=VERTEX_POINT('',#7642);
#1735=VERTEX_POINT('',#7644);
#1736=VERTEX_POINT('',#7648);
#1737=VERTEX_POINT('',#7649);
#1738=VERTEX_POINT('',#7651);
#1739=VERTEX_POINT('',#7653);
#1740=VERTEX_POINT('',#7657);
#1741=VERTEX_POINT('',#7659);
#1742=VERTEX_POINT('',#7663);
#1743=VERTEX_POINT('',#7670);
#1744=VERTEX_POINT('',#7671);
#1745=VERTEX_POINT('',#7673);
#1746=VERTEX_POINT('',#7675);
#1747=VERTEX_POINT('',#7679);
#1748=VERTEX_POINT('',#7681);
#1749=VERTEX_POINT('',#7685);
#1750=VERTEX_POINT('',#7686);
#1751=VERTEX_POINT('',#7688);
#1752=VERTEX_POINT('',#7690);
#1753=VERTEX_POINT('',#7694);
#1754=VERTEX_POINT('',#7696);
#1755=VERTEX_POINT('',#7700);
#1756=VERTEX_POINT('',#7701);
#1757=VERTEX_POINT('',#7703);
#1758=VERTEX_POINT('',#7705);
#1759=VERTEX_POINT('',#7709);
#1760=VERTEX_POINT('',#7711);
#1761=VERTEX_POINT('',#7715);
#1762=VERTEX_POINT('',#7716);
#1763=VERTEX_POINT('',#7718);
#1764=VERTEX_POINT('',#7720);
#1765=VERTEX_POINT('',#7724);
#1766=VERTEX_POINT('',#7726);
#1767=VERTEX_POINT('',#7730);
#1768=VERTEX_POINT('',#7749);
#1769=VERTEX_POINT('',#7755);
#1770=VERTEX_POINT('',#7761);
#1771=VERTEX_POINT('',#7766);
#1772=VERTEX_POINT('',#7772);
#1773=VERTEX_POINT('',#7776);
#1774=VERTEX_POINT('',#7779);
#1775=VERTEX_POINT('',#7785);
#1776=VERTEX_POINT('',#7788);
#1777=VERTEX_POINT('',#7792);
#1778=EDGE_CURVE('',#1444,#1445,#940,.T.);
#1779=EDGE_CURVE('',#1446,#1444,#746,.T.);
#1780=EDGE_CURVE('',#1447,#1446,#941,.T.);
#1781=EDGE_CURVE('',#1447,#1445,#747,.T.);
#1782=EDGE_CURVE('',#1448,#1449,#942,.T.);
#1783=EDGE_CURVE('',#1450,#1448,#748,.T.);
#1784=EDGE_CURVE('',#1451,#1450,#943,.T.);
#1785=EDGE_CURVE('',#1451,#1449,#749,.T.);
#1786=EDGE_CURVE('',#1452,#1453,#944,.T.);
#1787=EDGE_CURVE('',#1454,#1452,#750,.T.);
#1788=EDGE_CURVE('',#1455,#1454,#945,.T.);
#1789=EDGE_CURVE('',#1455,#1456,#946,.T.);
#1790=EDGE_CURVE('',#1456,#1457,#751,.T.);
#1791=EDGE_CURVE('',#1458,#1457,#947,.T.);
#1792=EDGE_CURVE('',#1458,#1459,#948,.T.);
#1793=EDGE_CURVE('',#1458,#1453,#752,.T.);
#1794=EDGE_CURVE('',#1460,#1461,#949,.T.);
#1795=EDGE_CURVE('',#1459,#1460,#753,.T.);
#1796=EDGE_CURVE('',#1458,#1459,#950,.T.);
#1797=EDGE_CURVE('',#1457,#1462,#754,.T.);
#1798=EDGE_CURVE('',#1463,#1462,#951,.T.);
#1799=EDGE_CURVE('',#1463,#1464,#755,.T.);
#1800=EDGE_CURVE('',#1464,#1465,#952,.T.);
#1801=EDGE_CURVE('',#1465,#1466,#756,.T.);
#1802=EDGE_CURVE('',#1467,#1466,#953,.T.);
#1803=EDGE_CURVE('',#1467,#1461,#757,.T.);
#1804=EDGE_CURVE('',#1467,#1468,#954,.T.);
#1805=EDGE_CURVE('',#1466,#1469,#955,.T.);
#1806=EDGE_CURVE('',#1468,#1469,#956,.T.);
#1807=EDGE_CURVE('',#1470,#1464,#957,.T.);
#1808=EDGE_CURVE('',#1470,#1471,#958,.T.);
#1809=EDGE_CURVE('',#1471,#1465,#959,.T.);
#1810=EDGE_CURVE('',#1469,#1472,#758,.T.);
#1811=EDGE_CURVE('',#1472,#1471,#759,.T.);
#1812=EDGE_CURVE('',#1463,#1473,#960,.T.);
#1813=EDGE_CURVE('',#1462,#1474,#961,.T.);
#1814=EDGE_CURVE('',#1473,#1474,#962,.T.);
#1815=EDGE_CURVE('',#1475,#1476,#760,.T.);
#1816=EDGE_CURVE('',#1474,#1475,#761,.T.);
#1817=EDGE_CURVE('',#1476,#1456,#762,.T.);
#1818=EDGE_CURVE('',#1477,#1478,#963,.T.);
#1819=EDGE_CURVE('',#1477,#1479,#964,.T.);
#1820=EDGE_CURVE('',#1479,#1480,#965,.T.);
#1821=EDGE_CURVE('',#1478,#1480,#966,.T.);
#1822=EDGE_CURVE('',#1481,#1482,#967,.T.);
#1823=EDGE_CURVE('',#1481,#1483,#968,.T.);
#1824=EDGE_CURVE('',#1483,#1484,#969,.T.);
#1825=EDGE_CURVE('',#1482,#1484,#970,.T.);
#1826=EDGE_CURVE('',#1480,#1485,#763,.T.);
#1827=EDGE_CURVE('',#1484,#1479,#764,.T.);
#1828=EDGE_CURVE('',#1485,#1483,#765,.T.);
#1829=EDGE_CURVE('',#1486,#1487,#766,.T.);
#1830=EDGE_CURVE('',#1487,#1488,#971,.T.);
#1831=EDGE_CURVE('',#1488,#1489,#767,.T.);
#1832=EDGE_CURVE('',#1489,#1490,#972,.T.);
#1833=EDGE_CURVE('',#1490,#1491,#768,.T.);
#1834=EDGE_CURVE('',#1491,#1492,#973,.T.);
#1835=EDGE_CURVE('',#1492,#1493,#769,.T.);
#1836=EDGE_CURVE('',#1493,#1494,#974,.T.);
#1837=EDGE_CURVE('',#1494,#1495,#770,.T.);
#1838=EDGE_CURVE('',#1495,#1496,#975,.T.);
#1839=EDGE_CURVE('',#1496,#1497,#771,.T.);
#1840=EDGE_CURVE('',#1497,#1486,#976,.T.);
#1841=EDGE_CURVE('',#1477,#1473,#772,.T.);
#1842=EDGE_CURVE('',#1481,#1478,#773,.T.);
#1843=EDGE_CURVE('',#1445,#1482,#774,.T.);
#1844=EDGE_CURVE('',#1449,#1447,#775,.T.);
#1845=EDGE_CURVE('',#1455,#1451,#776,.T.);
#1846=EDGE_CURVE('',#1453,#1455,#777,.T.);
#1847=EDGE_CURVE('',#1461,#1458,#778,.T.);
#1848=EDGE_CURVE('',#1470,#1468,#779,.T.);
#1849=EDGE_CURVE('',#1498,#1499,#62,.F.);
#1850=EDGE_CURVE('',#1499,#1500,#63,.T.);
#1851=EDGE_CURVE('',#1500,#1501,#780,.T.);
#1852=EDGE_CURVE('',#1501,#1498,#64,.T.);
#1853=EDGE_CURVE('',#1502,#1503,#781,.T.);
#1854=EDGE_CURVE('',#1503,#1501,#977,.T.);
#1855=EDGE_CURVE('',#1500,#1502,#978,.T.);
#1856=EDGE_CURVE('',#1504,#1505,#782,.T.);
#1857=EDGE_CURVE('',#1505,#1503,#783,.T.);
#1858=EDGE_CURVE('',#1502,#1504,#784,.T.);
#1859=EDGE_CURVE('',#1506,#1507,#785,.T.);
#1860=EDGE_CURVE('',#1507,#1505,#979,.T.);
#1861=EDGE_CURVE('',#1504,#1506,#980,.T.);
#1862=EDGE_CURVE('',#1508,#1509,#786,.T.);
#1863=EDGE_CURVE('',#1509,#1507,#787,.T.);
#1864=EDGE_CURVE('',#1506,#1508,#788,.T.);
#1865=EDGE_CURVE('',#1510,#1511,#65,.T.);
#1866=EDGE_CURVE('',#1511,#1509,#981,.T.);
#1867=EDGE_CURVE('',#1508,#1512,#982,.T.);
#1868=EDGE_CURVE('',#1512,#1513,#66,.F.);
#1869=EDGE_CURVE('',#1513,#1510,#983,.F.);
#1870=EDGE_CURVE('',#1499,#1514,#984,.T.);
#1871=EDGE_CURVE('',#1512,#1514,#789,.F.);
#1872=EDGE_CURVE('',#1515,#1516,#790,.T.);
#1873=EDGE_CURVE('',#1516,#1517,#985,.T.);
#1874=EDGE_CURVE('',#1517,#1518,#791,.T.);
#1875=EDGE_CURVE('',#1518,#1515,#986,.T.);
#1876=EDGE_CURVE('',#1519,#1520,#792,.T.);
#1877=EDGE_CURVE('',#1520,#1518,#793,.T.);
#1878=EDGE_CURVE('',#1517,#1519,#794,.T.);
#1879=EDGE_CURVE('',#1521,#1522,#795,.T.);
#1880=EDGE_CURVE('',#1522,#1520,#987,.T.);
#1881=EDGE_CURVE('',#1519,#1521,#988,.T.);
#1882=EDGE_CURVE('',#1523,#1524,#796,.T.);
#1883=EDGE_CURVE('',#1524,#1522,#797,.T.);
#1884=EDGE_CURVE('',#1521,#1523,#798,.T.);
#1885=EDGE_CURVE('',#1525,#1526,#799,.T.);
#1886=EDGE_CURVE('',#1526,#1524,#989,.T.);
#1887=EDGE_CURVE('',#1523,#1525,#990,.T.);
#1888=EDGE_CURVE('',#1527,#1528,#800,.T.);
#1889=EDGE_CURVE('',#1528,#1526,#801,.T.);
#1890=EDGE_CURVE('',#1525,#1527,#802,.T.);
#1891=EDGE_CURVE('',#1529,#1530,#803,.T.);
#1892=EDGE_CURVE('',#1530,#1528,#991,.T.);
#1893=EDGE_CURVE('',#1527,#1529,#992,.T.);
#1894=EDGE_CURVE('',#1529,#1516,#804,.T.);
#1895=EDGE_CURVE('',#1515,#1530,#805,.T.);
#1896=EDGE_CURVE('',#1521,#1531,#993,.T.);
#1897=EDGE_CURVE('',#1532,#1531,#806,.T.);
#1898=EDGE_CURVE('',#1533,#1532,#807,.T.);
#1899=EDGE_CURVE('',#1533,#1523,#994,.T.);
#1900=EDGE_CURVE('',#1534,#1519,#995,.T.);
#1901=EDGE_CURVE('',#1531,#1534,#996,.T.);
#1902=EDGE_CURVE('',#1517,#1535,#997,.T.);
#1903=EDGE_CURVE('',#1534,#1535,#808,.T.);
#1904=EDGE_CURVE('',#1514,#1516,#998,.T.);
#1905=EDGE_CURVE('',#1535,#1499,#999,.T.);
#1906=EDGE_CURVE('',#1501,#1536,#34,.T.);
#1907=EDGE_CURVE('',#1536,#1498,#35,.T.);
#1908=EDGE_CURVE('',#1537,#1510,#67,.T.);
#1909=EDGE_CURVE('',#1537,#1538,#809,.T.);
#1910=EDGE_CURVE('',#1538,#1539,#810,.T.);
#1911=EDGE_CURVE('',#1540,#1539,#68,.T.);
#1912=EDGE_CURVE('',#1540,#1541,#811,.T.);
#1913=EDGE_CURVE('',#1541,#1511,#812,.T.);
#1914=EDGE_CURVE('',#1541,#1542,#1000,.T.);
#1915=EDGE_CURVE('',#1542,#1509,#813,.T.);
#1916=EDGE_CURVE('',#1542,#1543,#814,.T.);
#1917=EDGE_CURVE('',#1543,#1507,#815,.T.);
#1918=EDGE_CURVE('',#1543,#1544,#1001,.T.);
#1919=EDGE_CURVE('',#1544,#1505,#816,.T.);
#1920=EDGE_CURVE('',#1544,#1545,#817,.T.);
#1921=EDGE_CURVE('',#1545,#1503,#818,.T.);
#1922=EDGE_CURVE('',#1545,#1536,#1002,.T.);
#1923=EDGE_CURVE('',#1539,#1546,#69,.T.);
#1924=EDGE_CURVE('',#1538,#1547,#819,.T.);
#1925=EDGE_CURVE('',#1547,#1546,#820,.T.);
#1926=EDGE_CURVE('',#1535,#1548,#821,.T.);
#1927=EDGE_CURVE('',#1548,#1549,#822,.T.);
#1928=EDGE_CURVE('',#1549,#1534,#823,.T.);
#1929=EDGE_CURVE('',#1550,#1531,#824,.T.);
#1930=EDGE_CURVE('',#1549,#1550,#1003,.T.);
#1931=EDGE_CURVE('',#1551,#1532,#825,.T.);
#1932=EDGE_CURVE('',#1550,#1551,#826,.T.);
#1933=EDGE_CURVE('',#1536,#1548,#1004,.T.);
#1934=EDGE_CURVE('',#1552,#1553,#70,.T.);
#1935=EDGE_CURVE('',#1552,#1533,#827,.T.);
#1936=EDGE_CURVE('',#1553,#1551,#71,.T.);
#1937=EDGE_CURVE('',#1546,#1554,#72,.T.);
#1938=EDGE_CURVE('',#1547,#1533,#1005,.T.);
#1939=EDGE_CURVE('',#1554,#1552,#73,.T.);
#1940=EDGE_CURVE('',#1554,#1555,#1006,.T.);
#1941=EDGE_CURVE('',#1555,#1556,#1007,.T.);
#1942=EDGE_CURVE('',#1556,#1557,#1008,.T.);
#1943=EDGE_CURVE('',#1540,#1557,#74,.T.);
#1944=EDGE_CURVE('',#1553,#1558,#1009,.T.);
#1945=EDGE_CURVE('',#1558,#1555,#828,.T.);
#1946=EDGE_CURVE('',#1559,#1557,#1010,.T.);
#1947=EDGE_CURVE('',#1559,#1560,#36,.F.);
#1948=EDGE_CURVE('',#1560,#1561,#1011,.T.);
#1949=EDGE_CURVE('',#1561,#1562,#1012,.T.);
#1950=EDGE_CURVE('',#1562,#1563,#1013,.T.);
#1951=EDGE_CURVE('',#1563,#1564,#1014,.T.);
#1952=EDGE_CURVE('',#1564,#1565,#1015,.T.);
#1953=EDGE_CURVE('',#1566,#1565,#37,.T.);
#1954=EDGE_CURVE('',#1567,#1566,#1016,.T.);
#1955=EDGE_CURVE('',#1567,#1568,#75,.T.);
#1956=EDGE_CURVE('',#1568,#1569,#1017,.T.);
#1957=EDGE_CURVE('',#1569,#1570,#1018,.T.);
#1958=EDGE_CURVE('',#1570,#1551,#1019,.T.);
#1959=EDGE_CURVE('',#1529,#1513,#1020,.F.);
#1960=EDGE_CURVE('',#1525,#1547,#1021,.T.);
#1961=EDGE_CURVE('',#1537,#1527,#1022,.T.);
#1962=EDGE_CURVE('',#1571,#1572,#76,.F.);
#1963=EDGE_CURVE('',#1571,#1573,#829,.T.);
#1964=EDGE_CURVE('',#1573,#1574,#830,.T.);
#1965=EDGE_CURVE('',#1574,#1575,#831,.T.);
#1966=EDGE_CURVE('',#1575,#1572,#77,.T.);
#1967=EDGE_CURVE('',#1565,#1574,#1023,.T.);
#1968=EDGE_CURVE('',#1573,#1566,#1024,.T.);
#1969=EDGE_CURVE('',#1496,#1573,#1025,.T.);
#1970=EDGE_CURVE('',#1495,#1576,#1026,.T.);
#1971=EDGE_CURVE('',#1577,#1576,#1027,.T.);
#1972=EDGE_CURVE('',#1567,#1577,#1028,.T.);
#1973=EDGE_CURVE('',#1571,#1578,#1029,.T.);
#1974=EDGE_CURVE('',#1579,#1578,#832,.T.);
#1975=EDGE_CURVE('',#1580,#1579,#833,.T.);
#1976=EDGE_CURVE('',#1497,#1580,#1030,.T.);
#1977=EDGE_CURVE('',#1559,#1581,#1031,.T.);
#1978=EDGE_CURVE('',#1581,#1582,#834,.T.);
#1979=EDGE_CURVE('',#1582,#1560,#1032,.T.);
#1980=EDGE_CURVE('',#1583,#1584,#78,.F.);
#1981=EDGE_CURVE('',#1583,#1582,#835,.T.);
#1982=EDGE_CURVE('',#1581,#1585,#836,.T.);
#1983=EDGE_CURVE('',#1585,#1584,#79,.T.);
#1984=EDGE_CURVE('',#1586,#1585,#1033,.T.);
#1985=EDGE_CURVE('',#1491,#1581,#1034,.T.);
#1986=EDGE_CURVE('',#1490,#1587,#1035,.T.);
#1987=EDGE_CURVE('',#1588,#1587,#837,.T.);
#1988=EDGE_CURVE('',#1586,#1588,#838,.T.);
#1989=EDGE_CURVE('',#1492,#1555,#1036,.T.);
#1990=EDGE_CURVE('',#1569,#1576,#1037,.T.);
#1991=EDGE_CURVE('',#1589,#1578,#80,.T.);
#1992=EDGE_CURVE('',#1589,#1590,#1038,.T.);
#1993=EDGE_CURVE('',#1590,#1580,#1039,.T.);
#1994=EDGE_CURVE('',#1570,#1591,#1040,.T.);
#1995=EDGE_CURVE('',#1591,#1558,#1041,.T.);
#1996=EDGE_CURVE('',#1576,#1591,#839,.T.);
#1997=EDGE_CURVE('',#1592,#1589,#1042,.T.);
#1998=EDGE_CURVE('',#1592,#1593,#1043,.T.);
#1999=EDGE_CURVE('',#1593,#1594,#1044,.T.);
#2000=EDGE_CURVE('',#1594,#1580,#1045,.T.);
#2001=EDGE_CURVE('',#1595,#1592,#1046,.T.);
#2002=EDGE_CURVE('',#1595,#1596,#1047,.T.);
#2003=EDGE_CURVE('',#1596,#1593,#840,.T.);
#2004=EDGE_CURVE('',#1597,#1595,#1048,.T.);
#2005=EDGE_CURVE('',#1597,#1598,#1049,.T.);
#2006=EDGE_CURVE('',#1598,#1596,#1050,.T.);
#2007=EDGE_CURVE('',#1599,#1597,#1051,.T.);
#2008=EDGE_CURVE('',#1599,#1600,#1052,.T.);
#2009=EDGE_CURVE('',#1600,#1598,#841,.T.);
#2010=EDGE_CURVE('',#1601,#1599,#1053,.T.);
#2011=EDGE_CURVE('',#1601,#1602,#1054,.T.);
#2012=EDGE_CURVE('',#1602,#1587,#1055,.T.);
#2013=EDGE_CURVE('',#1587,#1603,#1056,.T.);
#2014=EDGE_CURVE('',#1603,#1600,#1057,.T.);
#2015=EDGE_CURVE('',#1586,#1601,#81,.T.);
#2016=EDGE_CURVE('',#1604,#1601,#1058,.T.);
#2017=EDGE_CURVE('',#1605,#1604,#1059,.T.);
#2018=EDGE_CURVE('',#1606,#1605,#1060,.T.);
#2019=EDGE_CURVE('',#1562,#1606,#1061,.T.);
#2020=EDGE_CURVE('',#1561,#1583,#1062,.T.);
#2021=EDGE_CURVE('',#1601,#1584,#1063,.T.);
#2022=EDGE_CURVE('',#1572,#1589,#1064,.T.);
#2023=EDGE_CURVE('',#1494,#1591,#1065,.T.);
#2024=EDGE_CURVE('',#1486,#1593,#1066,.T.);
#2025=EDGE_CURVE('',#1487,#1596,#1067,.T.);
#2026=EDGE_CURVE('',#1488,#1598,#1068,.T.);
#2027=EDGE_CURVE('',#1489,#1600,#1069,.T.);
#2028=EDGE_CURVE('',#1493,#1558,#1070,.T.);
#2029=EDGE_CURVE('',#1460,#1459,#842,.T.);
#2030=EDGE_CURVE('',#1452,#1454,#843,.T.);
#2031=EDGE_CURVE('',#1451,#1450,#1071,.T.);
#2032=EDGE_CURVE('',#1454,#1450,#844,.T.);
#2033=EDGE_CURVE('',#1455,#1454,#1072,.T.);
#2034=EDGE_CURVE('',#1447,#1446,#1073,.T.);
#2035=EDGE_CURVE('',#1447,#1475,#1074,.T.);
#2036=EDGE_CURVE('',#1451,#1476,#1075,.T.);
#2037=EDGE_CURVE('',#1448,#1450,#845,.T.);
#2038=EDGE_CURVE('',#1444,#1446,#846,.T.);
#2039=EDGE_CURVE('',#1564,#1575,#1076,.T.);
#2040=EDGE_CURVE('',#1607,#1608,#847,.T.);
#2041=EDGE_CURVE('',#1608,#1609,#848,.T.);
#2042=EDGE_CURVE('',#1609,#1610,#849,.T.);
#2043=EDGE_CURVE('',#1610,#1607,#850,.T.);
#2044=EDGE_CURVE('',#1611,#1612,#851,.T.);
#2045=EDGE_CURVE('',#1612,#1608,#82,.T.);
#2046=EDGE_CURVE('',#1607,#1611,#83,.T.);
#2047=EDGE_CURVE('',#1613,#1614,#852,.T.);
#2048=EDGE_CURVE('',#1614,#1610,#84,.T.);
#2049=EDGE_CURVE('',#1609,#1613,#85,.T.);
#2050=EDGE_CURVE('',#1615,#1616,#853,.T.);
#2051=EDGE_CURVE('',#1616,#1612,#86,.T.);
#2052=EDGE_CURVE('',#1611,#1615,#87,.T.);
#2053=EDGE_CURVE('',#1617,#1618,#854,.T.);
#2054=EDGE_CURVE('',#1618,#1614,#88,.T.);
#2055=EDGE_CURVE('',#1613,#1617,#89,.T.);
#2056=EDGE_CURVE('',#1615,#1619,#90,.T.);
#2057=EDGE_CURVE('',#1619,#1616,#1077,.T.);
#2058=EDGE_CURVE('',#1617,#1620,#1078,.T.);
#2059=EDGE_CURVE('',#1620,#1618,#91,.T.);
#2060=EDGE_CURVE('',#1611,#1614,#38,.T.);
#2061=EDGE_CURVE('',#1620,#1619,#39,.T.);
#2062=EDGE_CURVE('',#1621,#1622,#92,.F.);
#2063=EDGE_CURVE('',#1623,#1621,#855,.T.);
#2064=EDGE_CURVE('',#1623,#1624,#93,.T.);
#2065=EDGE_CURVE('',#1622,#1624,#856,.T.);
#2066=EDGE_CURVE('',#1625,#1626,#94,.T.);
#2067=EDGE_CURVE('',#1625,#1623,#40,.T.);
#2068=EDGE_CURVE('',#1621,#1627,#41,.T.);
#2069=EDGE_CURVE('',#1626,#1627,#95,.T.);
#2070=EDGE_CURVE('',#1628,#1629,#857,.T.);
#2071=EDGE_CURVE('',#1630,#1628,#96,.F.);
#2072=EDGE_CURVE('',#1631,#1630,#858,.T.);
#2073=EDGE_CURVE('',#1631,#1629,#97,.T.);
#2074=EDGE_CURVE('',#1622,#1630,#859,.T.);
#2075=EDGE_CURVE('',#1628,#1621,#860,.T.);
#2076=EDGE_CURVE('',#1630,#1622,#1079,.T.);
#2077=EDGE_CURVE('',#1624,#1631,#1080,.T.);
#2078=EDGE_CURVE('',#1632,#1633,#98,.T.);
#2079=EDGE_CURVE('',#1632,#1628,#42,.T.);
#2080=EDGE_CURVE('',#1629,#1634,#43,.T.);
#2081=EDGE_CURVE('',#1633,#1634,#99,.T.);
#2082=EDGE_CURVE('',#1635,#1626,#861,.T.);
#2083=EDGE_CURVE('',#1635,#1636,#100,.T.);
#2084=EDGE_CURVE('',#1636,#1625,#101,.F.);
#2085=EDGE_CURVE('',#1627,#1632,#862,.T.);
#2086=EDGE_CURVE('',#1633,#1637,#863,.T.);
#2087=EDGE_CURVE('',#1637,#1635,#864,.T.);
#2088=EDGE_CURVE('',#1638,#1634,#102,.T.);
#2089=EDGE_CURVE('',#1638,#1637,#103,.T.);
#2090=EDGE_CURVE('',#1635,#1637,#44,.T.);
#2091=EDGE_CURVE('',#1638,#1636,#45,.T.);
#2092=EDGE_CURVE('',#1639,#1640,#104,.F.);
#2093=EDGE_CURVE('',#1641,#1639,#865,.T.);
#2094=EDGE_CURVE('',#1641,#1642,#105,.T.);
#2095=EDGE_CURVE('',#1640,#1642,#866,.T.);
#2096=EDGE_CURVE('',#1643,#1644,#106,.T.);
#2097=EDGE_CURVE('',#1643,#1641,#46,.T.);
#2098=EDGE_CURVE('',#1639,#1645,#47,.T.);
#2099=EDGE_CURVE('',#1644,#1645,#107,.T.);
#2100=EDGE_CURVE('',#1646,#1647,#867,.T.);
#2101=EDGE_CURVE('',#1648,#1646,#108,.F.);
#2102=EDGE_CURVE('',#1649,#1648,#868,.T.);
#2103=EDGE_CURVE('',#1649,#1647,#109,.T.);
#2104=EDGE_CURVE('',#1640,#1648,#869,.T.);
#2105=EDGE_CURVE('',#1646,#1639,#870,.T.);
#2106=EDGE_CURVE('',#1648,#1640,#1081,.T.);
#2107=EDGE_CURVE('',#1642,#1649,#1082,.T.);
#2108=EDGE_CURVE('',#1650,#1651,#110,.T.);
#2109=EDGE_CURVE('',#1650,#1646,#48,.T.);
#2110=EDGE_CURVE('',#1647,#1652,#49,.T.);
#2111=EDGE_CURVE('',#1651,#1652,#111,.T.);
#2112=EDGE_CURVE('',#1653,#1644,#871,.T.);
#2113=EDGE_CURVE('',#1653,#1654,#112,.T.);
#2114=EDGE_CURVE('',#1654,#1643,#113,.F.);
#2115=EDGE_CURVE('',#1645,#1650,#872,.T.);
#2116=EDGE_CURVE('',#1651,#1655,#873,.T.);
#2117=EDGE_CURVE('',#1655,#1653,#874,.T.);
#2118=EDGE_CURVE('',#1656,#1652,#114,.T.);
#2119=EDGE_CURVE('',#1656,#1655,#115,.T.);
#2120=EDGE_CURVE('',#1653,#1655,#50,.T.);
#2121=EDGE_CURVE('',#1656,#1654,#51,.T.);
#2122=EDGE_CURVE('',#1657,#1658,#116,.F.);
#2123=EDGE_CURVE('',#1659,#1657,#875,.T.);
#2124=EDGE_CURVE('',#1659,#1660,#117,.T.);
#2125=EDGE_CURVE('',#1658,#1660,#876,.T.);
#2126=EDGE_CURVE('',#1616,#1659,#52,.T.);
#2127=EDGE_CURVE('',#1657,#1608,#53,.T.);
#2128=EDGE_CURVE('',#1661,#1662,#877,.T.);
#2129=EDGE_CURVE('',#1663,#1661,#118,.F.);
#2130=EDGE_CURVE('',#1664,#1663,#878,.T.);
#2131=EDGE_CURVE('',#1664,#1662,#119,.T.);
#2132=EDGE_CURVE('',#1658,#1663,#879,.T.);
#2133=EDGE_CURVE('',#1661,#1657,#880,.T.);
#2134=EDGE_CURVE('',#1663,#1658,#1083,.T.);
#2135=EDGE_CURVE('',#1660,#1664,#1084,.T.);
#2136=EDGE_CURVE('',#1609,#1661,#54,.T.);
#2137=EDGE_CURVE('',#1662,#1617,#55,.T.);
#2138=EDGE_CURVE('',#1665,#1666,#1085,.T.);
#2139=EDGE_CURVE('',#1665,#1563,#1086,.T.);
#2140=EDGE_CURVE('',#1666,#1562,#1087,.T.);
#2141=EDGE_CURVE('',#1667,#1605,#120,.T.);
#2142=EDGE_CURVE('',#1604,#1668,#121,.T.);
#2143=EDGE_CURVE('',#1668,#1667,#122,.T.);
#2144=EDGE_CURVE('',#1667,#1669,#123,.T.);
#2145=EDGE_CURVE('',#1668,#1670,#1088,.T.);
#2146=EDGE_CURVE('',#1671,#1670,#1089,.T.);
#2147=EDGE_CURVE('',#1672,#1671,#881,.T.);
#2148=EDGE_CURVE('',#1672,#1673,#1090,.T.);
#2149=EDGE_CURVE('',#1673,#1674,#124,.T.);
#2150=EDGE_CURVE('',#1669,#1674,#125,.T.);
#2151=EDGE_CURVE('',#1675,#1676,#126,.F.);
#2152=EDGE_CURVE('',#1675,#1677,#1091,.T.);
#2153=EDGE_CURVE('',#1678,#1677,#127,.F.);
#2154=EDGE_CURVE('',#1678,#1676,#128,.T.);
#2155=EDGE_CURVE('',#1679,#1678,#129,.T.);
#2156=EDGE_CURVE('',#1680,#1679,#130,.T.);
#2157=EDGE_CURVE('',#1680,#1681,#131,.T.);
#2158=EDGE_CURVE('',#1682,#1681,#1092,.T.);
#2159=EDGE_CURVE('',#1683,#1682,#882,.T.);
#2160=EDGE_CURVE('',#1683,#1684,#1093,.T.);
#2161=EDGE_CURVE('',#1684,#1676,#1094,.T.);
#2162=EDGE_CURVE('',#1685,#1677,#1095,.T.);
#2163=EDGE_CURVE('',#1680,#1685,#132,.F.);
#2164=EDGE_CURVE('',#1674,#1606,#133,.T.);
#2165=EDGE_CURVE('',#1686,#1673,#134,.T.);
#2166=EDGE_CURVE('',#1666,#1672,#883,.T.);
#2167=EDGE_CURVE('',#1686,#1562,#135,.T.);
#2168=EDGE_CURVE('',#1687,#1687,#884,.T.);
#2169=EDGE_CURVE('',#1688,#1688,#885,.T.);
#2170=EDGE_CURVE('',#1689,#1689,#886,.T.);
#2171=EDGE_CURVE('',#1690,#1691,#1096,.T.);
#2172=EDGE_CURVE('',#1690,#1692,#1097,.T.);
#2173=EDGE_CURVE('',#1692,#1693,#1098,.T.);
#2174=EDGE_CURVE('',#1691,#1693,#1099,.T.);
#2175=EDGE_CURVE('',#1694,#1695,#1100,.T.);
#2176=EDGE_CURVE('',#1694,#1696,#1101,.T.);
#2177=EDGE_CURVE('',#1696,#1697,#1102,.T.);
#2178=EDGE_CURVE('',#1695,#1697,#1103,.T.);
#2179=EDGE_CURVE('',#1693,#1696,#887,.T.);
#2180=EDGE_CURVE('',#1697,#1692,#888,.T.);
#2181=EDGE_CURVE('',#1695,#1698,#1104,.T.);
#2182=EDGE_CURVE('',#1697,#1699,#1105,.T.);
#2183=EDGE_CURVE('',#1698,#1699,#1106,.T.);
#2184=EDGE_CURVE('',#1700,#1690,#1107,.T.);
#2185=EDGE_CURVE('',#1700,#1701,#1108,.T.);
#2186=EDGE_CURVE('',#1701,#1692,#1109,.T.);
#2187=EDGE_CURVE('',#1699,#1701,#889,.T.);
#2188=EDGE_CURVE('',#1692,#1697,#890,.T.);
#2189=EDGE_CURVE('',#1681,#1702,#136,.T.);
#2190=EDGE_CURVE('',#1563,#1702,#137,.T.);
#2191=EDGE_CURVE('',#1682,#1665,#891,.T.);
#2192=EDGE_CURVE('',#1671,#1683,#1110,.T.);
#2193=EDGE_CURVE('',#1694,#1691,#892,.T.);
#2194=EDGE_CURVE('',#1700,#1698,#893,.T.);
#2195=EDGE_CURVE('',#1684,#1670,#1111,.T.);
#2196=EDGE_CURVE('',#1589,#1675,#1112,.T.);
#2197=EDGE_CURVE('',#1592,#1684,#1113,.T.);
#2198=EDGE_CURVE('',#1670,#1599,#1114,.T.);
#2199=EDGE_CURVE('',#1450,#1454,#894,.T.);
#2200=EDGE_CURVE('',#1703,#1703,#895,.T.);
#2201=EDGE_CURVE('',#1703,#1704,#1115,.T.);
#2202=EDGE_CURVE('',#1704,#1704,#896,.T.);
#2203=EDGE_CURVE('',#1705,#1705,#897,.T.);
#2204=EDGE_CURVE('',#1705,#1706,#1116,.T.);
#2205=EDGE_CURVE('',#1706,#1706,#898,.T.);
#2206=EDGE_CURVE('',#1707,#1707,#899,.T.);
#2207=EDGE_CURVE('',#1707,#1472,#1117,.T.);
#2208=EDGE_CURVE('',#1708,#1708,#900,.T.);
#2209=EDGE_CURVE('',#1708,#1485,#1118,.T.);
#2210=EDGE_CURVE('',#1709,#1709,#901,.T.);
#2211=EDGE_CURVE('',#1709,#1710,#1119,.T.);
#2212=EDGE_CURVE('',#1710,#1710,#902,.T.);
#2213=EDGE_CURVE('',#1710,#1687,#1120,.T.);
#2214=EDGE_CURVE('',#1711,#1711,#903,.T.);
#2215=EDGE_CURVE('',#1712,#1712,#904,.T.);
#2216=EDGE_CURVE('',#1712,#1713,#1121,.T.);
#2217=EDGE_CURVE('',#1713,#1713,#905,.T.);
#2218=EDGE_CURVE('',#1713,#1689,#1122,.T.);
#2219=EDGE_CURVE('',#1714,#1714,#906,.T.);
#2220=EDGE_CURVE('',#1715,#1715,#907,.T.);
#2221=EDGE_CURVE('',#1715,#1716,#1123,.T.);
#2222=EDGE_CURVE('',#1716,#1716,#908,.T.);
#2223=EDGE_CURVE('',#1716,#1688,#1124,.T.);
#2224=EDGE_CURVE('',#1717,#1717,#909,.T.);
#2225=EDGE_CURVE('',#1718,#1719,#1125,.T.);
#2226=EDGE_CURVE('',#1718,#1720,#1126,.T.);
#2227=EDGE_CURVE('',#1720,#1721,#1127,.T.);
#2228=EDGE_CURVE('',#1719,#1721,#1128,.T.);
#2229=EDGE_CURVE('',#1722,#1718,#1129,.T.);
#2230=EDGE_CURVE('',#1722,#1723,#1130,.T.);
#2231=EDGE_CURVE('',#1723,#1720,#1131,.T.);
#2232=EDGE_CURVE('',#1724,#1725,#1132,.T.);
#2233=EDGE_CURVE('',#1724,#1726,#1133,.T.);
#2234=EDGE_CURVE('',#1726,#1727,#1134,.T.);
#2235=EDGE_CURVE('',#1725,#1727,#1135,.T.);
#2236=EDGE_CURVE('',#1728,#1724,#1136,.T.);
#2237=EDGE_CURVE('',#1728,#1729,#1137,.T.);
#2238=EDGE_CURVE('',#1729,#1726,#1138,.T.);
#2239=EDGE_CURVE('',#1730,#1731,#1139,.T.);
#2240=EDGE_CURVE('',#1730,#1732,#1140,.T.);
#2241=EDGE_CURVE('',#1732,#1733,#1141,.T.);
#2242=EDGE_CURVE('',#1731,#1733,#1142,.T.);
#2243=EDGE_CURVE('',#1734,#1730,#1143,.T.);
#2244=EDGE_CURVE('',#1734,#1735,#1144,.T.);
#2245=EDGE_CURVE('',#1735,#1732,#1145,.T.);
#2246=EDGE_CURVE('',#1736,#1737,#1146,.T.);
#2247=EDGE_CURVE('',#1736,#1738,#1147,.T.);
#2248=EDGE_CURVE('',#1738,#1739,#1148,.T.);
#2249=EDGE_CURVE('',#1737,#1739,#1149,.T.);
#2250=EDGE_CURVE('',#1740,#1736,#1150,.T.);
#2251=EDGE_CURVE('',#1740,#1741,#1151,.T.);
#2252=EDGE_CURVE('',#1741,#1738,#1152,.T.);
#2253=EDGE_CURVE('',#1721,#1742,#910,.T.);
#2254=EDGE_CURVE('',#1727,#1723,#911,.T.);
#2255=EDGE_CURVE('',#1733,#1729,#912,.T.);
#2256=EDGE_CURVE('',#1739,#1735,#913,.T.);
#2257=EDGE_CURVE('',#1742,#1741,#914,.T.);
#2258=EDGE_CURVE('',#1743,#1744,#1153,.T.);
#2259=EDGE_CURVE('',#1743,#1745,#1154,.T.);
#2260=EDGE_CURVE('',#1745,#1746,#1155,.T.);
#2261=EDGE_CURVE('',#1744,#1746,#1156,.T.);
#2262=EDGE_CURVE('',#1747,#1743,#1157,.T.);
#2263=EDGE_CURVE('',#1747,#1748,#1158,.T.);
#2264=EDGE_CURVE('',#1748,#1745,#1159,.T.);
#2265=EDGE_CURVE('',#1749,#1750,#1160,.T.);
#2266=EDGE_CURVE('',#1749,#1751,#1161,.T.);
#2267=EDGE_CURVE('',#1751,#1752,#1162,.T.);
#2268=EDGE_CURVE('',#1750,#1752,#1163,.T.);
#2269=EDGE_CURVE('',#1753,#1749,#1164,.T.);
#2270=EDGE_CURVE('',#1753,#1754,#1165,.T.);
#2271=EDGE_CURVE('',#1754,#1751,#1166,.T.);
#2272=EDGE_CURVE('',#1755,#1756,#1167,.T.);
#2273=EDGE_CURVE('',#1755,#1757,#1168,.T.);
#2274=EDGE_CURVE('',#1757,#1758,#1169,.T.);
#2275=EDGE_CURVE('',#1756,#1758,#1170,.T.);
#2276=EDGE_CURVE('',#1759,#1755,#1171,.T.);
#2277=EDGE_CURVE('',#1759,#1760,#1172,.T.);
#2278=EDGE_CURVE('',#1760,#1757,#1173,.T.);
#2279=EDGE_CURVE('',#1761,#1762,#1174,.T.);
#2280=EDGE_CURVE('',#1761,#1763,#1175,.T.);
#2281=EDGE_CURVE('',#1763,#1764,#1176,.T.);
#2282=EDGE_CURVE('',#1762,#1764,#1177,.T.);
#2283=EDGE_CURVE('',#1765,#1761,#1178,.T.);
#2284=EDGE_CURVE('',#1765,#1766,#1179,.T.);
#2285=EDGE_CURVE('',#1766,#1763,#1180,.T.);
#2286=EDGE_CURVE('',#1767,#1766,#915,.T.);
#2287=EDGE_CURVE('',#1746,#1767,#916,.T.);
#2288=EDGE_CURVE('',#1752,#1748,#917,.T.);
#2289=EDGE_CURVE('',#1758,#1754,#918,.T.);
#2290=EDGE_CURVE('',#1764,#1760,#919,.T.);
#2291=EDGE_CURVE('',#1734,#1731,#920,.T.);
#2292=EDGE_CURVE('',#1740,#1737,#921,.T.);
#2293=EDGE_CURVE('',#1728,#1725,#922,.T.);
#2294=EDGE_CURVE('',#1759,#1756,#923,.T.);
#2295=EDGE_CURVE('',#1765,#1762,#924,.T.);
#2296=EDGE_CURVE('',#1753,#1750,#925,.T.);
#2297=EDGE_CURVE('',#1768,#1768,#926,.T.);
#2298=EDGE_CURVE('',#1768,#1742,#1181,.T.);
#2299=EDGE_CURVE('',#1722,#1719,#927,.T.);
#2300=EDGE_CURVE('',#1769,#1769,#928,.T.);
#2301=EDGE_CURVE('',#1769,#1767,#1182,.T.);
#2302=EDGE_CURVE('',#1747,#1744,#929,.T.);
#2303=EDGE_CURVE('',#1770,#1770,#930,.T.);
#2304=EDGE_CURVE('',#1770,#1460,#931,.T.);
#2305=EDGE_CURVE('',#1771,#1771,#932,.T.);
#2306=EDGE_CURVE('',#1771,#1444,#933,.T.);
#2307=EDGE_CURVE('',#1772,#1772,#934,.T.);
#2308=EDGE_CURVE('',#1772,#1691,#1183,.T.);
#2309=EDGE_CURVE('',#1773,#1773,#935,.T.);
#2310=EDGE_CURVE('',#1774,#1774,#936,.T.);
#2311=EDGE_CURVE('',#1774,#1695,#1184,.T.);
#2312=EDGE_CURVE('',#1695,#1697,#1185,.T.);
#2313=EDGE_CURVE('',#1690,#1692,#1186,.T.);
#2314=EDGE_CURVE('',#1775,#1775,#937,.T.);
#2315=EDGE_CURVE('',#1776,#1776,#938,.T.);
#2316=EDGE_CURVE('',#1776,#1700,#1187,.T.);
#2317=EDGE_CURVE('',#1777,#1777,#939,.T.);
#2318=EDGE_CURVE('',#1711,#1773,#1188,.T.);
#2319=EDGE_CURVE('',#1714,#1775,#1189,.T.);
#2320=EDGE_CURVE('',#1717,#1777,#1190,.T.);
#2321=EDGE_CURVE('',#1685,#1563,#1191,.T.);
#2322=ORIENTED_EDGE('',*,*,#1778,.F.);
#2323=ORIENTED_EDGE('',*,*,#1779,.F.);
#2324=ORIENTED_EDGE('',*,*,#1780,.F.);
#2325=ORIENTED_EDGE('',*,*,#1781,.T.);
#2326=ORIENTED_EDGE('',*,*,#1782,.F.);
#2327=ORIENTED_EDGE('',*,*,#1783,.F.);
#2328=ORIENTED_EDGE('',*,*,#1784,.F.);
#2329=ORIENTED_EDGE('',*,*,#1785,.T.);
#2330=ORIENTED_EDGE('',*,*,#1786,.F.);
#2331=ORIENTED_EDGE('',*,*,#1787,.F.);
#2332=ORIENTED_EDGE('',*,*,#1788,.F.);
#2333=ORIENTED_EDGE('',*,*,#1789,.T.);
#2334=ORIENTED_EDGE('',*,*,#1790,.T.);
#2335=ORIENTED_EDGE('',*,*,#1791,.F.);
#2336=ORIENTED_EDGE('',*,*,#1792,.T.);
#2337=ORIENTED_EDGE('',*,*,#1792,.F.);
#2338=ORIENTED_EDGE('',*,*,#1793,.T.);
#2339=ORIENTED_EDGE('',*,*,#1794,.F.);
#2340=ORIENTED_EDGE('',*,*,#1795,.F.);
#2341=ORIENTED_EDGE('',*,*,#1796,.F.);
#2342=ORIENTED_EDGE('',*,*,#1791,.T.);
#2343=ORIENTED_EDGE('',*,*,#1797,.T.);
#2344=ORIENTED_EDGE('',*,*,#1798,.F.);
#2345=ORIENTED_EDGE('',*,*,#1799,.T.);
#2346=ORIENTED_EDGE('',*,*,#1800,.T.);
#2347=ORIENTED_EDGE('',*,*,#1801,.T.);
#2348=ORIENTED_EDGE('',*,*,#1802,.F.);
#2349=ORIENTED_EDGE('',*,*,#1803,.T.);
#2350=ORIENTED_EDGE('',*,*,#1804,.F.);
#2351=ORIENTED_EDGE('',*,*,#1802,.T.);
#2352=ORIENTED_EDGE('',*,*,#1805,.T.);
#2353=ORIENTED_EDGE('',*,*,#1806,.F.);
#2354=ORIENTED_EDGE('',*,*,#1807,.F.);
#2355=ORIENTED_EDGE('',*,*,#1808,.T.);
#2356=ORIENTED_EDGE('',*,*,#1809,.T.);
#2357=ORIENTED_EDGE('',*,*,#1800,.F.);
#2358=ORIENTED_EDGE('',*,*,#1810,.F.);
#2359=ORIENTED_EDGE('',*,*,#1805,.F.);
#2360=ORIENTED_EDGE('',*,*,#1801,.F.);
#2361=ORIENTED_EDGE('',*,*,#1809,.F.);
#2362=ORIENTED_EDGE('',*,*,#1811,.F.);
#2363=ORIENTED_EDGE('',*,*,#1812,.F.);
#2364=ORIENTED_EDGE('',*,*,#1798,.T.);
#2365=ORIENTED_EDGE('',*,*,#1813,.T.);
#2366=ORIENTED_EDGE('',*,*,#1814,.F.);
#2367=ORIENTED_EDGE('',*,*,#1815,.F.);
#2368=ORIENTED_EDGE('',*,*,#1816,.F.);
#2369=ORIENTED_EDGE('',*,*,#1813,.F.);
#2370=ORIENTED_EDGE('',*,*,#1797,.F.);
#2371=ORIENTED_EDGE('',*,*,#1790,.F.);
#2372=ORIENTED_EDGE('',*,*,#1817,.F.);
#2373=ORIENTED_EDGE('',*,*,#1818,.F.);
#2374=ORIENTED_EDGE('',*,*,#1819,.T.);
#2375=ORIENTED_EDGE('',*,*,#1820,.T.);
#2376=ORIENTED_EDGE('',*,*,#1821,.F.);
#2377=ORIENTED_EDGE('',*,*,#1822,.F.);
#2378=ORIENTED_EDGE('',*,*,#1823,.T.);
#2379=ORIENTED_EDGE('',*,*,#1824,.T.);
#2380=ORIENTED_EDGE('',*,*,#1825,.F.);
#2381=ORIENTED_EDGE('',*,*,#1826,.F.);
#2382=ORIENTED_EDGE('',*,*,#1820,.F.);
#2383=ORIENTED_EDGE('',*,*,#1827,.F.);
#2384=ORIENTED_EDGE('',*,*,#1824,.F.);
#2385=ORIENTED_EDGE('',*,*,#1828,.F.);
#2386=ORIENTED_EDGE('',*,*,#1829,.T.);
#2387=ORIENTED_EDGE('',*,*,#1830,.T.);
#2388=ORIENTED_EDGE('',*,*,#1831,.T.);
#2389=ORIENTED_EDGE('',*,*,#1832,.T.);
#2390=ORIENTED_EDGE('',*,*,#1833,.T.);
#2391=ORIENTED_EDGE('',*,*,#1834,.T.);
#2392=ORIENTED_EDGE('',*,*,#1835,.T.);
#2393=ORIENTED_EDGE('',*,*,#1836,.T.);
#2394=ORIENTED_EDGE('',*,*,#1837,.T.);
#2395=ORIENTED_EDGE('',*,*,#1838,.T.);
#2396=ORIENTED_EDGE('',*,*,#1839,.T.);
#2397=ORIENTED_EDGE('',*,*,#1840,.T.);
#2398=ORIENTED_EDGE('',*,*,#1807,.T.);
#2399=ORIENTED_EDGE('',*,*,#1799,.F.);
#2400=ORIENTED_EDGE('',*,*,#1812,.T.);
#2401=ORIENTED_EDGE('',*,*,#1841,.F.);
#2402=ORIENTED_EDGE('',*,*,#1818,.T.);
#2403=ORIENTED_EDGE('',*,*,#1842,.F.);
#2404=ORIENTED_EDGE('',*,*,#1822,.T.);
#2405=ORIENTED_EDGE('',*,*,#1843,.F.);
#2406=ORIENTED_EDGE('',*,*,#1781,.F.);
#2407=ORIENTED_EDGE('',*,*,#1844,.F.);
#2408=ORIENTED_EDGE('',*,*,#1785,.F.);
#2409=ORIENTED_EDGE('',*,*,#1845,.F.);
#2410=ORIENTED_EDGE('',*,*,#1846,.F.);
#2411=ORIENTED_EDGE('',*,*,#1793,.F.);
#2412=ORIENTED_EDGE('',*,*,#1847,.F.);
#2413=ORIENTED_EDGE('',*,*,#1803,.F.);
#2414=ORIENTED_EDGE('',*,*,#1804,.T.);
#2415=ORIENTED_EDGE('',*,*,#1848,.F.);
#2416=ORIENTED_EDGE('',*,*,#1849,.T.);
#2417=ORIENTED_EDGE('',*,*,#1850,.T.);
#2418=ORIENTED_EDGE('',*,*,#1851,.T.);
#2419=ORIENTED_EDGE('',*,*,#1852,.T.);
#2420=ORIENTED_EDGE('',*,*,#1853,.T.);
#2421=ORIENTED_EDGE('',*,*,#1854,.T.);
#2422=ORIENTED_EDGE('',*,*,#1851,.F.);
#2423=ORIENTED_EDGE('',*,*,#1855,.T.);
#2424=ORIENTED_EDGE('',*,*,#1856,.T.);
#2425=ORIENTED_EDGE('',*,*,#1857,.T.);
#2426=ORIENTED_EDGE('',*,*,#1853,.F.);
#2427=ORIENTED_EDGE('',*,*,#1858,.T.);
#2428=ORIENTED_EDGE('',*,*,#1859,.T.);
#2429=ORIENTED_EDGE('',*,*,#1860,.T.);
#2430=ORIENTED_EDGE('',*,*,#1856,.F.);
#2431=ORIENTED_EDGE('',*,*,#1861,.T.);
#2432=ORIENTED_EDGE('',*,*,#1862,.T.);
#2433=ORIENTED_EDGE('',*,*,#1863,.T.);
#2434=ORIENTED_EDGE('',*,*,#1859,.F.);
#2435=ORIENTED_EDGE('',*,*,#1864,.T.);
#2436=ORIENTED_EDGE('',*,*,#1865,.T.);
#2437=ORIENTED_EDGE('',*,*,#1866,.T.);
#2438=ORIENTED_EDGE('',*,*,#1862,.F.);
#2439=ORIENTED_EDGE('',*,*,#1867,.T.);
#2440=ORIENTED_EDGE('',*,*,#1868,.T.);
#2441=ORIENTED_EDGE('',*,*,#1869,.T.);
#2442=ORIENTED_EDGE('',*,*,#1867,.F.);
#2443=ORIENTED_EDGE('',*,*,#1864,.F.);
#2444=ORIENTED_EDGE('',*,*,#1861,.F.);
#2445=ORIENTED_EDGE('',*,*,#1858,.F.);
#2446=ORIENTED_EDGE('',*,*,#1855,.F.);
#2447=ORIENTED_EDGE('',*,*,#1850,.F.);
#2448=ORIENTED_EDGE('',*,*,#1870,.T.);
#2449=ORIENTED_EDGE('',*,*,#1871,.F.);
#2450=ORIENTED_EDGE('',*,*,#1872,.T.);
#2451=ORIENTED_EDGE('',*,*,#1873,.T.);
#2452=ORIENTED_EDGE('',*,*,#1874,.T.);
#2453=ORIENTED_EDGE('',*,*,#1875,.T.);
#2454=ORIENTED_EDGE('',*,*,#1876,.T.);
#2455=ORIENTED_EDGE('',*,*,#1877,.T.);
#2456=ORIENTED_EDGE('',*,*,#1874,.F.);
#2457=ORIENTED_EDGE('',*,*,#1878,.T.);
#2458=ORIENTED_EDGE('',*,*,#1879,.T.);
#2459=ORIENTED_EDGE('',*,*,#1880,.T.);
#2460=ORIENTED_EDGE('',*,*,#1876,.F.);
#2461=ORIENTED_EDGE('',*,*,#1881,.T.);
#2462=ORIENTED_EDGE('',*,*,#1882,.T.);
#2463=ORIENTED_EDGE('',*,*,#1883,.T.);
#2464=ORIENTED_EDGE('',*,*,#1879,.F.);
#2465=ORIENTED_EDGE('',*,*,#1884,.T.);
#2466=ORIENTED_EDGE('',*,*,#1885,.T.);
#2467=ORIENTED_EDGE('',*,*,#1886,.T.);
#2468=ORIENTED_EDGE('',*,*,#1882,.F.);
#2469=ORIENTED_EDGE('',*,*,#1887,.T.);
#2470=ORIENTED_EDGE('',*,*,#1888,.T.);
#2471=ORIENTED_EDGE('',*,*,#1889,.T.);
#2472=ORIENTED_EDGE('',*,*,#1885,.F.);
#2473=ORIENTED_EDGE('',*,*,#1890,.T.);
#2474=ORIENTED_EDGE('',*,*,#1891,.T.);
#2475=ORIENTED_EDGE('',*,*,#1892,.T.);
#2476=ORIENTED_EDGE('',*,*,#1888,.F.);
#2477=ORIENTED_EDGE('',*,*,#1893,.T.);
#2478=ORIENTED_EDGE('',*,*,#1891,.F.);
#2479=ORIENTED_EDGE('',*,*,#1894,.T.);
#2480=ORIENTED_EDGE('',*,*,#1872,.F.);
#2481=ORIENTED_EDGE('',*,*,#1895,.T.);
#2482=ORIENTED_EDGE('',*,*,#1884,.F.);
#2483=ORIENTED_EDGE('',*,*,#1896,.T.);
#2484=ORIENTED_EDGE('',*,*,#1897,.F.);
#2485=ORIENTED_EDGE('',*,*,#1898,.F.);
#2486=ORIENTED_EDGE('',*,*,#1899,.T.);
#2487=ORIENTED_EDGE('',*,*,#1881,.F.);
#2488=ORIENTED_EDGE('',*,*,#1900,.F.);
#2489=ORIENTED_EDGE('',*,*,#1901,.F.);
#2490=ORIENTED_EDGE('',*,*,#1896,.F.);
#2491=ORIENTED_EDGE('',*,*,#1878,.F.);
#2492=ORIENTED_EDGE('',*,*,#1902,.T.);
#2493=ORIENTED_EDGE('',*,*,#1903,.F.);
#2494=ORIENTED_EDGE('',*,*,#1900,.T.);
#2495=ORIENTED_EDGE('',*,*,#1873,.F.);
#2496=ORIENTED_EDGE('',*,*,#1904,.F.);
#2497=ORIENTED_EDGE('',*,*,#1870,.F.);
#2498=ORIENTED_EDGE('',*,*,#1905,.F.);
#2499=ORIENTED_EDGE('',*,*,#1902,.F.);
#2500=ORIENTED_EDGE('',*,*,#1875,.F.);
#2501=ORIENTED_EDGE('',*,*,#1877,.F.);
#2502=ORIENTED_EDGE('',*,*,#1880,.F.);
#2503=ORIENTED_EDGE('',*,*,#1883,.F.);
#2504=ORIENTED_EDGE('',*,*,#1886,.F.);
#2505=ORIENTED_EDGE('',*,*,#1889,.F.);
#2506=ORIENTED_EDGE('',*,*,#1892,.F.);
#2507=ORIENTED_EDGE('',*,*,#1895,.F.);
#2508=ORIENTED_EDGE('',*,*,#1852,.F.);
#2509=ORIENTED_EDGE('',*,*,#1906,.T.);
#2510=ORIENTED_EDGE('',*,*,#1907,.T.);
#2511=ORIENTED_EDGE('',*,*,#1908,.F.);
#2512=ORIENTED_EDGE('',*,*,#1909,.T.);
#2513=ORIENTED_EDGE('',*,*,#1910,.T.);
#2514=ORIENTED_EDGE('',*,*,#1911,.F.);
#2515=ORIENTED_EDGE('',*,*,#1912,.T.);
#2516=ORIENTED_EDGE('',*,*,#1913,.T.);
#2517=ORIENTED_EDGE('',*,*,#1865,.F.);
#2518=ORIENTED_EDGE('',*,*,#1866,.F.);
#2519=ORIENTED_EDGE('',*,*,#1913,.F.);
#2520=ORIENTED_EDGE('',*,*,#1914,.T.);
#2521=ORIENTED_EDGE('',*,*,#1915,.T.);
#2522=ORIENTED_EDGE('',*,*,#1863,.F.);
#2523=ORIENTED_EDGE('',*,*,#1915,.F.);
#2524=ORIENTED_EDGE('',*,*,#1916,.T.);
#2525=ORIENTED_EDGE('',*,*,#1917,.T.);
#2526=ORIENTED_EDGE('',*,*,#1860,.F.);
#2527=ORIENTED_EDGE('',*,*,#1917,.F.);
#2528=ORIENTED_EDGE('',*,*,#1918,.T.);
#2529=ORIENTED_EDGE('',*,*,#1919,.T.);
#2530=ORIENTED_EDGE('',*,*,#1857,.F.);
#2531=ORIENTED_EDGE('',*,*,#1919,.F.);
#2532=ORIENTED_EDGE('',*,*,#1920,.T.);
#2533=ORIENTED_EDGE('',*,*,#1921,.T.);
#2534=ORIENTED_EDGE('',*,*,#1854,.F.);
#2535=ORIENTED_EDGE('',*,*,#1921,.F.);
#2536=ORIENTED_EDGE('',*,*,#1922,.T.);
#2537=ORIENTED_EDGE('',*,*,#1906,.F.);
#2538=ORIENTED_EDGE('',*,*,#1923,.F.);
#2539=ORIENTED_EDGE('',*,*,#1910,.F.);
#2540=ORIENTED_EDGE('',*,*,#1924,.T.);
#2541=ORIENTED_EDGE('',*,*,#1925,.T.);
#2542=ORIENTED_EDGE('',*,*,#1926,.T.);
#2543=ORIENTED_EDGE('',*,*,#1927,.T.);
#2544=ORIENTED_EDGE('',*,*,#1928,.T.);
#2545=ORIENTED_EDGE('',*,*,#1903,.T.);
#2546=ORIENTED_EDGE('',*,*,#1929,.T.);
#2547=ORIENTED_EDGE('',*,*,#1901,.T.);
#2548=ORIENTED_EDGE('',*,*,#1928,.F.);
#2549=ORIENTED_EDGE('',*,*,#1930,.T.);
#2550=ORIENTED_EDGE('',*,*,#1931,.T.);
#2551=ORIENTED_EDGE('',*,*,#1897,.T.);
#2552=ORIENTED_EDGE('',*,*,#1929,.F.);
#2553=ORIENTED_EDGE('',*,*,#1932,.T.);
#2554=ORIENTED_EDGE('',*,*,#1907,.F.);
#2555=ORIENTED_EDGE('',*,*,#1933,.T.);
#2556=ORIENTED_EDGE('',*,*,#1926,.F.);
#2557=ORIENTED_EDGE('',*,*,#1905,.T.);
#2558=ORIENTED_EDGE('',*,*,#1849,.F.);
#2559=ORIENTED_EDGE('',*,*,#1934,.F.);
#2560=ORIENTED_EDGE('',*,*,#1935,.T.);
#2561=ORIENTED_EDGE('',*,*,#1898,.T.);
#2562=ORIENTED_EDGE('',*,*,#1931,.F.);
#2563=ORIENTED_EDGE('',*,*,#1936,.F.);
#2564=ORIENTED_EDGE('',*,*,#1937,.F.);
#2565=ORIENTED_EDGE('',*,*,#1925,.F.);
#2566=ORIENTED_EDGE('',*,*,#1938,.T.);
#2567=ORIENTED_EDGE('',*,*,#1935,.F.);
#2568=ORIENTED_EDGE('',*,*,#1939,.F.);
#2569=ORIENTED_EDGE('',*,*,#1911,.T.);
#2570=ORIENTED_EDGE('',*,*,#1923,.T.);
#2571=ORIENTED_EDGE('',*,*,#1937,.T.);
#2572=ORIENTED_EDGE('',*,*,#1940,.T.);
#2573=ORIENTED_EDGE('',*,*,#1941,.T.);
#2574=ORIENTED_EDGE('',*,*,#1942,.T.);
#2575=ORIENTED_EDGE('',*,*,#1943,.F.);
#2576=ORIENTED_EDGE('',*,*,#1939,.T.);
#2577=ORIENTED_EDGE('',*,*,#1934,.T.);
#2578=ORIENTED_EDGE('',*,*,#1944,.T.);
#2579=ORIENTED_EDGE('',*,*,#1945,.T.);
#2580=ORIENTED_EDGE('',*,*,#1940,.F.);
#2581=ORIENTED_EDGE('',*,*,#1912,.F.);
#2582=ORIENTED_EDGE('',*,*,#1943,.T.);
#2583=ORIENTED_EDGE('',*,*,#1946,.F.);
#2584=ORIENTED_EDGE('',*,*,#1947,.T.);
#2585=ORIENTED_EDGE('',*,*,#1948,.T.);
#2586=ORIENTED_EDGE('',*,*,#1949,.T.);
#2587=ORIENTED_EDGE('',*,*,#1950,.T.);
#2588=ORIENTED_EDGE('',*,*,#1951,.T.);
#2589=ORIENTED_EDGE('',*,*,#1952,.T.);
#2590=ORIENTED_EDGE('',*,*,#1953,.F.);
#2591=ORIENTED_EDGE('',*,*,#1954,.F.);
#2592=ORIENTED_EDGE('',*,*,#1955,.T.);
#2593=ORIENTED_EDGE('',*,*,#1956,.T.);
#2594=ORIENTED_EDGE('',*,*,#1957,.T.);
#2595=ORIENTED_EDGE('',*,*,#1958,.T.);
#2596=ORIENTED_EDGE('',*,*,#1932,.F.);
#2597=ORIENTED_EDGE('',*,*,#1930,.F.);
#2598=ORIENTED_EDGE('',*,*,#1927,.F.);
#2599=ORIENTED_EDGE('',*,*,#1933,.F.);
#2600=ORIENTED_EDGE('',*,*,#1922,.F.);
#2601=ORIENTED_EDGE('',*,*,#1920,.F.);
#2602=ORIENTED_EDGE('',*,*,#1918,.F.);
#2603=ORIENTED_EDGE('',*,*,#1916,.F.);
#2604=ORIENTED_EDGE('',*,*,#1914,.F.);
#2605=ORIENTED_EDGE('',*,*,#1894,.F.);
#2606=ORIENTED_EDGE('',*,*,#1959,.T.);
#2607=ORIENTED_EDGE('',*,*,#1868,.F.);
#2608=ORIENTED_EDGE('',*,*,#1871,.T.);
#2609=ORIENTED_EDGE('',*,*,#1904,.T.);
#2610=ORIENTED_EDGE('',*,*,#1887,.F.);
#2611=ORIENTED_EDGE('',*,*,#1899,.F.);
#2612=ORIENTED_EDGE('',*,*,#1938,.F.);
#2613=ORIENTED_EDGE('',*,*,#1960,.F.);
#2614=ORIENTED_EDGE('',*,*,#1890,.F.);
#2615=ORIENTED_EDGE('',*,*,#1960,.T.);
#2616=ORIENTED_EDGE('',*,*,#1924,.F.);
#2617=ORIENTED_EDGE('',*,*,#1909,.F.);
#2618=ORIENTED_EDGE('',*,*,#1961,.T.);
#2619=ORIENTED_EDGE('',*,*,#1893,.F.);
#2620=ORIENTED_EDGE('',*,*,#1961,.F.);
#2621=ORIENTED_EDGE('',*,*,#1908,.T.);
#2622=ORIENTED_EDGE('',*,*,#1869,.F.);
#2623=ORIENTED_EDGE('',*,*,#1959,.F.);
#2624=ORIENTED_EDGE('',*,*,#1962,.F.);
#2625=ORIENTED_EDGE('',*,*,#1963,.T.);
#2626=ORIENTED_EDGE('',*,*,#1964,.T.);
#2627=ORIENTED_EDGE('',*,*,#1965,.T.);
#2628=ORIENTED_EDGE('',*,*,#1966,.T.);
#2629=ORIENTED_EDGE('',*,*,#1953,.T.);
#2630=ORIENTED_EDGE('',*,*,#1967,.T.);
#2631=ORIENTED_EDGE('',*,*,#1964,.F.);
#2632=ORIENTED_EDGE('',*,*,#1968,.T.);
#2633=ORIENTED_EDGE('',*,*,#1954,.T.);
#2634=ORIENTED_EDGE('',*,*,#1968,.F.);
#2635=ORIENTED_EDGE('',*,*,#1969,.F.);
#2636=ORIENTED_EDGE('',*,*,#1838,.F.);
#2637=ORIENTED_EDGE('',*,*,#1970,.T.);
#2638=ORIENTED_EDGE('',*,*,#1971,.F.);
#2639=ORIENTED_EDGE('',*,*,#1972,.F.);
#2640=ORIENTED_EDGE('',*,*,#1963,.F.);
#2641=ORIENTED_EDGE('',*,*,#1973,.T.);
#2642=ORIENTED_EDGE('',*,*,#1974,.F.);
#2643=ORIENTED_EDGE('',*,*,#1975,.F.);
#2644=ORIENTED_EDGE('',*,*,#1976,.F.);
#2645=ORIENTED_EDGE('',*,*,#1839,.F.);
#2646=ORIENTED_EDGE('',*,*,#1969,.T.);
#2647=ORIENTED_EDGE('',*,*,#1947,.F.);
#2648=ORIENTED_EDGE('',*,*,#1977,.T.);
#2649=ORIENTED_EDGE('',*,*,#1978,.T.);
#2650=ORIENTED_EDGE('',*,*,#1979,.T.);
#2651=ORIENTED_EDGE('',*,*,#1980,.F.);
#2652=ORIENTED_EDGE('',*,*,#1981,.T.);
#2653=ORIENTED_EDGE('',*,*,#1978,.F.);
#2654=ORIENTED_EDGE('',*,*,#1982,.T.);
#2655=ORIENTED_EDGE('',*,*,#1983,.T.);
#2656=ORIENTED_EDGE('',*,*,#1984,.T.);
#2657=ORIENTED_EDGE('',*,*,#1982,.F.);
#2658=ORIENTED_EDGE('',*,*,#1985,.F.);
#2659=ORIENTED_EDGE('',*,*,#1833,.F.);
#2660=ORIENTED_EDGE('',*,*,#1986,.T.);
#2661=ORIENTED_EDGE('',*,*,#1987,.F.);
#2662=ORIENTED_EDGE('',*,*,#1988,.F.);
#2663=ORIENTED_EDGE('',*,*,#1977,.F.);
#2664=ORIENTED_EDGE('',*,*,#1946,.T.);
#2665=ORIENTED_EDGE('',*,*,#1942,.F.);
#2666=ORIENTED_EDGE('',*,*,#1941,.F.);
#2667=ORIENTED_EDGE('',*,*,#1989,.F.);
#2668=ORIENTED_EDGE('',*,*,#1834,.F.);
#2669=ORIENTED_EDGE('',*,*,#1985,.T.);
#2670=ORIENTED_EDGE('',*,*,#1955,.F.);
#2671=ORIENTED_EDGE('',*,*,#1972,.T.);
#2672=ORIENTED_EDGE('',*,*,#1971,.T.);
#2673=ORIENTED_EDGE('',*,*,#1990,.F.);
#2674=ORIENTED_EDGE('',*,*,#1956,.F.);
#2675=ORIENTED_EDGE('',*,*,#1991,.F.);
#2676=ORIENTED_EDGE('',*,*,#1992,.T.);
#2677=ORIENTED_EDGE('',*,*,#1993,.T.);
#2678=ORIENTED_EDGE('',*,*,#1975,.T.);
#2679=ORIENTED_EDGE('',*,*,#1974,.T.);
#2680=ORIENTED_EDGE('',*,*,#1936,.T.);
#2681=ORIENTED_EDGE('',*,*,#1958,.F.);
#2682=ORIENTED_EDGE('',*,*,#1994,.T.);
#2683=ORIENTED_EDGE('',*,*,#1995,.T.);
#2684=ORIENTED_EDGE('',*,*,#1944,.F.);
#2685=ORIENTED_EDGE('',*,*,#1957,.F.);
#2686=ORIENTED_EDGE('',*,*,#1990,.T.);
#2687=ORIENTED_EDGE('',*,*,#1996,.T.);
#2688=ORIENTED_EDGE('',*,*,#1994,.F.);
#2689=ORIENTED_EDGE('',*,*,#1997,.F.);
#2690=ORIENTED_EDGE('',*,*,#1998,.T.);
#2691=ORIENTED_EDGE('',*,*,#1999,.T.);
#2692=ORIENTED_EDGE('',*,*,#2000,.T.);
#2693=ORIENTED_EDGE('',*,*,#1993,.F.);
#2694=ORIENTED_EDGE('',*,*,#1992,.F.);
#2695=ORIENTED_EDGE('',*,*,#2001,.F.);
#2696=ORIENTED_EDGE('',*,*,#2002,.T.);
#2697=ORIENTED_EDGE('',*,*,#2003,.T.);
#2698=ORIENTED_EDGE('',*,*,#1998,.F.);
#2699=ORIENTED_EDGE('',*,*,#2004,.F.);
#2700=ORIENTED_EDGE('',*,*,#2005,.T.);
#2701=ORIENTED_EDGE('',*,*,#2006,.T.);
#2702=ORIENTED_EDGE('',*,*,#2002,.F.);
#2703=ORIENTED_EDGE('',*,*,#2007,.F.);
#2704=ORIENTED_EDGE('',*,*,#2008,.T.);
#2705=ORIENTED_EDGE('',*,*,#2009,.T.);
#2706=ORIENTED_EDGE('',*,*,#2005,.F.);
#2707=ORIENTED_EDGE('',*,*,#2010,.F.);
#2708=ORIENTED_EDGE('',*,*,#2011,.T.);
#2709=ORIENTED_EDGE('',*,*,#2012,.T.);
#2710=ORIENTED_EDGE('',*,*,#2013,.T.);
#2711=ORIENTED_EDGE('',*,*,#2014,.T.);
#2712=ORIENTED_EDGE('',*,*,#2008,.F.);
#2713=ORIENTED_EDGE('',*,*,#2015,.F.);
#2714=ORIENTED_EDGE('',*,*,#1988,.T.);
#2715=ORIENTED_EDGE('',*,*,#1987,.T.);
#2716=ORIENTED_EDGE('',*,*,#2012,.F.);
#2717=ORIENTED_EDGE('',*,*,#2011,.F.);
#2718=ORIENTED_EDGE('',*,*,#2016,.F.);
#2719=ORIENTED_EDGE('',*,*,#2017,.F.);
#2720=ORIENTED_EDGE('',*,*,#2018,.F.);
#2721=ORIENTED_EDGE('',*,*,#2019,.F.);
#2722=ORIENTED_EDGE('',*,*,#1949,.F.);
#2723=ORIENTED_EDGE('',*,*,#2020,.T.);
#2724=ORIENTED_EDGE('',*,*,#1980,.T.);
#2725=ORIENTED_EDGE('',*,*,#2021,.F.);
#2726=ORIENTED_EDGE('',*,*,#1991,.T.);
#2727=ORIENTED_EDGE('',*,*,#1973,.F.);
#2728=ORIENTED_EDGE('',*,*,#1962,.T.);
#2729=ORIENTED_EDGE('',*,*,#2022,.T.);
#2730=ORIENTED_EDGE('',*,*,#2015,.T.);
#2731=ORIENTED_EDGE('',*,*,#2021,.T.);
#2732=ORIENTED_EDGE('',*,*,#1983,.F.);
#2733=ORIENTED_EDGE('',*,*,#1984,.F.);
#2734=ORIENTED_EDGE('',*,*,#1996,.F.);
#2735=ORIENTED_EDGE('',*,*,#1970,.F.);
#2736=ORIENTED_EDGE('',*,*,#1837,.F.);
#2737=ORIENTED_EDGE('',*,*,#2023,.T.);
#2738=ORIENTED_EDGE('',*,*,#1999,.F.);
#2739=ORIENTED_EDGE('',*,*,#2024,.F.);
#2740=ORIENTED_EDGE('',*,*,#1840,.F.);
#2741=ORIENTED_EDGE('',*,*,#1976,.T.);
#2742=ORIENTED_EDGE('',*,*,#2000,.F.);
#2743=ORIENTED_EDGE('',*,*,#2003,.F.);
#2744=ORIENTED_EDGE('',*,*,#2025,.F.);
#2745=ORIENTED_EDGE('',*,*,#1829,.F.);
#2746=ORIENTED_EDGE('',*,*,#2024,.T.);
#2747=ORIENTED_EDGE('',*,*,#2006,.F.);
#2748=ORIENTED_EDGE('',*,*,#2026,.F.);
#2749=ORIENTED_EDGE('',*,*,#1830,.F.);
#2750=ORIENTED_EDGE('',*,*,#2025,.T.);
#2751=ORIENTED_EDGE('',*,*,#2009,.F.);
#2752=ORIENTED_EDGE('',*,*,#2027,.F.);
#2753=ORIENTED_EDGE('',*,*,#1831,.F.);
#2754=ORIENTED_EDGE('',*,*,#2026,.T.);
#2755=ORIENTED_EDGE('',*,*,#2013,.F.);
#2756=ORIENTED_EDGE('',*,*,#1986,.F.);
#2757=ORIENTED_EDGE('',*,*,#1832,.F.);
#2758=ORIENTED_EDGE('',*,*,#2027,.T.);
#2759=ORIENTED_EDGE('',*,*,#2014,.F.);
#2760=ORIENTED_EDGE('',*,*,#1945,.F.);
#2761=ORIENTED_EDGE('',*,*,#2028,.F.);
#2762=ORIENTED_EDGE('',*,*,#1835,.F.);
#2763=ORIENTED_EDGE('',*,*,#1989,.T.);
#2764=ORIENTED_EDGE('',*,*,#1995,.F.);
#2765=ORIENTED_EDGE('',*,*,#2023,.F.);
#2766=ORIENTED_EDGE('',*,*,#1836,.F.);
#2767=ORIENTED_EDGE('',*,*,#2028,.T.);
#2768=ORIENTED_EDGE('',*,*,#1794,.T.);
#2769=ORIENTED_EDGE('',*,*,#1847,.T.);
#2770=ORIENTED_EDGE('',*,*,#1796,.T.);
#2771=ORIENTED_EDGE('',*,*,#2029,.F.);
#2772=ORIENTED_EDGE('',*,*,#1786,.T.);
#2773=ORIENTED_EDGE('',*,*,#1846,.T.);
#2774=ORIENTED_EDGE('',*,*,#1788,.T.);
#2775=ORIENTED_EDGE('',*,*,#2030,.F.);
#2776=ORIENTED_EDGE('',*,*,#1845,.T.);
#2777=ORIENTED_EDGE('',*,*,#2031,.T.);
#2778=ORIENTED_EDGE('',*,*,#2032,.F.);
#2779=ORIENTED_EDGE('',*,*,#2033,.F.);
#2780=ORIENTED_EDGE('',*,*,#1782,.T.);
#2781=ORIENTED_EDGE('',*,*,#1844,.T.);
#2782=ORIENTED_EDGE('',*,*,#2034,.T.);
#2783=ORIENTED_EDGE('',*,*,#2034,.F.);
#2784=ORIENTED_EDGE('',*,*,#2035,.T.);
#2785=ORIENTED_EDGE('',*,*,#1815,.T.);
#2786=ORIENTED_EDGE('',*,*,#2036,.F.);
#2787=ORIENTED_EDGE('',*,*,#1784,.T.);
#2788=ORIENTED_EDGE('',*,*,#2037,.F.);
#2789=ORIENTED_EDGE('',*,*,#1778,.T.);
#2790=ORIENTED_EDGE('',*,*,#1843,.T.);
#2791=ORIENTED_EDGE('',*,*,#1825,.T.);
#2792=ORIENTED_EDGE('',*,*,#1827,.T.);
#2793=ORIENTED_EDGE('',*,*,#1819,.F.);
#2794=ORIENTED_EDGE('',*,*,#1841,.T.);
#2795=ORIENTED_EDGE('',*,*,#1814,.T.);
#2796=ORIENTED_EDGE('',*,*,#1816,.T.);
#2797=ORIENTED_EDGE('',*,*,#2035,.F.);
#2798=ORIENTED_EDGE('',*,*,#1780,.T.);
#2799=ORIENTED_EDGE('',*,*,#2038,.F.);
#2800=ORIENTED_EDGE('',*,*,#1967,.F.);
#2801=ORIENTED_EDGE('',*,*,#1952,.F.);
#2802=ORIENTED_EDGE('',*,*,#2039,.T.);
#2803=ORIENTED_EDGE('',*,*,#1965,.F.);
#2804=ORIENTED_EDGE('',*,*,#2040,.T.);
#2805=ORIENTED_EDGE('',*,*,#2041,.T.);
#2806=ORIENTED_EDGE('',*,*,#2042,.T.);
#2807=ORIENTED_EDGE('',*,*,#2043,.T.);
#2808=ORIENTED_EDGE('',*,*,#2044,.T.);
#2809=ORIENTED_EDGE('',*,*,#2045,.T.);
#2810=ORIENTED_EDGE('',*,*,#2040,.F.);
#2811=ORIENTED_EDGE('',*,*,#2046,.T.);
#2812=ORIENTED_EDGE('',*,*,#2047,.T.);
#2813=ORIENTED_EDGE('',*,*,#2048,.T.);
#2814=ORIENTED_EDGE('',*,*,#2042,.F.);
#2815=ORIENTED_EDGE('',*,*,#2049,.T.);
#2816=ORIENTED_EDGE('',*,*,#2050,.T.);
#2817=ORIENTED_EDGE('',*,*,#2051,.T.);
#2818=ORIENTED_EDGE('',*,*,#2044,.F.);
#2819=ORIENTED_EDGE('',*,*,#2052,.T.);
#2820=ORIENTED_EDGE('',*,*,#2053,.T.);
#2821=ORIENTED_EDGE('',*,*,#2054,.T.);
#2822=ORIENTED_EDGE('',*,*,#2047,.F.);
#2823=ORIENTED_EDGE('',*,*,#2055,.T.);
#2824=ORIENTED_EDGE('',*,*,#2050,.F.);
#2825=ORIENTED_EDGE('',*,*,#2056,.T.);
#2826=ORIENTED_EDGE('',*,*,#2057,.T.);
#2827=ORIENTED_EDGE('',*,*,#2053,.F.);
#2828=ORIENTED_EDGE('',*,*,#2058,.T.);
#2829=ORIENTED_EDGE('',*,*,#2059,.T.);
#2830=ORIENTED_EDGE('',*,*,#2056,.F.);
#2831=ORIENTED_EDGE('',*,*,#2052,.F.);
#2832=ORIENTED_EDGE('',*,*,#2060,.T.);
#2833=ORIENTED_EDGE('',*,*,#2054,.F.);
#2834=ORIENTED_EDGE('',*,*,#2059,.F.);
#2835=ORIENTED_EDGE('',*,*,#2061,.T.);
#2836=ORIENTED_EDGE('',*,*,#2046,.F.);
#2837=ORIENTED_EDGE('',*,*,#2043,.F.);
#2838=ORIENTED_EDGE('',*,*,#2048,.F.);
#2839=ORIENTED_EDGE('',*,*,#2060,.F.);
#2840=ORIENTED_EDGE('',*,*,#2062,.F.);
#2841=ORIENTED_EDGE('',*,*,#2063,.F.);
#2842=ORIENTED_EDGE('',*,*,#2064,.T.);
#2843=ORIENTED_EDGE('',*,*,#2065,.F.);
#2844=ORIENTED_EDGE('',*,*,#2066,.F.);
#2845=ORIENTED_EDGE('',*,*,#2067,.T.);
#2846=ORIENTED_EDGE('',*,*,#2063,.T.);
#2847=ORIENTED_EDGE('',*,*,#2068,.T.);
#2848=ORIENTED_EDGE('',*,*,#2069,.F.);
#2849=ORIENTED_EDGE('',*,*,#2070,.F.);
#2850=ORIENTED_EDGE('',*,*,#2071,.F.);
#2851=ORIENTED_EDGE('',*,*,#2072,.F.);
#2852=ORIENTED_EDGE('',*,*,#2073,.T.);
#2853=ORIENTED_EDGE('',*,*,#2062,.T.);
#2854=ORIENTED_EDGE('',*,*,#2074,.T.);
#2855=ORIENTED_EDGE('',*,*,#2071,.T.);
#2856=ORIENTED_EDGE('',*,*,#2075,.T.);
#2857=ORIENTED_EDGE('',*,*,#2072,.T.);
#2858=ORIENTED_EDGE('',*,*,#2076,.T.);
#2859=ORIENTED_EDGE('',*,*,#2065,.T.);
#2860=ORIENTED_EDGE('',*,*,#2077,.T.);
#2861=ORIENTED_EDGE('',*,*,#2078,.F.);
#2862=ORIENTED_EDGE('',*,*,#2079,.T.);
#2863=ORIENTED_EDGE('',*,*,#2070,.T.);
#2864=ORIENTED_EDGE('',*,*,#2080,.T.);
#2865=ORIENTED_EDGE('',*,*,#2081,.F.);
#2866=ORIENTED_EDGE('',*,*,#2066,.T.);
#2867=ORIENTED_EDGE('',*,*,#2082,.F.);
#2868=ORIENTED_EDGE('',*,*,#2083,.T.);
#2869=ORIENTED_EDGE('',*,*,#2084,.T.);
#2870=ORIENTED_EDGE('',*,*,#2068,.F.);
#2871=ORIENTED_EDGE('',*,*,#2075,.F.);
#2872=ORIENTED_EDGE('',*,*,#2079,.F.);
#2873=ORIENTED_EDGE('',*,*,#2085,.F.);
#2874=ORIENTED_EDGE('',*,*,#2069,.T.);
#2875=ORIENTED_EDGE('',*,*,#2085,.T.);
#2876=ORIENTED_EDGE('',*,*,#2078,.T.);
#2877=ORIENTED_EDGE('',*,*,#2086,.T.);
#2878=ORIENTED_EDGE('',*,*,#2087,.T.);
#2879=ORIENTED_EDGE('',*,*,#2082,.T.);
#2880=ORIENTED_EDGE('',*,*,#2074,.F.);
#2881=ORIENTED_EDGE('',*,*,#2076,.F.);
#2882=ORIENTED_EDGE('',*,*,#2081,.T.);
#2883=ORIENTED_EDGE('',*,*,#2088,.F.);
#2884=ORIENTED_EDGE('',*,*,#2089,.T.);
#2885=ORIENTED_EDGE('',*,*,#2086,.F.);
#2886=ORIENTED_EDGE('',*,*,#2087,.F.);
#2887=ORIENTED_EDGE('',*,*,#2090,.F.);
#2888=ORIENTED_EDGE('',*,*,#2083,.F.);
#2889=ORIENTED_EDGE('',*,*,#2090,.T.);
#2890=ORIENTED_EDGE('',*,*,#2089,.F.);
#2891=ORIENTED_EDGE('',*,*,#2091,.T.);
#2892=ORIENTED_EDGE('',*,*,#2092,.F.);
#2893=ORIENTED_EDGE('',*,*,#2093,.F.);
#2894=ORIENTED_EDGE('',*,*,#2094,.T.);
#2895=ORIENTED_EDGE('',*,*,#2095,.F.);
#2896=ORIENTED_EDGE('',*,*,#2096,.F.);
#2897=ORIENTED_EDGE('',*,*,#2097,.T.);
#2898=ORIENTED_EDGE('',*,*,#2093,.T.);
#2899=ORIENTED_EDGE('',*,*,#2098,.T.);
#2900=ORIENTED_EDGE('',*,*,#2099,.F.);
#2901=ORIENTED_EDGE('',*,*,#2100,.F.);
#2902=ORIENTED_EDGE('',*,*,#2101,.F.);
#2903=ORIENTED_EDGE('',*,*,#2102,.F.);
#2904=ORIENTED_EDGE('',*,*,#2103,.T.);
#2905=ORIENTED_EDGE('',*,*,#2092,.T.);
#2906=ORIENTED_EDGE('',*,*,#2104,.T.);
#2907=ORIENTED_EDGE('',*,*,#2101,.T.);
#2908=ORIENTED_EDGE('',*,*,#2105,.T.);
#2909=ORIENTED_EDGE('',*,*,#2102,.T.);
#2910=ORIENTED_EDGE('',*,*,#2106,.T.);
#2911=ORIENTED_EDGE('',*,*,#2095,.T.);
#2912=ORIENTED_EDGE('',*,*,#2107,.T.);
#2913=ORIENTED_EDGE('',*,*,#2108,.F.);
#2914=ORIENTED_EDGE('',*,*,#2109,.T.);
#2915=ORIENTED_EDGE('',*,*,#2100,.T.);
#2916=ORIENTED_EDGE('',*,*,#2110,.T.);
#2917=ORIENTED_EDGE('',*,*,#2111,.F.);
#2918=ORIENTED_EDGE('',*,*,#2096,.T.);
#2919=ORIENTED_EDGE('',*,*,#2112,.F.);
#2920=ORIENTED_EDGE('',*,*,#2113,.T.);
#2921=ORIENTED_EDGE('',*,*,#2114,.T.);
#2922=ORIENTED_EDGE('',*,*,#2098,.F.);
#2923=ORIENTED_EDGE('',*,*,#2105,.F.);
#2924=ORIENTED_EDGE('',*,*,#2109,.F.);
#2925=ORIENTED_EDGE('',*,*,#2115,.F.);
#2926=ORIENTED_EDGE('',*,*,#2099,.T.);
#2927=ORIENTED_EDGE('',*,*,#2115,.T.);
#2928=ORIENTED_EDGE('',*,*,#2108,.T.);
#2929=ORIENTED_EDGE('',*,*,#2116,.T.);
#2930=ORIENTED_EDGE('',*,*,#2117,.T.);
#2931=ORIENTED_EDGE('',*,*,#2112,.T.);
#2932=ORIENTED_EDGE('',*,*,#2104,.F.);
#2933=ORIENTED_EDGE('',*,*,#2106,.F.);
#2934=ORIENTED_EDGE('',*,*,#2111,.T.);
#2935=ORIENTED_EDGE('',*,*,#2118,.F.);
#2936=ORIENTED_EDGE('',*,*,#2119,.T.);
#2937=ORIENTED_EDGE('',*,*,#2116,.F.);
#2938=ORIENTED_EDGE('',*,*,#2117,.F.);
#2939=ORIENTED_EDGE('',*,*,#2120,.F.);
#2940=ORIENTED_EDGE('',*,*,#2113,.F.);
#2941=ORIENTED_EDGE('',*,*,#2120,.T.);
#2942=ORIENTED_EDGE('',*,*,#2119,.F.);
#2943=ORIENTED_EDGE('',*,*,#2121,.T.);
#2944=ORIENTED_EDGE('',*,*,#2122,.F.);
#2945=ORIENTED_EDGE('',*,*,#2123,.F.);
#2946=ORIENTED_EDGE('',*,*,#2124,.T.);
#2947=ORIENTED_EDGE('',*,*,#2125,.F.);
#2948=ORIENTED_EDGE('',*,*,#2051,.F.);
#2949=ORIENTED_EDGE('',*,*,#2126,.T.);
#2950=ORIENTED_EDGE('',*,*,#2123,.T.);
#2951=ORIENTED_EDGE('',*,*,#2127,.T.);
#2952=ORIENTED_EDGE('',*,*,#2045,.F.);
#2953=ORIENTED_EDGE('',*,*,#2128,.F.);
#2954=ORIENTED_EDGE('',*,*,#2129,.F.);
#2955=ORIENTED_EDGE('',*,*,#2130,.F.);
#2956=ORIENTED_EDGE('',*,*,#2131,.T.);
#2957=ORIENTED_EDGE('',*,*,#2122,.T.);
#2958=ORIENTED_EDGE('',*,*,#2132,.T.);
#2959=ORIENTED_EDGE('',*,*,#2129,.T.);
#2960=ORIENTED_EDGE('',*,*,#2133,.T.);
#2961=ORIENTED_EDGE('',*,*,#2130,.T.);
#2962=ORIENTED_EDGE('',*,*,#2134,.T.);
#2963=ORIENTED_EDGE('',*,*,#2125,.T.);
#2964=ORIENTED_EDGE('',*,*,#2135,.T.);
#2965=ORIENTED_EDGE('',*,*,#2049,.F.);
#2966=ORIENTED_EDGE('',*,*,#2136,.T.);
#2967=ORIENTED_EDGE('',*,*,#2128,.T.);
#2968=ORIENTED_EDGE('',*,*,#2137,.T.);
#2969=ORIENTED_EDGE('',*,*,#2055,.F.);
#2970=ORIENTED_EDGE('',*,*,#2127,.F.);
#2971=ORIENTED_EDGE('',*,*,#2133,.F.);
#2972=ORIENTED_EDGE('',*,*,#2136,.F.);
#2973=ORIENTED_EDGE('',*,*,#2041,.F.);
#2974=ORIENTED_EDGE('',*,*,#2132,.F.);
#2975=ORIENTED_EDGE('',*,*,#2134,.F.);
#2976=ORIENTED_EDGE('',*,*,#2138,.F.);
#2977=ORIENTED_EDGE('',*,*,#2139,.T.);
#2978=ORIENTED_EDGE('',*,*,#1950,.F.);
#2979=ORIENTED_EDGE('',*,*,#2140,.F.);
#2980=ORIENTED_EDGE('',*,*,#2067,.F.);
#2981=ORIENTED_EDGE('',*,*,#2084,.F.);
#2982=ORIENTED_EDGE('',*,*,#2091,.F.);
#2983=ORIENTED_EDGE('',*,*,#2088,.T.);
#2984=ORIENTED_EDGE('',*,*,#2080,.F.);
#2985=ORIENTED_EDGE('',*,*,#2073,.F.);
#2986=ORIENTED_EDGE('',*,*,#2077,.F.);
#2987=ORIENTED_EDGE('',*,*,#2064,.F.);
#2988=ORIENTED_EDGE('',*,*,#2097,.F.);
#2989=ORIENTED_EDGE('',*,*,#2114,.F.);
#2990=ORIENTED_EDGE('',*,*,#2121,.F.);
#2991=ORIENTED_EDGE('',*,*,#2118,.T.);
#2992=ORIENTED_EDGE('',*,*,#2110,.F.);
#2993=ORIENTED_EDGE('',*,*,#2103,.F.);
#2994=ORIENTED_EDGE('',*,*,#2107,.F.);
#2995=ORIENTED_EDGE('',*,*,#2094,.F.);
#2996=ORIENTED_EDGE('',*,*,#2126,.F.);
#2997=ORIENTED_EDGE('',*,*,#2057,.F.);
#2998=ORIENTED_EDGE('',*,*,#2061,.F.);
#2999=ORIENTED_EDGE('',*,*,#2058,.F.);
#3000=ORIENTED_EDGE('',*,*,#2137,.F.);
#3001=ORIENTED_EDGE('',*,*,#2131,.F.);
#3002=ORIENTED_EDGE('',*,*,#2135,.F.);
#3003=ORIENTED_EDGE('',*,*,#2124,.F.);
#3004=ORIENTED_EDGE('',*,*,#2141,.T.);
#3005=ORIENTED_EDGE('',*,*,#2017,.T.);
#3006=ORIENTED_EDGE('',*,*,#2142,.T.);
#3007=ORIENTED_EDGE('',*,*,#2143,.T.);
#3008=ORIENTED_EDGE('',*,*,#2144,.F.);
#3009=ORIENTED_EDGE('',*,*,#2143,.F.);
#3010=ORIENTED_EDGE('',*,*,#2145,.T.);
#3011=ORIENTED_EDGE('',*,*,#2146,.F.);
#3012=ORIENTED_EDGE('',*,*,#2147,.F.);
#3013=ORIENTED_EDGE('',*,*,#2148,.T.);
#3014=ORIENTED_EDGE('',*,*,#2149,.T.);
#3015=ORIENTED_EDGE('',*,*,#2150,.F.);
#3016=ORIENTED_EDGE('',*,*,#2151,.F.);
#3017=ORIENTED_EDGE('',*,*,#2152,.T.);
#3018=ORIENTED_EDGE('',*,*,#2153,.F.);
#3019=ORIENTED_EDGE('',*,*,#2154,.T.);
#3020=ORIENTED_EDGE('',*,*,#2154,.F.);
#3021=ORIENTED_EDGE('',*,*,#2155,.F.);
#3022=ORIENTED_EDGE('',*,*,#2156,.F.);
#3023=ORIENTED_EDGE('',*,*,#2157,.T.);
#3024=ORIENTED_EDGE('',*,*,#2158,.F.);
#3025=ORIENTED_EDGE('',*,*,#2159,.F.);
#3026=ORIENTED_EDGE('',*,*,#2160,.T.);
#3027=ORIENTED_EDGE('',*,*,#2161,.T.);
#3028=ORIENTED_EDGE('',*,*,#2162,.F.);
#3029=ORIENTED_EDGE('',*,*,#2163,.F.);
#3030=ORIENTED_EDGE('',*,*,#2156,.T.);
#3031=ORIENTED_EDGE('',*,*,#2155,.T.);
#3032=ORIENTED_EDGE('',*,*,#2153,.T.);
#3033=ORIENTED_EDGE('',*,*,#2164,.T.);
#3034=ORIENTED_EDGE('',*,*,#2018,.T.);
#3035=ORIENTED_EDGE('',*,*,#2141,.F.);
#3036=ORIENTED_EDGE('',*,*,#2144,.T.);
#3037=ORIENTED_EDGE('',*,*,#2150,.T.);
#3038=ORIENTED_EDGE('',*,*,#2165,.T.);
#3039=ORIENTED_EDGE('',*,*,#2148,.F.);
#3040=ORIENTED_EDGE('',*,*,#2166,.F.);
#3041=ORIENTED_EDGE('',*,*,#2140,.T.);
#3042=ORIENTED_EDGE('',*,*,#2167,.F.);
#3043=ORIENTED_EDGE('',*,*,#2168,.F.);
#3044=ORIENTED_EDGE('',*,*,#2169,.F.);
#3045=ORIENTED_EDGE('',*,*,#2170,.F.);
#3046=ORIENTED_EDGE('',*,*,#2171,.F.);
#3047=ORIENTED_EDGE('',*,*,#2172,.T.);
#3048=ORIENTED_EDGE('',*,*,#2173,.T.);
#3049=ORIENTED_EDGE('',*,*,#2174,.F.);
#3050=ORIENTED_EDGE('',*,*,#2175,.F.);
#3051=ORIENTED_EDGE('',*,*,#2176,.T.);
#3052=ORIENTED_EDGE('',*,*,#2177,.T.);
#3053=ORIENTED_EDGE('',*,*,#2178,.F.);
#3054=ORIENTED_EDGE('',*,*,#2177,.F.);
#3055=ORIENTED_EDGE('',*,*,#2179,.F.);
#3056=ORIENTED_EDGE('',*,*,#2173,.F.);
#3057=ORIENTED_EDGE('',*,*,#2180,.F.);
#3058=ORIENTED_EDGE('',*,*,#2181,.F.);
#3059=ORIENTED_EDGE('',*,*,#2178,.T.);
#3060=ORIENTED_EDGE('',*,*,#2182,.T.);
#3061=ORIENTED_EDGE('',*,*,#2183,.F.);
#3062=ORIENTED_EDGE('',*,*,#2184,.F.);
#3063=ORIENTED_EDGE('',*,*,#2185,.T.);
#3064=ORIENTED_EDGE('',*,*,#2186,.T.);
#3065=ORIENTED_EDGE('',*,*,#2172,.F.);
#3066=ORIENTED_EDGE('',*,*,#2186,.F.);
#3067=ORIENTED_EDGE('',*,*,#2187,.F.);
#3068=ORIENTED_EDGE('',*,*,#2182,.F.);
#3069=ORIENTED_EDGE('',*,*,#2188,.F.);
#3070=ORIENTED_EDGE('',*,*,#2189,.T.);
#3071=ORIENTED_EDGE('',*,*,#2190,.F.);
#3072=ORIENTED_EDGE('',*,*,#2139,.F.);
#3073=ORIENTED_EDGE('',*,*,#2191,.F.);
#3074=ORIENTED_EDGE('',*,*,#2158,.T.);
#3075=ORIENTED_EDGE('',*,*,#2192,.T.);
#3076=ORIENTED_EDGE('',*,*,#2159,.T.);
#3077=ORIENTED_EDGE('',*,*,#2191,.T.);
#3078=ORIENTED_EDGE('',*,*,#2138,.T.);
#3079=ORIENTED_EDGE('',*,*,#2166,.T.);
#3080=ORIENTED_EDGE('',*,*,#2147,.T.);
#3081=ORIENTED_EDGE('',*,*,#2171,.T.);
#3082=ORIENTED_EDGE('',*,*,#2193,.F.);
#3083=ORIENTED_EDGE('',*,*,#2175,.T.);
#3084=ORIENTED_EDGE('',*,*,#2181,.T.);
#3085=ORIENTED_EDGE('',*,*,#2194,.F.);
#3086=ORIENTED_EDGE('',*,*,#2184,.T.);
#3087=ORIENTED_EDGE('',*,*,#2192,.F.);
#3088=ORIENTED_EDGE('',*,*,#2146,.T.);
#3089=ORIENTED_EDGE('',*,*,#2195,.F.);
#3090=ORIENTED_EDGE('',*,*,#2160,.F.);
#3091=ORIENTED_EDGE('',*,*,#2167,.T.);
#3092=ORIENTED_EDGE('',*,*,#2019,.T.);
#3093=ORIENTED_EDGE('',*,*,#2164,.F.);
#3094=ORIENTED_EDGE('',*,*,#2149,.F.);
#3095=ORIENTED_EDGE('',*,*,#2165,.F.);
#3096=ORIENTED_EDGE('',*,*,#1997,.T.);
#3097=ORIENTED_EDGE('',*,*,#2196,.T.);
#3098=ORIENTED_EDGE('',*,*,#2151,.T.);
#3099=ORIENTED_EDGE('',*,*,#2161,.F.);
#3100=ORIENTED_EDGE('',*,*,#2197,.F.);
#3101=ORIENTED_EDGE('',*,*,#2010,.T.);
#3102=ORIENTED_EDGE('',*,*,#2198,.F.);
#3103=ORIENTED_EDGE('',*,*,#2145,.F.);
#3104=ORIENTED_EDGE('',*,*,#2142,.F.);
#3105=ORIENTED_EDGE('',*,*,#2016,.T.);
#3106=ORIENTED_EDGE('',*,*,#1783,.T.);
#3107=ORIENTED_EDGE('',*,*,#2037,.T.);
#3108=ORIENTED_EDGE('',*,*,#2033,.T.);
#3109=ORIENTED_EDGE('',*,*,#2199,.F.);
#3110=ORIENTED_EDGE('',*,*,#2031,.F.);
#3111=ORIENTED_EDGE('',*,*,#2036,.T.);
#3112=ORIENTED_EDGE('',*,*,#1817,.T.);
#3113=ORIENTED_EDGE('',*,*,#1789,.F.);
#3114=ORIENTED_EDGE('',*,*,#1787,.T.);
#3115=ORIENTED_EDGE('',*,*,#2030,.T.);
#3116=ORIENTED_EDGE('',*,*,#2032,.T.);
#3117=ORIENTED_EDGE('',*,*,#2199,.T.);
#3118=ORIENTED_EDGE('',*,*,#2200,.F.);
#3119=ORIENTED_EDGE('',*,*,#2201,.T.);
#3120=ORIENTED_EDGE('',*,*,#2202,.F.);
#3121=ORIENTED_EDGE('',*,*,#2201,.F.);
#3122=ORIENTED_EDGE('',*,*,#2200,.T.);
#3123=ORIENTED_EDGE('',*,*,#2203,.F.);
#3124=ORIENTED_EDGE('',*,*,#2204,.T.);
#3125=ORIENTED_EDGE('',*,*,#2205,.F.);
#3126=ORIENTED_EDGE('',*,*,#2204,.F.);
#3127=ORIENTED_EDGE('',*,*,#2203,.T.);
#3128=ORIENTED_EDGE('',*,*,#2206,.F.);
#3129=ORIENTED_EDGE('',*,*,#2207,.T.);
#3130=ORIENTED_EDGE('',*,*,#1811,.T.);
#3131=ORIENTED_EDGE('',*,*,#1808,.F.);
#3132=ORIENTED_EDGE('',*,*,#1848,.T.);
#3133=ORIENTED_EDGE('',*,*,#1806,.T.);
#3134=ORIENTED_EDGE('',*,*,#1810,.T.);
#3135=ORIENTED_EDGE('',*,*,#2207,.F.);
#3136=ORIENTED_EDGE('',*,*,#2206,.T.);
#3137=ORIENTED_EDGE('',*,*,#2202,.T.);
#3138=ORIENTED_EDGE('',*,*,#2208,.F.);
#3139=ORIENTED_EDGE('',*,*,#2209,.T.);
#3140=ORIENTED_EDGE('',*,*,#1828,.T.);
#3141=ORIENTED_EDGE('',*,*,#1823,.F.);
#3142=ORIENTED_EDGE('',*,*,#1842,.T.);
#3143=ORIENTED_EDGE('',*,*,#1821,.T.);
#3144=ORIENTED_EDGE('',*,*,#1826,.T.);
#3145=ORIENTED_EDGE('',*,*,#2209,.F.);
#3146=ORIENTED_EDGE('',*,*,#2208,.T.);
#3147=ORIENTED_EDGE('',*,*,#2205,.T.);
#3148=ORIENTED_EDGE('',*,*,#2210,.T.);
#3149=ORIENTED_EDGE('',*,*,#2211,.T.);
#3150=ORIENTED_EDGE('',*,*,#2212,.T.);
#3151=ORIENTED_EDGE('',*,*,#2211,.F.);
#3152=ORIENTED_EDGE('',*,*,#2212,.F.);
#3153=ORIENTED_EDGE('',*,*,#2213,.T.);
#3154=ORIENTED_EDGE('',*,*,#2168,.T.);
#3155=ORIENTED_EDGE('',*,*,#2213,.F.);
#3156=ORIENTED_EDGE('',*,*,#2214,.T.);
#3157=ORIENTED_EDGE('',*,*,#2210,.F.);
#3158=ORIENTED_EDGE('',*,*,#2215,.T.);
#3159=ORIENTED_EDGE('',*,*,#2216,.T.);
#3160=ORIENTED_EDGE('',*,*,#2217,.T.);
#3161=ORIENTED_EDGE('',*,*,#2216,.F.);
#3162=ORIENTED_EDGE('',*,*,#2217,.F.);
#3163=ORIENTED_EDGE('',*,*,#2218,.T.);
#3164=ORIENTED_EDGE('',*,*,#2170,.T.);
#3165=ORIENTED_EDGE('',*,*,#2218,.F.);
#3166=ORIENTED_EDGE('',*,*,#2219,.T.);
#3167=ORIENTED_EDGE('',*,*,#2215,.F.);
#3168=ORIENTED_EDGE('',*,*,#2220,.T.);
#3169=ORIENTED_EDGE('',*,*,#2221,.T.);
#3170=ORIENTED_EDGE('',*,*,#2222,.T.);
#3171=ORIENTED_EDGE('',*,*,#2221,.F.);
#3172=ORIENTED_EDGE('',*,*,#2222,.F.);
#3173=ORIENTED_EDGE('',*,*,#2223,.T.);
#3174=ORIENTED_EDGE('',*,*,#2169,.T.);
#3175=ORIENTED_EDGE('',*,*,#2223,.F.);
#3176=ORIENTED_EDGE('',*,*,#2224,.T.);
#3177=ORIENTED_EDGE('',*,*,#2220,.F.);
#3178=ORIENTED_EDGE('',*,*,#2225,.F.);
#3179=ORIENTED_EDGE('',*,*,#2226,.T.);
#3180=ORIENTED_EDGE('',*,*,#2227,.T.);
#3181=ORIENTED_EDGE('',*,*,#2228,.F.);
#3182=ORIENTED_EDGE('',*,*,#2229,.F.);
#3183=ORIENTED_EDGE('',*,*,#2230,.T.);
#3184=ORIENTED_EDGE('',*,*,#2231,.T.);
#3185=ORIENTED_EDGE('',*,*,#2226,.F.);
#3186=ORIENTED_EDGE('',*,*,#2232,.F.);
#3187=ORIENTED_EDGE('',*,*,#2233,.T.);
#3188=ORIENTED_EDGE('',*,*,#2234,.T.);
#3189=ORIENTED_EDGE('',*,*,#2235,.F.);
#3190=ORIENTED_EDGE('',*,*,#2236,.F.);
#3191=ORIENTED_EDGE('',*,*,#2237,.T.);
#3192=ORIENTED_EDGE('',*,*,#2238,.T.);
#3193=ORIENTED_EDGE('',*,*,#2233,.F.);
#3194=ORIENTED_EDGE('',*,*,#2239,.F.);
#3195=ORIENTED_EDGE('',*,*,#2240,.T.);
#3196=ORIENTED_EDGE('',*,*,#2241,.T.);
#3197=ORIENTED_EDGE('',*,*,#2242,.F.);
#3198=ORIENTED_EDGE('',*,*,#2243,.F.);
#3199=ORIENTED_EDGE('',*,*,#2244,.T.);
#3200=ORIENTED_EDGE('',*,*,#2245,.T.);
#3201=ORIENTED_EDGE('',*,*,#2240,.F.);
#3202=ORIENTED_EDGE('',*,*,#2246,.F.);
#3203=ORIENTED_EDGE('',*,*,#2247,.T.);
#3204=ORIENTED_EDGE('',*,*,#2248,.T.);
#3205=ORIENTED_EDGE('',*,*,#2249,.F.);
#3206=ORIENTED_EDGE('',*,*,#2250,.F.);
#3207=ORIENTED_EDGE('',*,*,#2251,.T.);
#3208=ORIENTED_EDGE('',*,*,#2252,.T.);
#3209=ORIENTED_EDGE('',*,*,#2247,.F.);
#3210=ORIENTED_EDGE('',*,*,#2253,.F.);
#3211=ORIENTED_EDGE('',*,*,#2227,.F.);
#3212=ORIENTED_EDGE('',*,*,#2231,.F.);
#3213=ORIENTED_EDGE('',*,*,#2254,.F.);
#3214=ORIENTED_EDGE('',*,*,#2234,.F.);
#3215=ORIENTED_EDGE('',*,*,#2238,.F.);
#3216=ORIENTED_EDGE('',*,*,#2255,.F.);
#3217=ORIENTED_EDGE('',*,*,#2241,.F.);
#3218=ORIENTED_EDGE('',*,*,#2245,.F.);
#3219=ORIENTED_EDGE('',*,*,#2256,.F.);
#3220=ORIENTED_EDGE('',*,*,#2248,.F.);
#3221=ORIENTED_EDGE('',*,*,#2252,.F.);
#3222=ORIENTED_EDGE('',*,*,#2257,.F.);
#3223=ORIENTED_EDGE('',*,*,#2258,.F.);
#3224=ORIENTED_EDGE('',*,*,#2259,.T.);
#3225=ORIENTED_EDGE('',*,*,#2260,.T.);
#3226=ORIENTED_EDGE('',*,*,#2261,.F.);
#3227=ORIENTED_EDGE('',*,*,#2262,.F.);
#3228=ORIENTED_EDGE('',*,*,#2263,.T.);
#3229=ORIENTED_EDGE('',*,*,#2264,.T.);
#3230=ORIENTED_EDGE('',*,*,#2259,.F.);
#3231=ORIENTED_EDGE('',*,*,#2265,.F.);
#3232=ORIENTED_EDGE('',*,*,#2266,.T.);
#3233=ORIENTED_EDGE('',*,*,#2267,.T.);
#3234=ORIENTED_EDGE('',*,*,#2268,.F.);
#3235=ORIENTED_EDGE('',*,*,#2269,.F.);
#3236=ORIENTED_EDGE('',*,*,#2270,.T.);
#3237=ORIENTED_EDGE('',*,*,#2271,.T.);
#3238=ORIENTED_EDGE('',*,*,#2266,.F.);
#3239=ORIENTED_EDGE('',*,*,#2272,.F.);
#3240=ORIENTED_EDGE('',*,*,#2273,.T.);
#3241=ORIENTED_EDGE('',*,*,#2274,.T.);
#3242=ORIENTED_EDGE('',*,*,#2275,.F.);
#3243=ORIENTED_EDGE('',*,*,#2276,.F.);
#3244=ORIENTED_EDGE('',*,*,#2277,.T.);
#3245=ORIENTED_EDGE('',*,*,#2278,.T.);
#3246=ORIENTED_EDGE('',*,*,#2273,.F.);
#3247=ORIENTED_EDGE('',*,*,#2279,.F.);
#3248=ORIENTED_EDGE('',*,*,#2280,.T.);
#3249=ORIENTED_EDGE('',*,*,#2281,.T.);
#3250=ORIENTED_EDGE('',*,*,#2282,.F.);
#3251=ORIENTED_EDGE('',*,*,#2283,.F.);
#3252=ORIENTED_EDGE('',*,*,#2284,.T.);
#3253=ORIENTED_EDGE('',*,*,#2285,.T.);
#3254=ORIENTED_EDGE('',*,*,#2280,.F.);
#3255=ORIENTED_EDGE('',*,*,#2285,.F.);
#3256=ORIENTED_EDGE('',*,*,#2286,.F.);
#3257=ORIENTED_EDGE('',*,*,#2287,.F.);
#3258=ORIENTED_EDGE('',*,*,#2260,.F.);
#3259=ORIENTED_EDGE('',*,*,#2264,.F.);
#3260=ORIENTED_EDGE('',*,*,#2288,.F.);
#3261=ORIENTED_EDGE('',*,*,#2267,.F.);
#3262=ORIENTED_EDGE('',*,*,#2271,.F.);
#3263=ORIENTED_EDGE('',*,*,#2289,.F.);
#3264=ORIENTED_EDGE('',*,*,#2274,.F.);
#3265=ORIENTED_EDGE('',*,*,#2278,.F.);
#3266=ORIENTED_EDGE('',*,*,#2290,.F.);
#3267=ORIENTED_EDGE('',*,*,#2281,.F.);
#3268=ORIENTED_EDGE('',*,*,#2243,.T.);
#3269=ORIENTED_EDGE('',*,*,#2239,.T.);
#3270=ORIENTED_EDGE('',*,*,#2291,.F.);
#3271=ORIENTED_EDGE('',*,*,#2250,.T.);
#3272=ORIENTED_EDGE('',*,*,#2246,.T.);
#3273=ORIENTED_EDGE('',*,*,#2292,.F.);
#3274=ORIENTED_EDGE('',*,*,#2232,.T.);
#3275=ORIENTED_EDGE('',*,*,#2293,.F.);
#3276=ORIENTED_EDGE('',*,*,#2236,.T.);
#3277=ORIENTED_EDGE('',*,*,#2276,.T.);
#3278=ORIENTED_EDGE('',*,*,#2272,.T.);
#3279=ORIENTED_EDGE('',*,*,#2294,.F.);
#3280=ORIENTED_EDGE('',*,*,#2283,.T.);
#3281=ORIENTED_EDGE('',*,*,#2279,.T.);
#3282=ORIENTED_EDGE('',*,*,#2295,.F.);
#3283=ORIENTED_EDGE('',*,*,#2265,.T.);
#3284=ORIENTED_EDGE('',*,*,#2296,.F.);
#3285=ORIENTED_EDGE('',*,*,#2269,.T.);
#3286=ORIENTED_EDGE('',*,*,#2297,.F.);
#3287=ORIENTED_EDGE('',*,*,#2298,.T.);
#3288=ORIENTED_EDGE('',*,*,#2257,.T.);
#3289=ORIENTED_EDGE('',*,*,#2251,.F.);
#3290=ORIENTED_EDGE('',*,*,#2292,.T.);
#3291=ORIENTED_EDGE('',*,*,#2249,.T.);
#3292=ORIENTED_EDGE('',*,*,#2256,.T.);
#3293=ORIENTED_EDGE('',*,*,#2244,.F.);
#3294=ORIENTED_EDGE('',*,*,#2291,.T.);
#3295=ORIENTED_EDGE('',*,*,#2242,.T.);
#3296=ORIENTED_EDGE('',*,*,#2255,.T.);
#3297=ORIENTED_EDGE('',*,*,#2237,.F.);
#3298=ORIENTED_EDGE('',*,*,#2293,.T.);
#3299=ORIENTED_EDGE('',*,*,#2235,.T.);
#3300=ORIENTED_EDGE('',*,*,#2254,.T.);
#3301=ORIENTED_EDGE('',*,*,#2230,.F.);
#3302=ORIENTED_EDGE('',*,*,#2299,.T.);
#3303=ORIENTED_EDGE('',*,*,#2228,.T.);
#3304=ORIENTED_EDGE('',*,*,#2253,.T.);
#3305=ORIENTED_EDGE('',*,*,#2298,.F.);
#3306=ORIENTED_EDGE('',*,*,#2225,.T.);
#3307=ORIENTED_EDGE('',*,*,#2299,.F.);
#3308=ORIENTED_EDGE('',*,*,#2229,.T.);
#3309=ORIENTED_EDGE('',*,*,#2300,.F.);
#3310=ORIENTED_EDGE('',*,*,#2301,.T.);
#3311=ORIENTED_EDGE('',*,*,#2286,.T.);
#3312=ORIENTED_EDGE('',*,*,#2284,.F.);
#3313=ORIENTED_EDGE('',*,*,#2295,.T.);
#3314=ORIENTED_EDGE('',*,*,#2282,.T.);
#3315=ORIENTED_EDGE('',*,*,#2290,.T.);
#3316=ORIENTED_EDGE('',*,*,#2277,.F.);
#3317=ORIENTED_EDGE('',*,*,#2294,.T.);
#3318=ORIENTED_EDGE('',*,*,#2275,.T.);
#3319=ORIENTED_EDGE('',*,*,#2289,.T.);
#3320=ORIENTED_EDGE('',*,*,#2270,.F.);
#3321=ORIENTED_EDGE('',*,*,#2296,.T.);
#3322=ORIENTED_EDGE('',*,*,#2268,.T.);
#3323=ORIENTED_EDGE('',*,*,#2288,.T.);
#3324=ORIENTED_EDGE('',*,*,#2263,.F.);
#3325=ORIENTED_EDGE('',*,*,#2302,.T.);
#3326=ORIENTED_EDGE('',*,*,#2261,.T.);
#3327=ORIENTED_EDGE('',*,*,#2287,.T.);
#3328=ORIENTED_EDGE('',*,*,#2301,.F.);
#3329=ORIENTED_EDGE('',*,*,#2258,.T.);
#3330=ORIENTED_EDGE('',*,*,#2302,.F.);
#3331=ORIENTED_EDGE('',*,*,#2262,.T.);
#3332=ORIENTED_EDGE('',*,*,#2303,.T.);
#3333=ORIENTED_EDGE('',*,*,#2304,.T.);
#3334=ORIENTED_EDGE('',*,*,#2029,.T.);
#3335=ORIENTED_EDGE('',*,*,#1795,.T.);
#3336=ORIENTED_EDGE('',*,*,#2304,.F.);
#3337=ORIENTED_EDGE('',*,*,#2303,.F.);
#3338=ORIENTED_EDGE('',*,*,#2300,.T.);
#3339=ORIENTED_EDGE('',*,*,#2305,.T.);
#3340=ORIENTED_EDGE('',*,*,#2306,.T.);
#3341=ORIENTED_EDGE('',*,*,#2038,.T.);
#3342=ORIENTED_EDGE('',*,*,#1779,.T.);
#3343=ORIENTED_EDGE('',*,*,#2306,.F.);
#3344=ORIENTED_EDGE('',*,*,#2305,.F.);
#3345=ORIENTED_EDGE('',*,*,#2297,.T.);
#3346=ORIENTED_EDGE('',*,*,#1981,.F.);
#3347=ORIENTED_EDGE('',*,*,#2020,.F.);
#3348=ORIENTED_EDGE('',*,*,#1948,.F.);
#3349=ORIENTED_EDGE('',*,*,#1979,.F.);
#3350=ORIENTED_EDGE('',*,*,#2307,.F.);
#3351=ORIENTED_EDGE('',*,*,#2308,.T.);
#3352=ORIENTED_EDGE('',*,*,#2174,.T.);
#3353=ORIENTED_EDGE('',*,*,#2179,.T.);
#3354=ORIENTED_EDGE('',*,*,#2176,.F.);
#3355=ORIENTED_EDGE('',*,*,#2193,.T.);
#3356=ORIENTED_EDGE('',*,*,#2308,.F.);
#3357=ORIENTED_EDGE('',*,*,#2307,.T.);
#3358=ORIENTED_EDGE('',*,*,#2309,.F.);
#3359=ORIENTED_EDGE('',*,*,#2310,.F.);
#3360=ORIENTED_EDGE('',*,*,#2311,.T.);
#3361=ORIENTED_EDGE('',*,*,#2312,.T.);
#3362=ORIENTED_EDGE('',*,*,#2180,.T.);
#3363=ORIENTED_EDGE('',*,*,#2313,.F.);
#3364=ORIENTED_EDGE('',*,*,#2313,.T.);
#3365=ORIENTED_EDGE('',*,*,#2188,.T.);
#3366=ORIENTED_EDGE('',*,*,#2312,.F.);
#3367=ORIENTED_EDGE('',*,*,#2311,.F.);
#3368=ORIENTED_EDGE('',*,*,#2310,.T.);
#3369=ORIENTED_EDGE('',*,*,#2314,.F.);
#3370=ORIENTED_EDGE('',*,*,#2315,.F.);
#3371=ORIENTED_EDGE('',*,*,#2316,.T.);
#3372=ORIENTED_EDGE('',*,*,#2194,.T.);
#3373=ORIENTED_EDGE('',*,*,#2183,.T.);
#3374=ORIENTED_EDGE('',*,*,#2187,.T.);
#3375=ORIENTED_EDGE('',*,*,#2185,.F.);
#3376=ORIENTED_EDGE('',*,*,#2316,.F.);
#3377=ORIENTED_EDGE('',*,*,#2315,.T.);
#3378=ORIENTED_EDGE('',*,*,#2317,.F.);
#3379=ORIENTED_EDGE('',*,*,#2214,.F.);
#3380=ORIENTED_EDGE('',*,*,#2318,.T.);
#3381=ORIENTED_EDGE('',*,*,#2309,.T.);
#3382=ORIENTED_EDGE('',*,*,#2318,.F.);
#3383=ORIENTED_EDGE('',*,*,#2219,.F.);
#3384=ORIENTED_EDGE('',*,*,#2319,.T.);
#3385=ORIENTED_EDGE('',*,*,#2314,.T.);
#3386=ORIENTED_EDGE('',*,*,#2319,.F.);
#3387=ORIENTED_EDGE('',*,*,#2224,.F.);
#3388=ORIENTED_EDGE('',*,*,#2320,.T.);
#3389=ORIENTED_EDGE('',*,*,#2317,.T.);
#3390=ORIENTED_EDGE('',*,*,#2320,.F.);
#3391=ORIENTED_EDGE('',*,*,#1951,.F.);
#3392=ORIENTED_EDGE('',*,*,#2321,.F.);
#3393=ORIENTED_EDGE('',*,*,#2162,.T.);
#3394=ORIENTED_EDGE('',*,*,#2152,.F.);
#3395=ORIENTED_EDGE('',*,*,#2196,.F.);
#3396=ORIENTED_EDGE('',*,*,#2022,.F.);
#3397=ORIENTED_EDGE('',*,*,#1966,.F.);
#3398=ORIENTED_EDGE('',*,*,#2039,.F.);
#3399=ORIENTED_EDGE('',*,*,#2198,.T.);
#3400=ORIENTED_EDGE('',*,*,#2007,.T.);
#3401=ORIENTED_EDGE('',*,*,#2004,.T.);
#3402=ORIENTED_EDGE('',*,*,#2001,.T.);
#3403=ORIENTED_EDGE('',*,*,#2197,.T.);
#3404=ORIENTED_EDGE('',*,*,#2195,.T.);
#3405=ORIENTED_EDGE('',*,*,#2190,.T.);
#3406=ORIENTED_EDGE('',*,*,#2189,.F.);
#3407=ORIENTED_EDGE('',*,*,#2157,.F.);
#3408=ORIENTED_EDGE('',*,*,#2163,.T.);
#3409=ORIENTED_EDGE('',*,*,#2321,.T.);
#3410=CYLINDRICAL_SURFACE('',#3783,4.);
#3411=CYLINDRICAL_SURFACE('',#3786,0.65);
#3412=CYLINDRICAL_SURFACE('',#3789,0.65);
#3413=CYLINDRICAL_SURFACE('',#3793,4.);
#3414=CYLINDRICAL_SURFACE('',#3831,0.5);
#3415=CYLINDRICAL_SURFACE('',#3836,0.5);
#3416=CYLINDRICAL_SURFACE('',#3841,0.5);
#3417=CYLINDRICAL_SURFACE('',#3844,0.5);
#3418=CYLINDRICAL_SURFACE('',#3850,0.5);
#3419=CYLINDRICAL_SURFACE('',#3855,0.5);
#3420=CYLINDRICAL_SURFACE('',#3860,0.5);
#3421=CYLINDRICAL_SURFACE('',#3864,0.75);
#3422=CYLINDRICAL_SURFACE('',#3868,0.75);
#3423=CYLINDRICAL_SURFACE('',#3879,1.5);
#3424=CYLINDRICAL_SURFACE('',#3884,1.5);
#3425=CYLINDRICAL_SURFACE('',#3889,1.5);
#3426=CYLINDRICAL_SURFACE('',#3897,1.5);
#3427=CYLINDRICAL_SURFACE('',#3902,1.5);
#3428=CYLINDRICAL_SURFACE('',#3905,1.5);
#3429=CYLINDRICAL_SURFACE('',#3910,0.75);
#3430=CYLINDRICAL_SURFACE('',#3912,0.75);
#3431=CYLINDRICAL_SURFACE('',#3918,2.);
#3432=CYLINDRICAL_SURFACE('',#3920,2.);
#3433=CYLINDRICAL_SURFACE('',#3923,2.);
#3434=CYLINDRICAL_SURFACE('',#3928,2.);
#3435=CYLINDRICAL_SURFACE('',#3940,4.5);
#3436=CYLINDRICAL_SURFACE('',#3942,4.5);
#3437=CYLINDRICAL_SURFACE('',#3944,4.5);
#3438=CYLINDRICAL_SURFACE('',#3946,4.5);
#3439=CYLINDRICAL_SURFACE('',#3948,4.);
#3440=CYLINDRICAL_SURFACE('',#3950,0.65);
#3441=CYLINDRICAL_SURFACE('',#3952,0.65);
#3442=CYLINDRICAL_SURFACE('',#3954,0.65);
#3443=CYLINDRICAL_SURFACE('',#3956,4.);
#3444=CYLINDRICAL_SURFACE('',#3970,2.65);
#3445=CYLINDRICAL_SURFACE('',#3980,0.5);
#3446=CYLINDRICAL_SURFACE('',#3984,2.4);
#3447=CYLINDRICAL_SURFACE('',#3990,2.65);
#3448=CYLINDRICAL_SURFACE('',#4002,0.5);
#3449=CYLINDRICAL_SURFACE('',#4006,2.4);
#3450=CYLINDRICAL_SURFACE('',#4012,2.65);
#3451=CYLINDRICAL_SURFACE('',#4024,0.5);
#3452=CYLINDRICAL_SURFACE('',#4027,2.4);
#3453=CYLINDRICAL_SURFACE('',#4058,0.65);
#3454=CYLINDRICAL_SURFACE('',#4062,0.875);
#3455=CYLINDRICAL_SURFACE('',#4066,0.875);
#3456=CYLINDRICAL_SURFACE('',#4070,1.5);
#3457=CYLINDRICAL_SURFACE('',#4073,1.5);
#3458=CYLINDRICAL_SURFACE('',#4079,1.65);
#3459=CYLINDRICAL_SURFACE('',#4085,1.65);
#3460=CYLINDRICAL_SURFACE('',#4091,1.65);
#3461=CYLINDRICAL_SURFACE('',#4134,2.65);
#3462=CYLINDRICAL_SURFACE('',#4138,2.65);
#3463=CYLINDRICAL_SURFACE('',#4151,2.65);
#3464=CYLINDRICAL_SURFACE('',#4155,2.65);
#3465=CYLINDRICAL_SURFACE('',#4159,2.65);
#3466=CYLINDRICAL_SURFACE('',#4163,2.4);
#3467=CYLINDRICAL_SURFACE('',#4164,2.4);
#3468=CYLINDRICAL_SURFACE('',#4165,2.4);
#3469=STYLED_ITEM('',(#7825),#3539);
#3470=STYLED_ITEM('',(#7824),#3540);
#3471=STYLED_ITEM('',(#7826),#3541);
#3472=STYLED_ITEM('',(#7825),#3542);
#3473=STYLED_ITEM('',(#7824),#3545);
#3474=STYLED_ITEM('',(#7824),#3547);
#3475=STYLED_ITEM('',(#7824),#3550);
#3476=STYLED_ITEM('',(#7825),#3622);
#3477=STYLED_ITEM('',(#7826),#3623);
#3478=STYLED_ITEM('',(#7827),#3624);
#3479=STYLED_ITEM('',(#7824),#3625);
#3480=STYLED_ITEM('',(#7825),#3626);
#3481=STYLED_ITEM('',(#7828),#3679);
#3482=STYLED_ITEM('',(#7828),#3680);
#3483=STYLED_ITEM('',(#7828),#3681);
#3484=STYLED_ITEM('',(#7824),#3684);
#3485=STYLED_ITEM('',(#7824),#3687);
#3486=STYLED_ITEM('',(#7824),#3694);
#3487=STYLED_ITEM('',(#7827),#3695);
#3488=STYLED_ITEM('',(#7826),#3696);
#3489=STYLED_ITEM('',(#7827),#3697);
#3490=STYLED_ITEM('',(#7829),#3698);
#3491=STYLED_ITEM('',(#7829),#3699);
#3492=STYLED_ITEM('',(#7829),#3700);
#3493=STYLED_ITEM('',(#7829),#3701);
#3494=STYLED_ITEM('',(#7824),#3702);
#3495=STYLED_ITEM('',(#7824),#3703);
#3496=STYLED_ITEM('',(#7827),#3704);
#3497=STYLED_ITEM('',(#7827),#3705);
#3498=STYLED_ITEM('',(#7828),#3706);
#3499=STYLED_ITEM('',(#7828),#3707);
#3500=STYLED_ITEM('',(#7828),#3708);
#3501=STYLED_ITEM('',(#7828),#3709);
#3502=STYLED_ITEM('',(#7828),#3710);
#3503=STYLED_ITEM('',(#7828),#3711);
#3504=STYLED_ITEM('',(#7828),#3712);
#3505=STYLED_ITEM('',(#7828),#3713);
#3506=STYLED_ITEM('',(#7828),#3714);
#3507=STYLED_ITEM('',(#7830),#3715);
#3508=STYLED_ITEM('',(#7830),#3716);
#3509=STYLED_ITEM('',(#7830),#3717);
#3510=STYLED_ITEM('',(#7830),#3718);
#3511=STYLED_ITEM('',(#7830),#3719);
#3512=STYLED_ITEM('',(#7830),#3720);
#3513=STYLED_ITEM('',(#7830),#3721);
#3514=STYLED_ITEM('',(#7830),#3722);
#3515=STYLED_ITEM('',(#7830),#3723);
#3516=STYLED_ITEM('',(#7830),#3724);
#3517=STYLED_ITEM('',(#7830),#3725);
#3518=STYLED_ITEM('',(#7830),#3726);
#3519=STYLED_ITEM('',(#7830),#3727);
#3520=STYLED_ITEM('',(#7830),#3728);
#3521=STYLED_ITEM('',(#7830),#3729);
#3522=STYLED_ITEM('',(#7830),#3730);
#3523=STYLED_ITEM('',(#7830),#3731);
#3524=STYLED_ITEM('',(#7830),#3732);
#3525=STYLED_ITEM('',(#7830),#3733);
#3526=STYLED_ITEM('',(#7830),#3734);
#3527=STYLED_ITEM('',(#7830),#3735);
#3528=STYLED_ITEM('',(#7830),#3736);
#3529=STYLED_ITEM('',(#7830),#3737);
#3530=STYLED_ITEM('',(#7830),#3738);
#3531=STYLED_ITEM('',(#7830),#3740);
#3532=STYLED_ITEM('',(#7830),#3742);
#3533=STYLED_ITEM('',(#7825),#3743);
#3534=STYLED_ITEM('',(#7825),#3744);
#3535=STYLED_ITEM('',(#7825),#3745);
#3536=STYLED_ITEM('',(#7825),#3746);
#3537=STYLED_ITEM('',(#7824),#3758);
#3538=STYLED_ITEM('',(#7823),#13);
#3539=ADVANCED_FACE('',(#289),#3410,.T.);
#3540=ADVANCED_FACE('',(#290),#3411,.T.);
#3541=ADVANCED_FACE('',(#291),#3412,.T.);
#3542=ADVANCED_FACE('',(#292),#3413,.T.);
#3543=ADVANCED_FACE('',(#293),#198,.F.);
#3544=ADVANCED_FACE('',(#294),#199,.F.);
#3545=ADVANCED_FACE('',(#295),#200,.T.);
#3546=ADVANCED_FACE('',(#296),#201,.F.);
#3547=ADVANCED_FACE('',(#297),#202,.T.);
#3548=ADVANCED_FACE('',(#298),#203,.F.);
#3549=ADVANCED_FACE('',(#299),#204,.F.);
#3550=ADVANCED_FACE('',(#300),#205,.T.);
#3551=ADVANCED_FACE('',(#301,#183),#206,.T.);
#3552=ADVANCED_FACE('',(#302),#138,.F.);
#3553=ADVANCED_FACE('',(#303),#3414,.T.);
#3554=ADVANCED_FACE('',(#304),#56,.F.);
#3555=ADVANCED_FACE('',(#305),#3415,.T.);
#3556=ADVANCED_FACE('',(#306),#57,.F.);
#3557=ADVANCED_FACE('',(#307),#3416,.T.);
#3558=ADVANCED_FACE('',(#308),#207,.T.);
#3559=ADVANCED_FACE('',(#309),#3417,.T.);
#3560=ADVANCED_FACE('',(#310),#58,.F.);
#3561=ADVANCED_FACE('',(#311),#3418,.T.);
#3562=ADVANCED_FACE('',(#312),#59,.F.);
#3563=ADVANCED_FACE('',(#313),#3419,.T.);
#3564=ADVANCED_FACE('',(#314),#60,.F.);
#3565=ADVANCED_FACE('',(#315),#3420,.T.);
#3566=ADVANCED_FACE('',(#316),#61,.F.);
#3567=ADVANCED_FACE('',(#317),#3421,.T.);
#3568=ADVANCED_FACE('',(#318),#208,.T.);
#3569=ADVANCED_FACE('',(#319),#3422,.T.);
#3570=ADVANCED_FACE('',(#320),#209,.T.);
#3571=ADVANCED_FACE('',(#321),#210,.T.);
#3572=ADVANCED_FACE('',(#322),#139,.T.);
#3573=ADVANCED_FACE('',(#323),#17,.F.);
#3574=ADVANCED_FACE('',(#324),#3423,.F.);
#3575=ADVANCED_FACE('',(#325),#18,.F.);
#3576=ADVANCED_FACE('',(#326),#3424,.F.);
#3577=ADVANCED_FACE('',(#327),#19,.F.);
#3578=ADVANCED_FACE('',(#328),#3425,.F.);
#3579=ADVANCED_FACE('',(#329),#20,.F.);
#3580=ADVANCED_FACE('',(#330),#21,.F.);
#3581=ADVANCED_FACE('',(#331),#3426,.F.);
#3582=ADVANCED_FACE('',(#332),#22,.F.);
#3583=ADVANCED_FACE('',(#333),#3427,.F.);
#3584=ADVANCED_FACE('',(#334),#23,.F.);
#3585=ADVANCED_FACE('',(#335),#3428,.F.);
#3586=ADVANCED_FACE('',(#336),#140,.T.);
#3587=ADVANCED_FACE('',(#337),#141,.T.);
#3588=ADVANCED_FACE('',(#338),#211,.F.);
#3589=ADVANCED_FACE('',(#339),#3429,.T.);
#3590=ADVANCED_FACE('',(#340),#212,.T.);
#3591=ADVANCED_FACE('',(#341),#3430,.T.);
#3592=ADVANCED_FACE('',(#342),#213,.T.);
#3593=ADVANCED_FACE('',(#343),#24,.F.);
#3594=ADVANCED_FACE('',(#344),#3431,.F.);
#3595=ADVANCED_FACE('',(#345),#214,.T.);
#3596=ADVANCED_FACE('',(#346),#3432,.T.);
#3597=ADVANCED_FACE('',(#347),#3433,.F.);
#3598=ADVANCED_FACE('',(#348),#25,.F.);
#3599=ADVANCED_FACE('',(#349),#3434,.T.);
#3600=ADVANCED_FACE('',(#350),#215,.T.);
#3601=ADVANCED_FACE('',(#351),#142,.T.);
#3602=ADVANCED_FACE('',(#352),#143,.T.);
#3603=ADVANCED_FACE('',(#353),#216,.T.);
#3604=ADVANCED_FACE('',(#354),#144,.T.);
#3605=ADVANCED_FACE('',(#355),#145,.T.);
#3606=ADVANCED_FACE('',(#356),#146,.T.);
#3607=ADVANCED_FACE('',(#357),#217,.T.);
#3608=ADVANCED_FACE('',(#358),#147,.T.);
#3609=ADVANCED_FACE('',(#359),#148,.T.);
#3610=ADVANCED_FACE('',(#360),#149,.T.);
#3611=ADVANCED_FACE('',(#361),#218,.T.);
#3612=ADVANCED_FACE('',(#362),#219,.T.);
#3613=ADVANCED_FACE('',(#363),#220,.T.);
#3614=ADVANCED_FACE('',(#364),#3435,.T.);
#3615=ADVANCED_FACE('',(#365),#221,.T.);
#3616=ADVANCED_FACE('',(#366),#3436,.T.);
#3617=ADVANCED_FACE('',(#367),#222,.T.);
#3618=ADVANCED_FACE('',(#368),#3437,.T.);
#3619=ADVANCED_FACE('',(#369),#223,.T.);
#3620=ADVANCED_FACE('',(#370),#3438,.T.);
#3621=ADVANCED_FACE('',(#371),#224,.T.);
#3622=ADVANCED_FACE('',(#372),#3439,.T.);
#3623=ADVANCED_FACE('',(#373),#3440,.T.);
#3624=ADVANCED_FACE('',(#374),#3441,.T.);
#3625=ADVANCED_FACE('',(#375),#3442,.T.);
#3626=ADVANCED_FACE('',(#376),#3443,.T.);
#3627=ADVANCED_FACE('',(#377),#225,.T.);
#3628=ADVANCED_FACE('',(#378),#26,.T.);
#3629=ADVANCED_FACE('',(#379),#150,.F.);
#3630=ADVANCED_FACE('',(#380),#151,.F.);
#3631=ADVANCED_FACE('',(#381),#152,.F.);
#3632=ADVANCED_FACE('',(#382),#153,.F.);
#3633=ADVANCED_FACE('',(#383),#154,.F.);
#3634=ADVANCED_FACE('',(#384),#155,.F.);
#3635=ADVANCED_FACE('',(#385),#156,.T.);
#3636=ADVANCED_FACE('',(#386),#3444,.T.);
#3637=ADVANCED_FACE('',(#387),#157,.T.);
#3638=ADVANCED_FACE('',(#388),#158,.T.);
#3639=ADVANCED_FACE('',(#389),#159,.T.);
#3640=ADVANCED_FACE('',(#390),#27,.T.);
#3641=ADVANCED_FACE('',(#391),#3445,.F.);
#3642=ADVANCED_FACE('',(#392),#160,.T.);
#3643=ADVANCED_FACE('',(#393),#161,.F.);
#3644=ADVANCED_FACE('',(#394),#3446,.T.);
#3645=ADVANCED_FACE('',(#395),#28,.T.);
#3646=ADVANCED_FACE('',(#396),#226,.F.);
#3647=ADVANCED_FACE('',(#397),#162,.F.);
#3648=ADVANCED_FACE('',(#398),#3447,.T.);
#3649=ADVANCED_FACE('',(#399),#163,.T.);
#3650=ADVANCED_FACE('',(#400),#164,.T.);
#3651=ADVANCED_FACE('',(#401),#165,.T.);
#3652=ADVANCED_FACE('',(#402),#166,.T.);
#3653=ADVANCED_FACE('',(#403),#29,.T.);
#3654=ADVANCED_FACE('',(#404),#3448,.F.);
#3655=ADVANCED_FACE('',(#405),#167,.T.);
#3656=ADVANCED_FACE('',(#406),#168,.F.);
#3657=ADVANCED_FACE('',(#407),#3449,.T.);
#3658=ADVANCED_FACE('',(#408),#30,.T.);
#3659=ADVANCED_FACE('',(#409),#227,.F.);
#3660=ADVANCED_FACE('',(#410),#169,.F.);
#3661=ADVANCED_FACE('',(#411),#3450,.T.);
#3662=ADVANCED_FACE('',(#412),#170,.T.);
#3663=ADVANCED_FACE('',(#413),#171,.T.);
#3664=ADVANCED_FACE('',(#414),#172,.T.);
#3665=ADVANCED_FACE('',(#415),#173,.T.);
#3666=ADVANCED_FACE('',(#416),#31,.T.);
#3667=ADVANCED_FACE('',(#417),#3451,.F.);
#3668=ADVANCED_FACE('',(#418),#174,.T.);
#3669=ADVANCED_FACE('',(#419),#3452,.T.);
#3670=ADVANCED_FACE('',(#420),#228,.F.);
#3671=ADVANCED_FACE('',(#421,#184,#185,#186),#229,.F.);
#3672=ADVANCED_FACE('',(#422),#175,.T.);
#3673=ADVANCED_FACE('',(#423),#176,.F.);
#3674=ADVANCED_FACE('',(#424),#177,.T.);
#3675=ADVANCED_FACE('',(#425),#178,.F.);
#3676=ADVANCED_FACE('',(#426),#179,.T.);
#3677=ADVANCED_FACE('',(#427),#180,.T.);
#3678=ADVANCED_FACE('',(#428),#181,.F.);
#3679=ADVANCED_FACE('',(#429),#230,.T.);
#3680=ADVANCED_FACE('',(#430),#231,.T.);
#3681=ADVANCED_FACE('',(#431),#232,.T.);
#3682=ADVANCED_FACE('',(#432),#233,.F.);
#3683=ADVANCED_FACE('',(#433),#234,.F.);
#3684=ADVANCED_FACE('',(#434),#235,.T.);
#3685=ADVANCED_FACE('',(#435),#236,.F.);
#3686=ADVANCED_FACE('',(#436),#237,.F.);
#3687=ADVANCED_FACE('',(#437),#238,.T.);
#3688=ADVANCED_FACE('',(#438),#182,.F.);
#3689=ADVANCED_FACE('',(#439,#187),#239,.T.);
#3690=ADVANCED_FACE('',(#440),#240,.F.);
#3691=ADVANCED_FACE('',(#441),#241,.F.);
#3692=ADVANCED_FACE('',(#442),#242,.T.);
#3693=ADVANCED_FACE('',(#443),#243,.T.);
#3694=ADVANCED_FACE('',(#444),#244,.T.);
#3695=ADVANCED_FACE('',(#445),#3453,.T.);
#3696=ADVANCED_FACE('',(#446),#245,.T.);
#3697=ADVANCED_FACE('',(#447),#246,.T.);
#3698=ADVANCED_FACE('',(#448),#3454,.T.);
#3699=ADVANCED_FACE('',(#449),#247,.T.);
#3700=ADVANCED_FACE('',(#450),#3455,.T.);
#3701=ADVANCED_FACE('',(#451),#248,.T.);
#3702=ADVANCED_FACE('',(#452),#3456,.T.);
#3703=ADVANCED_FACE('',(#453,#188),#249,.T.);
#3704=ADVANCED_FACE('',(#454),#3457,.T.);
#3705=ADVANCED_FACE('',(#455,#189),#250,.T.);
#3706=ADVANCED_FACE('',(#456),#14,.F.);
#3707=ADVANCED_FACE('',(#457),#3458,.F.);
#3708=ADVANCED_FACE('',(#458,#190),#251,.T.);
#3709=ADVANCED_FACE('',(#459),#15,.F.);
#3710=ADVANCED_FACE('',(#460),#3459,.F.);
#3711=ADVANCED_FACE('',(#461,#191),#252,.T.);
#3712=ADVANCED_FACE('',(#462),#16,.F.);
#3713=ADVANCED_FACE('',(#463),#3460,.F.);
#3714=ADVANCED_FACE('',(#464,#192),#253,.T.);
#3715=ADVANCED_FACE('',(#465),#254,.F.);
#3716=ADVANCED_FACE('',(#466),#255,.F.);
#3717=ADVANCED_FACE('',(#467),#256,.F.);
#3718=ADVANCED_FACE('',(#468),#257,.F.);
#3719=ADVANCED_FACE('',(#469),#258,.F.);
#3720=ADVANCED_FACE('',(#470),#259,.F.);
#3721=ADVANCED_FACE('',(#471),#260,.F.);
#3722=ADVANCED_FACE('',(#472),#261,.F.);
#3723=ADVANCED_FACE('',(#473),#262,.T.);
#3724=ADVANCED_FACE('',(#474),#263,.F.);
#3725=ADVANCED_FACE('',(#475),#264,.F.);
#3726=ADVANCED_FACE('',(#476),#265,.F.);
#3727=ADVANCED_FACE('',(#477),#266,.F.);
#3728=ADVANCED_FACE('',(#478),#267,.F.);
#3729=ADVANCED_FACE('',(#479),#268,.F.);
#3730=ADVANCED_FACE('',(#480),#269,.F.);
#3731=ADVANCED_FACE('',(#481),#270,.F.);
#3732=ADVANCED_FACE('',(#482),#271,.T.);
#3733=ADVANCED_FACE('',(#483),#272,.T.);
#3734=ADVANCED_FACE('',(#484),#273,.T.);
#3735=ADVANCED_FACE('',(#485),#274,.T.);
#3736=ADVANCED_FACE('',(#486),#275,.T.);
#3737=ADVANCED_FACE('',(#487),#276,.T.);
#3738=ADVANCED_FACE('',(#488),#277,.T.);
#3739=ADVANCED_FACE('',(#489),#3461,.F.);
#3740=ADVANCED_FACE('',(#490),#278,.T.);
#3741=ADVANCED_FACE('',(#491),#3462,.F.);
#3742=ADVANCED_FACE('',(#492),#279,.T.);
#3743=ADVANCED_FACE('',(#493),#32,.T.);
#3744=ADVANCED_FACE('',(#494,#193),#280,.T.);
#3745=ADVANCED_FACE('',(#495),#33,.T.);
#3746=ADVANCED_FACE('',(#496,#194),#281,.T.);
#3747=ADVANCED_FACE('',(#497),#282,.T.);
#3748=ADVANCED_FACE('',(#498),#3463,.T.);
#3749=ADVANCED_FACE('',(#499,#195),#283,.T.);
#3750=ADVANCED_FACE('',(#500),#3464,.T.);
#3751=ADVANCED_FACE('',(#501,#196),#284,.T.);
#3752=ADVANCED_FACE('',(#502),#3465,.T.);
#3753=ADVANCED_FACE('',(#503,#197),#285,.T.);
#3754=ADVANCED_FACE('',(#504),#3466,.T.);
#3755=ADVANCED_FACE('',(#505),#3467,.T.);
#3756=ADVANCED_FACE('',(#506),#3468,.T.);
#3757=ADVANCED_FACE('',(#507),#286,.T.);
#3758=ADVANCED_FACE('',(#508),#287,.T.);
#3759=ADVANCED_FACE('',(#509),#288,.F.);
#3760=CLOSED_SHELL('',(#3539,#3540,#3541,#3542,#3543,#3544,#3545,#3546,
#3547,#3548,#3549,#3550,#3551,#3552,#3553,#3554,#3555,#3556,#3557,#3558,
#3559,#3560,#3561,#3562,#3563,#3564,#3565,#3566,#3567,#3568,#3569,#3570,
#3571,#3572,#3573,#3574,#3575,#3576,#3577,#3578,#3579,#3580,#3581,#3582,
#3583,#3584,#3585,#3586,#3587,#3588,#3589,#3590,#3591,#3592,#3593,#3594,
#3595,#3596,#3597,#3598,#3599,#3600,#3601,#3602,#3603,#3604,#3605,#3606,
#3607,#3608,#3609,#3610,#3611,#3612,#3613,#3614,#3615,#3616,#3617,#3618,
#3619,#3620,#3621,#3622,#3623,#3624,#3625,#3626,#3627,#3628,#3629,#3630,
#3631,#3632,#3633,#3634,#3635,#3636,#3637,#3638,#3639,#3640,#3641,#3642,
#3643,#3644,#3645,#3646,#3647,#3648,#3649,#3650,#3651,#3652,#3653,#3654,
#3655,#3656,#3657,#3658,#3659,#3660,#3661,#3662,#3663,#3664,#3665,#3666,
#3667,#3668,#3669,#3670,#3671,#3672,#3673,#3674,#3675,#3676,#3677,#3678,
#3679,#3680,#3681,#3682,#3683,#3684,#3685,#3686,#3687,#3688,#3689,#3690,
#3691,#3692,#3693,#3694,#3695,#3696,#3697,#3698,#3699,#3700,#3701,#3702,
#3703,#3704,#3705,#3706,#3707,#3708,#3709,#3710,#3711,#3712,#3713,#3714,
#3715,#3716,#3717,#3718,#3719,#3720,#3721,#3722,#3723,#3724,#3725,#3726,
#3727,#3728,#3729,#3730,#3731,#3732,#3733,#3734,#3735,#3736,#3737,#3738,
#3739,#3740,#3741,#3742,#3743,#3744,#3745,#3746,#3747,#3748,#3749,#3750,
#3751,#3752,#3753,#3754,#3755,#3756,#3757,#3758,#3759));
#3761=DERIVED_UNIT_ELEMENT(#3764,1.);
#3762=DERIVED_UNIT_ELEMENT(#7809,-3.);
#3763=DIMENSIONAL_EXPONENTS(0.,1.,0.,0.,0.,0.,0.);
#3764=(
CONVERSION_BASED_UNIT('gram',#3766)
MASS_UNIT()
NAMED_UNIT(#3763)
);
#3765=(
MASS_UNIT()
NAMED_UNIT(*)
SI_UNIT(.KILO.,.GRAM.)
);
#3766=MASS_MEASURE_WITH_UNIT(MASS_MEASURE(0.001),#3765);
#3767=DERIVED_UNIT((#3761,#3762));
#3768=MEASURE_REPRESENTATION_ITEM('density measure',
POSITIVE_RATIO_MEASURE(1.),#3767);
#3769=PROPERTY_DEFINITION_REPRESENTATION(#3774,#3771);
#3770=PROPERTY_DEFINITION_REPRESENTATION(#3775,#3772);
#3771=REPRESENTATION('material name',(#3773),#7806);
#3772=REPRESENTATION('density',(#3768),#7806);
#3773=DESCRIPTIVE_REPRESENTATION_ITEM('Gen\X\E9rico','Gen\X\E9rico');
#3774=PROPERTY_DEFINITION('material property','material name',#7816);
#3775=PROPERTY_DEFINITION('material property','density of part',#7816);
#3776=DATE_TIME_ROLE('creation_date');
#3777=APPLIED_DATE_AND_TIME_ASSIGNMENT(#3778,#3776,(#7816));
#3778=DATE_AND_TIME(#3779,#3780);
#3779=CALENDAR_DATE(2025,6,1);
#3780=LOCAL_TIME(0,0,0.,#3781);
#3781=COORDINATED_UNIVERSAL_TIME_OFFSET(0,0,.BEHIND.);
#3782=AXIS2_PLACEMENT_3D('',#5195,#4169,#4170);
#3783=AXIS2_PLACEMENT_3D('',#5196,#4171,#4172);
#3784=AXIS2_PLACEMENT_3D('',#5201,#4174,#4175);
#3785=AXIS2_PLACEMENT_3D('',#5204,#4177,#4178);
#3786=AXIS2_PLACEMENT_3D('',#5205,#4179,#4180);
#3787=AXIS2_PLACEMENT_3D('',#5210,#4182,#4183);
#3788=AXIS2_PLACEMENT_3D('',#5213,#4185,#4186);
#3789=AXIS2_PLACEMENT_3D('',#5214,#4187,#4188);
#3790=AXIS2_PLACEMENT_3D('',#5219,#4190,#4191);
#3791=AXIS2_PLACEMENT_3D('',#5225,#4194,#4195);
#3792=AXIS2_PLACEMENT_3D('',#5230,#4198,#4199);
#3793=AXIS2_PLACEMENT_3D('',#5231,#4200,#4201);
#3794=AXIS2_PLACEMENT_3D('',#5235,#4203,#4204);
#3795=AXIS2_PLACEMENT_3D('',#5238,#4206,#4207);
#3796=AXIS2_PLACEMENT_3D('',#5242,#4209,#4210);
#3797=AXIS2_PLACEMENT_3D('',#5246,#4212,#4213);
#3798=AXIS2_PLACEMENT_3D('',#5249,#4215,#4216);
#3799=AXIS2_PLACEMENT_3D('',#5250,#4217,#4218);
#3800=AXIS2_PLACEMENT_3D('',#5256,#4222,#4223);
#3801=AXIS2_PLACEMENT_3D('',#5262,#4227,#4228);
#3802=AXIS2_PLACEMENT_3D('',#5264,#4229,#4230);
#3803=AXIS2_PLACEMENT_3D('',#5265,#4231,#4232);
#3804=AXIS2_PLACEMENT_3D('',#5266,#4233,#4234);
#3805=AXIS2_PLACEMENT_3D('',#5272,#4238,#4239);
#3806=AXIS2_PLACEMENT_3D('',#5275,#4240,#4241);
#3807=AXIS2_PLACEMENT_3D('',#5276,#4242,#4243);
#3808=AXIS2_PLACEMENT_3D('',#5277,#4244,#4245);
#3809=AXIS2_PLACEMENT_3D('',#5278,#4246,#4247);
#3810=AXIS2_PLACEMENT_3D('',#5287,#4252,#4253);
#3811=AXIS2_PLACEMENT_3D('',#5296,#4258,#4259);
#3812=AXIS2_PLACEMENT_3D('',#5298,#4260,#4261);
#3813=AXIS2_PLACEMENT_3D('',#5299,#4262,#4263);
#3814=AXIS2_PLACEMENT_3D('',#5300,#4264,#4265);
#3815=AXIS2_PLACEMENT_3D('',#5301,#4266,#4267);
#3816=AXIS2_PLACEMENT_3D('',#5304,#4268,#4269);
#3817=AXIS2_PLACEMENT_3D('',#5308,#4271,#4272);
#3818=AXIS2_PLACEMENT_3D('',#5312,#4274,#4275);
#3819=AXIS2_PLACEMENT_3D('',#5316,#4277,#4278);
#3820=AXIS2_PLACEMENT_3D('',#5320,#4280,#4281);
#3821=AXIS2_PLACEMENT_3D('',#5324,#4283,#4284);
#3822=AXIS2_PLACEMENT_3D('',#5326,#4286,#4287);
#3823=AXIS2_PLACEMENT_3D('',#5327,#4288,#4289);
#3824=AXIS2_PLACEMENT_3D('',#5328,#4290,#4291);
#3825=AXIS2_PLACEMENT_3D('',#5329,#4292,#4293);
#3826=AXIS2_PLACEMENT_3D('',#5330,#4294,#4295);
#3827=AXIS2_PLACEMENT_3D('',#5331,#4296,#4297);
#3828=AXIS2_PLACEMENT_3D('',#5332,#4298,#4299);
#3829=AXIS2_PLACEMENT_3D('',#5333,#4300,#4301);
#3830=AXIS2_PLACEMENT_3D('',#5375,#4302,#4303);
#3831=AXIS2_PLACEMENT_3D('',#5381,#4304,#4305);
#3832=AXIS2_PLACEMENT_3D('',#5384,#4306,#4307);
#3833=AXIS2_PLACEMENT_3D('',#5398,#4310,#4311);
#3834=AXIS2_PLACEMENT_3D('',#5399,#4312,#4313);
#3835=AXIS2_PLACEMENT_3D('',#5400,#4314,#4315);
#3836=AXIS2_PLACEMENT_3D('',#5401,#4316,#4317);
#3837=AXIS2_PLACEMENT_3D('',#5404,#4318,#4319);
#3838=AXIS2_PLACEMENT_3D('',#5418,#4322,#4323);
#3839=AXIS2_PLACEMENT_3D('',#5419,#4324,#4325);
#3840=AXIS2_PLACEMENT_3D('',#5420,#4326,#4327);
#3841=AXIS2_PLACEMENT_3D('',#5421,#4328,#4329);
#3842=AXIS2_PLACEMENT_3D('',#5447,#4333,#4334);
#3843=AXIS2_PLACEMENT_3D('',#5450,#4336,#4337);
#3844=AXIS2_PLACEMENT_3D('',#5451,#4338,#4339);
#3845=AXIS2_PLACEMENT_3D('',#5454,#4340,#4341);
#3846=AXIS2_PLACEMENT_3D('',#5458,#4343,#4344);
#3847=AXIS2_PLACEMENT_3D('',#5471,#4346,#4347);
#3848=AXIS2_PLACEMENT_3D('',#5472,#4348,#4349);
#3849=AXIS2_PLACEMENT_3D('',#5473,#4350,#4351);
#3850=AXIS2_PLACEMENT_3D('',#5474,#4352,#4353);
#3851=AXIS2_PLACEMENT_3D('',#5477,#4354,#4355);
#3852=AXIS2_PLACEMENT_3D('',#5491,#4358,#4359);
#3853=AXIS2_PLACEMENT_3D('',#5492,#4360,#4361);
#3854=AXIS2_PLACEMENT_3D('',#5493,#4362,#4363);
#3855=AXIS2_PLACEMENT_3D('',#5494,#4364,#4365);
#3856=AXIS2_PLACEMENT_3D('',#5497,#4366,#4367);
#3857=AXIS2_PLACEMENT_3D('',#5511,#4370,#4371);
#3858=AXIS2_PLACEMENT_3D('',#5512,#4372,#4373);
#3859=AXIS2_PLACEMENT_3D('',#5513,#4374,#4375);
#3860=AXIS2_PLACEMENT_3D('',#5514,#4376,#4377);
#3861=AXIS2_PLACEMENT_3D('',#5517,#4378,#4379);
#3862=AXIS2_PLACEMENT_3D('',#5529,#4382,#4383);
#3863=AXIS2_PLACEMENT_3D('',#5530,#4384,#4385);
#3864=AXIS2_PLACEMENT_3D('',#5531,#4386,#4387);
#3865=AXIS2_PLACEMENT_3D('',#5535,#4389,#4390);
#3866=AXIS2_PLACEMENT_3D('',#5537,#4391,#4392);
#3867=AXIS2_PLACEMENT_3D('',#5539,#4394,#4395);
#3868=AXIS2_PLACEMENT_3D('',#5543,#4398,#4399);
#3869=AXIS2_PLACEMENT_3D('',#5546,#4401,#4402);
#3870=AXIS2_PLACEMENT_3D('',#5547,#4403,#4404);
#3871=AXIS2_PLACEMENT_3D('',#5550,#4407,#4408);
#3872=AXIS2_PLACEMENT_3D('',#5577,#4409,#4410);
#3873=AXIS2_PLACEMENT_3D('',#5578,#4411,#4412);
#3874=AXIS2_PLACEMENT_3D('',#5579,#4413,#4414);
#3875=AXIS2_PLACEMENT_3D('',#5586,#4415,#4416);
#3876=AXIS2_PLACEMENT_3D('',#5588,#4417,#4418);
#3877=AXIS2_PLACEMENT_3D('',#5601,#4419,#4420);
#3878=AXIS2_PLACEMENT_3D('',#5602,#4421,#4422);
#3879=AXIS2_PLACEMENT_3D('',#5603,#4423,#4424);
#3880=AXIS2_PLACEMENT_3D('',#5606,#4426,#4427);
#3881=AXIS2_PLACEMENT_3D('',#5607,#4428,#4429);
#3882=AXIS2_PLACEMENT_3D('',#5609,#4430,#4431);
#3883=AXIS2_PLACEMENT_3D('',#5610,#4432,#4433);
#3884=AXIS2_PLACEMENT_3D('',#5611,#4434,#4435);
#3885=AXIS2_PLACEMENT_3D('',#5614,#4437,#4438);
#3886=AXIS2_PLACEMENT_3D('',#5615,#4439,#4440);
#3887=AXIS2_PLACEMENT_3D('',#5617,#4441,#4442);
#3888=AXIS2_PLACEMENT_3D('',#5618,#4443,#4444);
#3889=AXIS2_PLACEMENT_3D('',#5619,#4445,#4446);
#3890=AXIS2_PLACEMENT_3D('',#5621,#4448,#4449);
#3891=AXIS2_PLACEMENT_3D('',#5632,#4450,#4451);
#3892=AXIS2_PLACEMENT_3D('',#5633,#4452,#4453);
#3893=AXIS2_PLACEMENT_3D('',#5634,#4454,#4455);
#3894=AXIS2_PLACEMENT_3D('',#5636,#4456,#4457);
#3895=AXIS2_PLACEMENT_3D('',#5638,#4458,#4459);
#3896=AXIS2_PLACEMENT_3D('',#5639,#4460,#4461);
#3897=AXIS2_PLACEMENT_3D('',#5640,#4462,#4463);
#3898=AXIS2_PLACEMENT_3D('',#5642,#4464,#4465);
#3899=AXIS2_PLACEMENT_3D('',#5644,#4467,#4468);
#3900=AXIS2_PLACEMENT_3D('',#5646,#4469,#4470);
#3901=AXIS2_PLACEMENT_3D('',#5647,#4471,#4472);
#3902=AXIS2_PLACEMENT_3D('',#5648,#4473,#4474);
#3903=AXIS2_PLACEMENT_3D('',#5650,#4476,#4477);
#3904=AXIS2_PLACEMENT_3D('',#5657,#4478,#4479);
#3905=AXIS2_PLACEMENT_3D('',#5664,#4480,#4481);
#3906=AXIS2_PLACEMENT_3D('',#5727,#4487,#4488);
#3907=AXIS2_PLACEMENT_3D('',#5728,#4489,#4490);
#3908=AXIS2_PLACEMENT_3D('',#5732,#4492,#4493);
#3909=AXIS2_PLACEMENT_3D('',#5744,#4499,#4500);
#3910=AXIS2_PLACEMENT_3D('',#5761,#4505,#4506);
#3911=AXIS2_PLACEMENT_3D('',#5763,#4508,#4509);
#3912=AXIS2_PLACEMENT_3D('',#5765,#4511,#4512);
#3913=AXIS2_PLACEMENT_3D('',#5767,#4514,#4515);
#3914=AXIS2_PLACEMENT_3D('',#5768,#4516,#4517);
#3915=AXIS2_PLACEMENT_3D('',#5780,#4518,#4519);
#3916=AXIS2_PLACEMENT_3D('',#5782,#4520,#4521);
#3917=AXIS2_PLACEMENT_3D('',#5784,#4522,#4523);
#3918=AXIS2_PLACEMENT_3D('',#5791,#4524,#4525);
#3919=AXIS2_PLACEMENT_3D('',#5794,#4528,#4529);
#3920=AXIS2_PLACEMENT_3D('',#5801,#4534,#4535);
#3921=AXIS2_PLACEMENT_3D('',#5805,#4537,#4538);
#3922=AXIS2_PLACEMENT_3D('',#5807,#4539,#4540);
#3923=AXIS2_PLACEMENT_3D('',#5809,#4542,#4543);
#3924=AXIS2_PLACEMENT_3D('',#5813,#4545,#4546);
#3925=AXIS2_PLACEMENT_3D('',#5815,#4548,#4549);
#3926=AXIS2_PLACEMENT_3D('',#5824,#4550,#4551);
#3927=AXIS2_PLACEMENT_3D('',#5826,#4552,#4553);
#3928=AXIS2_PLACEMENT_3D('',#5835,#4554,#4555);
#3929=AXIS2_PLACEMENT_3D('',#5842,#4559,#4560);
#3930=AXIS2_PLACEMENT_3D('',#5843,#4561,#4562);
#3931=AXIS2_PLACEMENT_3D('',#5844,#4563,#4564);
#3932=AXIS2_PLACEMENT_3D('',#5899,#4569,#4570);
#3933=AXIS2_PLACEMENT_3D('',#5919,#4573,#4574);
#3934=AXIS2_PLACEMENT_3D('',#5963,#4581,#4582);
#3935=AXIS2_PLACEMENT_3D('',#5964,#4583,#4584);
#3936=AXIS2_PLACEMENT_3D('',#5990,#4590,#4591);
#3937=AXIS2_PLACEMENT_3D('',#6049,#4597,#4598);
#3938=AXIS2_PLACEMENT_3D('',#6059,#4605,#4606);
#3939=AXIS2_PLACEMENT_3D('',#6061,#4608,#4609);
#3940=AXIS2_PLACEMENT_3D('',#6062,#4610,#4611);
#3941=AXIS2_PLACEMENT_3D('',#6064,#4613,#4614);
#3942=AXIS2_PLACEMENT_3D('',#6066,#4616,#4617);
#3943=AXIS2_PLACEMENT_3D('',#6068,#4619,#4620);
#3944=AXIS2_PLACEMENT_3D('',#6070,#4622,#4623);
#3945=AXIS2_PLACEMENT_3D('',#6072,#4625,#4626);
#3946=AXIS2_PLACEMENT_3D('',#6073,#4627,#4628);
#3947=AXIS2_PLACEMENT_3D('',#6075,#4630,#4631);
#3948=AXIS2_PLACEMENT_3D('',#6076,#4632,#4633);
#3949=AXIS2_PLACEMENT_3D('',#6077,#4634,#4635);
#3950=AXIS2_PLACEMENT_3D('',#6078,#4636,#4637);
#3951=AXIS2_PLACEMENT_3D('',#6079,#4638,#4639);
#3952=AXIS2_PLACEMENT_3D('',#6080,#4640,#4641);
#3953=AXIS2_PLACEMENT_3D('',#6082,#4643,#4644);
#3954=AXIS2_PLACEMENT_3D('',#6084,#4646,#4647);
#3955=AXIS2_PLACEMENT_3D('',#6088,#4651,#4652);
#3956=AXIS2_PLACEMENT_3D('',#6089,#4653,#4654);
#3957=AXIS2_PLACEMENT_3D('',#6090,#4655,#4656);
#3958=AXIS2_PLACEMENT_3D('',#6091,#4657,#4658);
#3959=AXIS2_PLACEMENT_3D('',#6093,#4660,#4661);
#3960=AXIS2_PLACEMENT_3D('',#6096,#4662,#4663);
#3961=AXIS2_PLACEMENT_3D('',#6098,#4664,#4665);
#3962=AXIS2_PLACEMENT_3D('',#6100,#4666,#4667);
#3963=AXIS2_PLACEMENT_3D('',#6101,#4668,#4669);
#3964=AXIS2_PLACEMENT_3D('',#6124,#4670,#4671);
#3965=AXIS2_PLACEMENT_3D('',#6155,#4672,#4673);
#3966=AXIS2_PLACEMENT_3D('',#6186,#4674,#4675);
#3967=AXIS2_PLACEMENT_3D('',#6221,#4676,#4677);
#3968=AXIS2_PLACEMENT_3D('',#6322,#4680,#4681);
#3969=AXIS2_PLACEMENT_3D('',#6323,#4682,#4683);
#3970=AXIS2_PLACEMENT_3D('',#6324,#4684,#4685);
#3971=AXIS2_PLACEMENT_3D('',#6364,#4686,#4687);
#3972=AXIS2_PLACEMENT_3D('',#6372,#4688,#4689);
#3973=AXIS2_PLACEMENT_3D('',#6404,#4690,#4691);
#3974=AXIS2_PLACEMENT_3D('',#6406,#4692,#4693);
#3975=AXIS2_PLACEMENT_3D('',#6449,#4694,#4695);
#3976=AXIS2_PLACEMENT_3D('',#6458,#4696,#4697);
#3977=AXIS2_PLACEMENT_3D('',#6465,#4698,#4699);
#3978=AXIS2_PLACEMENT_3D('',#6466,#4700,#4701);
#3979=AXIS2_PLACEMENT_3D('',#6467,#4702,#4703);
#3980=AXIS2_PLACEMENT_3D('',#6468,#4704,#4705);
#3981=AXIS2_PLACEMENT_3D('',#6495,#4708,#4709);
#3982=AXIS2_PLACEMENT_3D('',#6497,#4710,#4711);
#3983=AXIS2_PLACEMENT_3D('',#6537,#4712,#4713);
#3984=AXIS2_PLACEMENT_3D('',#6554,#4714,#4715);
#3985=AXIS2_PLACEMENT_3D('',#6555,#4716,#4717);
#3986=AXIS2_PLACEMENT_3D('',#6556,#4718,#4719);
#3987=AXIS2_PLACEMENT_3D('',#6558,#4720,#4721);
#3988=AXIS2_PLACEMENT_3D('',#6559,#4722,#4723);
#3989=AXIS2_PLACEMENT_3D('',#6560,#4724,#4725);
#3990=AXIS2_PLACEMENT_3D('',#6602,#4726,#4727);
#3991=AXIS2_PLACEMENT_3D('',#6603,#4728,#4729);
#3992=AXIS2_PLACEMENT_3D('',#6624,#4730,#4731);
#3993=AXIS2_PLACEMENT_3D('',#6664,#4732,#4733);
#3994=AXIS2_PLACEMENT_3D('',#6672,#4734,#4735);
#3995=AXIS2_PLACEMENT_3D('',#6704,#4736,#4737);
#3996=AXIS2_PLACEMENT_3D('',#6706,#4738,#4739);
#3997=AXIS2_PLACEMENT_3D('',#6749,#4740,#4741);
#3998=AXIS2_PLACEMENT_3D('',#6758,#4742,#4743);
#3999=AXIS2_PLACEMENT_3D('',#6765,#4744,#4745);
#4000=AXIS2_PLACEMENT_3D('',#6766,#4746,#4747);
#4001=AXIS2_PLACEMENT_3D('',#6767,#4748,#4749);
#4002=AXIS2_PLACEMENT_3D('',#6768,#4750,#4751);
#4003=AXIS2_PLACEMENT_3D('',#6795,#4754,#4755);
#4004=AXIS2_PLACEMENT_3D('',#6797,#4756,#4757);
#4005=AXIS2_PLACEMENT_3D('',#6837,#4758,#4759);
#4006=AXIS2_PLACEMENT_3D('',#6854,#4760,#4761);
#4007=AXIS2_PLACEMENT_3D('',#6855,#4762,#4763);
#4008=AXIS2_PLACEMENT_3D('',#6856,#4764,#4765);
#4009=AXIS2_PLACEMENT_3D('',#6858,#4766,#4767);
#4010=AXIS2_PLACEMENT_3D('',#6859,#4768,#4769);
#4011=AXIS2_PLACEMENT_3D('',#6860,#4770,#4771);
#4012=AXIS2_PLACEMENT_3D('',#6902,#4772,#4773);
#4013=AXIS2_PLACEMENT_3D('',#6903,#4774,#4775);
#4014=AXIS2_PLACEMENT_3D('',#6924,#4776,#4777);
#4015=AXIS2_PLACEMENT_3D('',#6964,#4778,#4779);
#4016=AXIS2_PLACEMENT_3D('',#6972,#4780,#4781);
#4017=AXIS2_PLACEMENT_3D('',#6989,#4782,#4783);
#4018=AXIS2_PLACEMENT_3D('',#6990,#4784,#4785);
#4019=AXIS2_PLACEMENT_3D('',#7023,#4786,#4787);
#4020=AXIS2_PLACEMENT_3D('',#7032,#4788,#4789);
#4021=AXIS2_PLACEMENT_3D('',#7039,#4790,#4791);
#4022=AXIS2_PLACEMENT_3D('',#7040,#4792,#4793);
#4023=AXIS2_PLACEMENT_3D('',#7041,#4794,#4795);
#4024=AXIS2_PLACEMENT_3D('',#7042,#4796,#4797);
#4025=AXIS2_PLACEMENT_3D('',#7061,#4800,#4801);
#4026=AXIS2_PLACEMENT_3D('',#7062,#4802,#4803);
#4027=AXIS2_PLACEMENT_3D('',#7063,#4804,#4805);
#4028=AXIS2_PLACEMENT_3D('',#7064,#4806,#4807);
#4029=AXIS2_PLACEMENT_3D('',#7065,#4808,#4809);
#4030=AXIS2_PLACEMENT_3D('',#7190,#4815,#4816);
#4031=AXIS2_PLACEMENT_3D('',#7333,#4820,#4821);
#4032=AXIS2_PLACEMENT_3D('',#7448,#4825,#4826);
#4033=AXIS2_PLACEMENT_3D('',#7455,#4827,#4828);
#4034=AXIS2_PLACEMENT_3D('',#7457,#4829,#4830);
#4035=AXIS2_PLACEMENT_3D('',#7458,#4831,#4832);
#4036=AXIS2_PLACEMENT_3D('',#7460,#4833,#4834);
#4037=AXIS2_PLACEMENT_3D('',#7461,#4835,#4836);
#4038=AXIS2_PLACEMENT_3D('',#7463,#4837,#4838);
#4039=AXIS2_PLACEMENT_3D('',#7464,#4839,#4840);
#4040=AXIS2_PLACEMENT_3D('',#7473,#4845,#4846);
#4041=AXIS2_PLACEMENT_3D('',#7482,#4851,#4852);
#4042=AXIS2_PLACEMENT_3D('',#7483,#4853,#4854);
#4043=AXIS2_PLACEMENT_3D('',#7484,#4855,#4856);
#4044=AXIS2_PLACEMENT_3D('',#7485,#4857,#4858);
#4045=AXIS2_PLACEMENT_3D('',#7491,#4862,#4863);
#4046=AXIS2_PLACEMENT_3D('',#7497,#4867,#4868);
#4047=AXIS2_PLACEMENT_3D('',#7498,#4869,#4870);
#4048=AXIS2_PLACEMENT_3D('',#7499,#4871,#4872);
#4049=AXIS2_PLACEMENT_3D('',#7527,#4873,#4874);
#4050=AXIS2_PLACEMENT_3D('',#7528,#4875,#4876);
#4051=AXIS2_PLACEMENT_3D('',#7530,#4878,#4879);
#4052=AXIS2_PLACEMENT_3D('',#7531,#4880,#4881);
#4053=AXIS2_PLACEMENT_3D('',#7532,#4882,#4883);
#4054=AXIS2_PLACEMENT_3D('',#7534,#4885,#4886);
#4055=AXIS2_PLACEMENT_3D('',#7535,#4887,#4888);
#4056=AXIS2_PLACEMENT_3D('',#7538,#4891,#4892);
#4057=AXIS2_PLACEMENT_3D('',#7540,#4894,#4895);
#4058=AXIS2_PLACEMENT_3D('',#7541,#4896,#4897);
#4059=AXIS2_PLACEMENT_3D('',#7542,#4898,#4899);
#4060=AXIS2_PLACEMENT_3D('',#7543,#4900,#4901);
#4061=AXIS2_PLACEMENT_3D('',#7544,#4902,#4903);
#4062=AXIS2_PLACEMENT_3D('',#7545,#4904,#4905);
#4063=AXIS2_PLACEMENT_3D('',#7547,#4906,#4907);
#4064=AXIS2_PLACEMENT_3D('',#7550,#4909,#4910);
#4065=AXIS2_PLACEMENT_3D('',#7551,#4911,#4912);
#4066=AXIS2_PLACEMENT_3D('',#7552,#4913,#4914);
#4067=AXIS2_PLACEMENT_3D('',#7554,#4915,#4916);
#4068=AXIS2_PLACEMENT_3D('',#7557,#4918,#4919);
#4069=AXIS2_PLACEMENT_3D('',#7558,#4920,#4921);
#4070=AXIS2_PLACEMENT_3D('',#7559,#4922,#4923);
#4071=AXIS2_PLACEMENT_3D('',#7561,#4924,#4925);
#4072=AXIS2_PLACEMENT_3D('',#7563,#4927,#4928);
#4073=AXIS2_PLACEMENT_3D('',#7564,#4929,#4930);
#4074=AXIS2_PLACEMENT_3D('',#7566,#4931,#4932);
#4075=AXIS2_PLACEMENT_3D('',#7568,#4934,#4935);
#4076=AXIS2_PLACEMENT_3D('',#7569,#4936,#4937);
#4077=AXIS2_PLACEMENT_3D('',#7571,#4938,#4939);
#4078=AXIS2_PLACEMENT_3D('',#7574,#4941,#4942);
#4079=AXIS2_PLACEMENT_3D('',#7575,#4943,#4944);
#4080=AXIS2_PLACEMENT_3D('',#7577,#4946,#4947);
#4081=AXIS2_PLACEMENT_3D('',#7579,#4948,#4949);
#4082=AXIS2_PLACEMENT_3D('',#7580,#4950,#4951);
#4083=AXIS2_PLACEMENT_3D('',#7582,#4952,#4953);
#4084=AXIS2_PLACEMENT_3D('',#7585,#4955,#4956);
#4085=AXIS2_PLACEMENT_3D('',#7586,#4957,#4958);
#4086=AXIS2_PLACEMENT_3D('',#7588,#4960,#4961);
#4087=AXIS2_PLACEMENT_3D('',#7590,#4962,#4963);
#4088=AXIS2_PLACEMENT_3D('',#7591,#4964,#4965);
#4089=AXIS2_PLACEMENT_3D('',#7593,#4966,#4967);
#4090=AXIS2_PLACEMENT_3D('',#7596,#4969,#4970);
#4091=AXIS2_PLACEMENT_3D('',#7597,#4971,#4972);
#4092=AXIS2_PLACEMENT_3D('',#7599,#4974,#4975);
#4093=AXIS2_PLACEMENT_3D('',#7601,#4976,#4977);
#4094=AXIS2_PLACEMENT_3D('',#7602,#4978,#4979);
#4095=AXIS2_PLACEMENT_3D('',#7611,#4984,#4985);
#4096=AXIS2_PLACEMENT_3D('',#7617,#4989,#4990);
#4097=AXIS2_PLACEMENT_3D('',#7626,#4995,#4996);
#4098=AXIS2_PLACEMENT_3D('',#7632,#5000,#5001);
#4099=AXIS2_PLACEMENT_3D('',#7641,#5006,#5007);
#4100=AXIS2_PLACEMENT_3D('',#7647,#5011,#5012);
#4101=AXIS2_PLACEMENT_3D('',#7656,#5017,#5018);
#4102=AXIS2_PLACEMENT_3D('',#7662,#5022,#5023);
#4103=AXIS2_PLACEMENT_3D('',#7664,#5024,#5025);
#4104=AXIS2_PLACEMENT_3D('',#7665,#5026,#5027);
#4105=AXIS2_PLACEMENT_3D('',#7666,#5028,#5029);
#4106=AXIS2_PLACEMENT_3D('',#7667,#5030,#5031);
#4107=AXIS2_PLACEMENT_3D('',#7668,#5032,#5033);
#4108=AXIS2_PLACEMENT_3D('',#7669,#5034,#5035);
#4109=AXIS2_PLACEMENT_3D('',#7678,#5040,#5041);
#4110=AXIS2_PLACEMENT_3D('',#7684,#5045,#5046);
#4111=AXIS2_PLACEMENT_3D('',#7693,#5051,#5052);
#4112=AXIS2_PLACEMENT_3D('',#7699,#5056,#5057);
#4113=AXIS2_PLACEMENT_3D('',#7708,#5062,#5063);
#4114=AXIS2_PLACEMENT_3D('',#7714,#5067,#5068);
#4115=AXIS2_PLACEMENT_3D('',#7723,#5073,#5074);
#4116=AXIS2_PLACEMENT_3D('',#7729,#5078,#5079);
#4117=AXIS2_PLACEMENT_3D('',#7731,#5080,#5081);
#4118=AXIS2_PLACEMENT_3D('',#7732,#5082,#5083);
#4119=AXIS2_PLACEMENT_3D('',#7733,#5084,#5085);
#4120=AXIS2_PLACEMENT_3D('',#7734,#5086,#5087);
#4121=AXIS2_PLACEMENT_3D('',#7735,#5088,#5089);
#4122=AXIS2_PLACEMENT_3D('',#7736,#5090,#5091);
#4123=AXIS2_PLACEMENT_3D('',#7737,#5092,#5093);
#4124=AXIS2_PLACEMENT_3D('',#7738,#5094,#5095);
#4125=AXIS2_PLACEMENT_3D('',#7739,#5096,#5097);
#4126=AXIS2_PLACEMENT_3D('',#7740,#5098,#5099);
#4127=AXIS2_PLACEMENT_3D('',#7741,#5100,#5101);
#4128=AXIS2_PLACEMENT_3D('',#7742,#5102,#5103);
#4129=AXIS2_PLACEMENT_3D('',#7743,#5104,#5105);
#4130=AXIS2_PLACEMENT_3D('',#7744,#5106,#5107);
#4131=AXIS2_PLACEMENT_3D('',#7745,#5108,#5109);
#4132=AXIS2_PLACEMENT_3D('',#7746,#5110,#5111);
#4133=AXIS2_PLACEMENT_3D('',#7747,#5112,#5113);
#4134=AXIS2_PLACEMENT_3D('',#7748,#5114,#5115);
#4135=AXIS2_PLACEMENT_3D('',#7750,#5116,#5117);
#4136=AXIS2_PLACEMENT_3D('',#7752,#5119,#5120);
#4137=AXIS2_PLACEMENT_3D('',#7753,#5121,#5122);
#4138=AXIS2_PLACEMENT_3D('',#7754,#5123,#5124);
#4139=AXIS2_PLACEMENT_3D('',#7756,#5125,#5126);
#4140=AXIS2_PLACEMENT_3D('',#7758,#5128,#5129);
#4141=AXIS2_PLACEMENT_3D('',#7759,#5130,#5131);
#4142=AXIS2_PLACEMENT_3D('',#7760,#5132,#5133);
#4143=AXIS2_PLACEMENT_3D('',#7762,#5134,#5135);
#4144=AXIS2_PLACEMENT_3D('',#7763,#5136,#5137);
#4145=AXIS2_PLACEMENT_3D('',#7764,#5138,#5139);
#4146=AXIS2_PLACEMENT_3D('',#7765,#5140,#5141);
#4147=AXIS2_PLACEMENT_3D('',#7767,#5142,#5143);
#4148=AXIS2_PLACEMENT_3D('',#7768,#5144,#5145);
#4149=AXIS2_PLACEMENT_3D('',#7769,#5146,#5147);
#4150=AXIS2_PLACEMENT_3D('',#7770,#5148,#5149);
#4151=AXIS2_PLACEMENT_3D('',#7771,#5150,#5151);
#4152=AXIS2_PLACEMENT_3D('',#7773,#5152,#5153);
#4153=AXIS2_PLACEMENT_3D('',#7775,#5155,#5156);
#4154=AXIS2_PLACEMENT_3D('',#7777,#5157,#5158);
#4155=AXIS2_PLACEMENT_3D('',#7778,#5159,#5160);
#4156=AXIS2_PLACEMENT_3D('',#7780,#5161,#5162);
#4157=AXIS2_PLACEMENT_3D('',#7784,#5166,#5167);
#4158=AXIS2_PLACEMENT_3D('',#7786,#5168,#5169);
#4159=AXIS2_PLACEMENT_3D('',#7787,#5170,#5171);
#4160=AXIS2_PLACEMENT_3D('',#7789,#5172,#5173);
#4161=AXIS2_PLACEMENT_3D('',#7791,#5175,#5176);
#4162=AXIS2_PLACEMENT_3D('',#7793,#5177,#5178);
#4163=AXIS2_PLACEMENT_3D('',#7794,#5179,#5180);
#4164=AXIS2_PLACEMENT_3D('',#7796,#5182,#5183);
#4165=AXIS2_PLACEMENT_3D('',#7798,#5185,#5186);
#4166=AXIS2_PLACEMENT_3D('',#7800,#5188,#5189);
#4167=AXIS2_PLACEMENT_3D('',#7802,#5191,#5192);
#4168=AXIS2_PLACEMENT_3D('',#7803,#5193,#5194);
#4169=DIRECTION('axis',(0.,0.,1.));
#4170=DIRECTION('refdir',(1.,0.,0.));
#4171=DIRECTION('center_axis',(-1.,0.,0.));
#4172=DIRECTION('ref_axis',(0.,0.,1.));
#4173=DIRECTION('',(1.,0.,0.));
#4174=DIRECTION('center_axis',(-1.,0.,0.));
#4175=DIRECTION('ref_axis',(0.,1.38777878078145E-16,-1.));
#4176=DIRECTION('',(-1.,0.,0.));
#4177=DIRECTION('center_axis',(-1.,0.,0.));
#4178=DIRECTION('ref_axis',(0.,0.,1.));
#4179=DIRECTION('center_axis',(-1.,0.,0.));
#4180=DIRECTION('ref_axis',(0.,0.,1.));
#4181=DIRECTION('',(1.,0.,0.));
#4182=DIRECTION('center_axis',(-1.,0.,0.));
#4183=DIRECTION('ref_axis',(0.,0.,1.));
#4184=DIRECTION('',(-1.,0.,0.));
#4185=DIRECTION('center_axis',(-1.,0.,0.));
#4186=DIRECTION('ref_axis',(0.,0.,1.));
#4187=DIRECTION('center_axis',(-1.,0.,0.));
#4188=DIRECTION('ref_axis',(0.,0.,1.));
#4189=DIRECTION('',(1.,0.,0.));
#4190=DIRECTION('center_axis',(-1.,0.,0.));
#4191=DIRECTION('ref_axis',(0.,0.,1.));
#4192=DIRECTION('',(-1.,0.,0.));
#4193=DIRECTION('',(1.,0.,0.));
#4194=DIRECTION('center_axis',(-1.,0.,0.));
#4195=DIRECTION('ref_axis',(0.,1.,0.));
#4196=DIRECTION('',(1.,0.,0.));
#4197=DIRECTION('',(-1.,0.,0.));
#4198=DIRECTION('center_axis',(-1.,0.,0.));
#4199=DIRECTION('ref_axis',(0.,0.,1.));
#4200=DIRECTION('center_axis',(-1.,0.,0.));
#4201=DIRECTION('ref_axis',(0.,0.,1.));
#4202=DIRECTION('',(1.,0.,0.));
#4203=DIRECTION('center_axis',(-1.,0.,0.));
#4204=DIRECTION('ref_axis',(0.,1.38777878078145E-16,-1.));
#4205=DIRECTION('',(-1.,0.,0.));
#4206=DIRECTION('center_axis',(-1.,0.,0.));
#4207=DIRECTION('ref_axis',(0.,0.,-1.));
#4208=DIRECTION('',(1.,0.,0.));
#4209=DIRECTION('center_axis',(-1.,0.,0.));
#4210=DIRECTION('ref_axis',(0.,0.,1.));
#4211=DIRECTION('',(1.,0.,0.));
#4212=DIRECTION('center_axis',(-1.,0.,0.));
#4213=DIRECTION('ref_axis',(0.,0.,-1.));
#4214=DIRECTION('',(1.,0.,0.));
#4215=DIRECTION('center_axis',(-1.,0.,0.));
#4216=DIRECTION('ref_axis',(0.,0.,1.));
#4217=DIRECTION('center_axis',(0.,0.710452707861559,-0.703744946619284));
#4218=DIRECTION('ref_axis',(0.,0.703744946619284,0.710452707861559));
#4219=DIRECTION('',(0.,0.703744946619284,0.710452707861559));
#4220=DIRECTION('',(0.,0.703744946619284,0.710452707861559));
#4221=DIRECTION('',(1.,0.,0.));
#4222=DIRECTION('center_axis',(0.,0.0924670001676389,0.995715749538993));
#4223=DIRECTION('ref_axis',(0.,-0.995715749538993,0.0924670001676389));
#4224=DIRECTION('',(0.,-0.995715749538993,0.0924670001676389));
#4225=DIRECTION('',(1.,0.,0.));
#4226=DIRECTION('',(0.,-0.995715749538993,0.0924670001676389));
#4227=DIRECTION('center_axis',(-1.,0.,0.));
#4228=DIRECTION('ref_axis',(0.,0.,1.));
#4229=DIRECTION('center_axis',(-1.,0.,0.));
#4230=DIRECTION('ref_axis',(0.,0.,-1.));
#4231=DIRECTION('center_axis',(-1.,0.,0.));
#4232=DIRECTION('ref_axis',(0.,0.,-1.));
#4233=DIRECTION('center_axis',(0.,1.2335811384724E-16,1.));
#4234=DIRECTION('ref_axis',(0.,-1.,1.2335811384724E-16));
#4235=DIRECTION('',(0.,-1.,1.2335811384724E-16));
#4236=DIRECTION('',(0.,-1.,1.2335811384724E-16));
#4237=DIRECTION('',(1.,0.,0.));
#4238=DIRECTION('center_axis',(-1.,0.,0.));
#4239=DIRECTION('ref_axis',(0.,0.,1.));
#4240=DIRECTION('center_axis',(-1.,0.,0.));
#4241=DIRECTION('ref_axis',(0.,0.688172043010754,-0.72554754442311));
#4242=DIRECTION('center_axis',(-1.,0.,0.));
#4243=DIRECTION('ref_axis',(0.,0.,-1.));
#4244=DIRECTION('center_axis',(-1.,0.,0.));
#4245=DIRECTION('ref_axis',(0.,1.,0.));
#4246=DIRECTION('center_axis',(0.,-0.0924670001676386,0.995715749538993));
#4247=DIRECTION('ref_axis',(0.,-0.995715749538993,-0.0924670001676386));
#4248=DIRECTION('',(0.,-0.995715749538993,-0.0924670001676386));
#4249=DIRECTION('',(1.,0.,0.));
#4250=DIRECTION('',(0.,-0.995715749538993,-0.0924670001676386));
#4251=DIRECTION('',(1.,0.,0.));
#4252=DIRECTION('center_axis',(0.,-0.703744946619284,-0.710452707861558));
#4253=DIRECTION('ref_axis',(0.,0.710452707861558,-0.703744946619284));
#4254=DIRECTION('',(0.,0.710452707861558,-0.703744946619284));
#4255=DIRECTION('',(1.,0.,0.));
#4256=DIRECTION('',(0.,0.710452707861558,-0.703744946619284));
#4257=DIRECTION('',(1.,0.,0.));
#4258=DIRECTION('center_axis',(-1.,0.,0.));
#4259=DIRECTION('ref_axis',(0.,0.,1.));
#4260=DIRECTION('center_axis',(-1.,0.,0.));
#4261=DIRECTION('ref_axis',(0.,0.,-1.));
#4262=DIRECTION('center_axis',(-1.,0.,0.));
#4263=DIRECTION('ref_axis',(0.,0.,-1.));
#4264=DIRECTION('center_axis',(-1.,0.,0.));
#4265=DIRECTION('ref_axis',(0.,0.,-1.));
#4266=DIRECTION('center_axis',(-1.,0.,0.));
#4267=DIRECTION('ref_axis',(0.,0.,1.));
#4268=DIRECTION('center_axis',(-1.,0.,0.));
#4269=DIRECTION('ref_axis',(0.,0.,1.));
#4270=DIRECTION('',(0.,1.,0.));
#4271=DIRECTION('center_axis',(-1.,0.,0.));
#4272=DIRECTION('ref_axis',(0.,0.,1.));
#4273=DIRECTION('',(0.,0.995715749538993,-0.0924670001676387));
#4274=DIRECTION('center_axis',(-1.,0.,0.));
#4275=DIRECTION('ref_axis',(0.,0.,1.));
#4276=DIRECTION('',(0.,-0.703744946619284,-0.710452707861559));
#4277=DIRECTION('center_axis',(-1.,0.,0.));
#4278=DIRECTION('ref_axis',(0.,0.,1.));
#4279=DIRECTION('',(0.,-1.,0.));
#4280=DIRECTION('center_axis',(-1.,0.,0.));
#4281=DIRECTION('ref_axis',(0.,0.,1.));
#4282=DIRECTION('',(0.,-0.710452707861558,0.703744946619284));
#4283=DIRECTION('center_axis',(-1.,0.,0.));
#4284=DIRECTION('ref_axis',(0.,0.,1.));
#4285=DIRECTION('',(0.,0.995715749538993,0.0924670001676388));
#4286=DIRECTION('center_axis',(-1.,0.,0.));
#4287=DIRECTION('ref_axis',(0.,0.,1.));
#4288=DIRECTION('center_axis',(-1.,0.,0.));
#4289=DIRECTION('ref_axis',(0.,0.,1.));
#4290=DIRECTION('center_axis',(-1.,0.,0.));
#4291=DIRECTION('ref_axis',(0.,0.,1.));
#4292=DIRECTION('center_axis',(-1.,0.,0.));
#4293=DIRECTION('ref_axis',(0.,0.,1.));
#4294=DIRECTION('center_axis',(-1.,0.,0.));
#4295=DIRECTION('ref_axis',(0.,0.,1.));
#4296=DIRECTION('center_axis',(-1.,0.,0.));
#4297=DIRECTION('ref_axis',(0.,0.,1.));
#4298=DIRECTION('center_axis',(-1.,0.,0.));
#4299=DIRECTION('ref_axis',(0.,0.,1.));
#4300=DIRECTION('center_axis',(-1.,0.,0.));
#4301=DIRECTION('ref_axis',(0.,0.,1.));
#4302=DIRECTION('center_axis',(-1.,-2.38463916844479E-14,2.08166817117217E-16));
#4303=DIRECTION('ref_axis',(-2.08166817117217E-16,0.,-1.));
#4304=DIRECTION('center_axis',(-1.,6.93889390390723E-17,0.));
#4305=DIRECTION('ref_axis',(0.,-0.612372435695794,-0.790569415042095));
#4306=DIRECTION('center_axis',(-1.,0.,0.));
#4307=DIRECTION('ref_axis',(0.,0.,-1.));
#4308=DIRECTION('',(-1.,6.93889390390723E-17,0.));
#4309=DIRECTION('',(1.,-6.93889390390723E-17,0.));
#4310=DIRECTION('center_axis',(0.,-1.,0.));
#4311=DIRECTION('ref_axis',(0.,0.,-1.));
#4312=DIRECTION('center_axis',(0.,0.,-1.));
#4313=DIRECTION('ref_axis',(0.707106781186546,-0.707106781186549,0.));
#4314=DIRECTION('center_axis',(0.,0.,1.));
#4315=DIRECTION('ref_axis',(0.707106781186547,-0.707106781186548,0.));
#4316=DIRECTION('center_axis',(-7.40148683083438E-16,-1.,0.));
#4317=DIRECTION('ref_axis',(0.612372435695794,0.,-0.790569415042095));
#4318=DIRECTION('center_axis',(0.,-1.,0.));
#4319=DIRECTION('ref_axis',(0.,0.,-1.));
#4320=DIRECTION('',(-7.40148683083438E-16,-1.,0.));
#4321=DIRECTION('',(7.40148683083438E-16,1.,0.));
#4322=DIRECTION('center_axis',(1.,0.,0.));
#4323=DIRECTION('ref_axis',(0.,0.,-1.));
#4324=DIRECTION('center_axis',(0.,0.,-1.));
#4325=DIRECTION('ref_axis',(0.707106781186548,0.707106781186548,0.));
#4326=DIRECTION('center_axis',(0.,0.,1.));
#4327=DIRECTION('ref_axis',(0.707106781186547,0.707106781186547,0.));
#4328=DIRECTION('center_axis',(1.,-2.77555756156289E-16,0.));
#4329=DIRECTION('ref_axis',(1.75541673428835E-16,0.612372435695794,-0.790569415042095));
#4330=DIRECTION('',(1.,-2.77555756156289E-16,0.));
#4331=DIRECTION('',(-1.,2.77555756156289E-16,0.));
#4332=DIRECTION('',(1.,-2.77555756156289E-16,0.));
#4333=DIRECTION('center_axis',(0.,0.,-1.));
#4334=DIRECTION('ref_axis',(-1.,0.,0.));
#4335=DIRECTION('',(2.19731640290396E-16,1.,0.));
#4336=DIRECTION('center_axis',(0.,0.,1.));
#4337=DIRECTION('ref_axis',(0.707106781186549,0.707106781186546,0.));
#4338=DIRECTION('center_axis',(-2.19731640290396E-16,-1.,0.));
#4339=DIRECTION('ref_axis',(0.707106781186548,0.,-0.707106781186548));
#4340=DIRECTION('center_axis',(0.,-1.,0.));
#4341=DIRECTION('ref_axis',(0.,0.,-1.));
#4342=DIRECTION('',(-2.19731640290396E-16,-1.,0.));
#4343=DIRECTION('center_axis',(0.,1.,0.));
#4344=DIRECTION('ref_axis',(1.,0.,0.));
#4345=DIRECTION('',(2.19731640290396E-16,1.,0.));
#4346=DIRECTION('center_axis',(1.,0.,0.));
#4347=DIRECTION('ref_axis',(0.,-1.,0.));
#4348=DIRECTION('center_axis',(0.,0.,1.));
#4349=DIRECTION('ref_axis',(0.707106781186547,-0.707106781186548,0.));
#4350=DIRECTION('center_axis',(0.,0.,-1.));
#4351=DIRECTION('ref_axis',(0.707106781186547,-0.707106781186548,0.));
#4352=DIRECTION('center_axis',(-1.,1.66533453693773E-16,0.));
#4353=DIRECTION('ref_axis',(0.,-0.707106781186548,-0.707106781186548));
#4354=DIRECTION('center_axis',(1.,0.,0.));
#4355=DIRECTION('ref_axis',(0.,-1.,0.));
#4356=DIRECTION('',(1.,-1.66533453693773E-16,0.));
#4357=DIRECTION('',(-1.,1.66533453693773E-16,0.));
#4358=DIRECTION('center_axis',(0.,-1.,0.));
#4359=DIRECTION('ref_axis',(-1.,0.,0.));
#4360=DIRECTION('center_axis',(0.,0.,1.));
#4361=DIRECTION('ref_axis',(-0.707106781186548,-0.707106781186547,0.));
#4362=DIRECTION('center_axis',(0.,0.,-1.));
#4363=DIRECTION('ref_axis',(-0.707106781186548,-0.707106781186547,0.));
#4364=DIRECTION('center_axis',(0.,1.,0.));
#4365=DIRECTION('ref_axis',(-0.707106781186549,0.,-0.707106781186546));
#4366=DIRECTION('center_axis',(0.,-1.,0.));
#4367=DIRECTION('ref_axis',(-1.,0.,0.));
#4368=DIRECTION('',(0.,-1.,0.));
#4369=DIRECTION('',(0.,1.,0.));
#4370=DIRECTION('center_axis',(-1.,0.,0.));
#4371=DIRECTION('ref_axis',(0.,1.,0.));
#4372=DIRECTION('center_axis',(0.,0.,1.));
#4373=DIRECTION('ref_axis',(-0.707106781186547,0.707106781186547,0.));
#4374=DIRECTION('center_axis',(0.,0.,-1.));
#4375=DIRECTION('ref_axis',(-0.707106781186548,0.707106781186548,0.));
#4376=DIRECTION('center_axis',(1.,-2.77555756156289E-16,0.));
#4377=DIRECTION('ref_axis',(0.,0.707106781186546,-0.707106781186549));
#4378=DIRECTION('center_axis',(-1.,-5.55111512312578E-16,0.));
#4379=DIRECTION('ref_axis',(-5.55111512312578E-16,1.,0.));
#4380=DIRECTION('',(-1.,2.77555756156289E-16,0.));
#4381=DIRECTION('',(1.,-2.77555756156289E-16,0.));
#4382=DIRECTION('center_axis',(0.,0.,-1.));
#4383=DIRECTION('ref_axis',(0.707106781186547,0.707106781186548,0.));
#4384=DIRECTION('center_axis',(0.,0.,1.));
#4385=DIRECTION('ref_axis',(0.707106781186547,0.707106781186548,0.));
#4386=DIRECTION('center_axis',(0.,0.,-1.));
#4387=DIRECTION('ref_axis',(-0.707106781186548,-0.707106781186548,0.));
#4388=DIRECTION('',(0.,0.,1.));
#4389=DIRECTION('center_axis',(0.,0.,1.));
#4390=DIRECTION('ref_axis',(-0.707106781186548,-0.707106781186547,0.));
#4391=DIRECTION('center_axis',(0.,0.,1.));
#4392=DIRECTION('ref_axis',(-1.,0.,0.));
#4393=DIRECTION('',(0.,0.,-1.));
#4394=DIRECTION('center_axis',(-1.66533453693773E-16,-1.,0.));
#4395=DIRECTION('ref_axis',(-1.,1.66533453693773E-16,0.));
#4396=DIRECTION('',(0.,0.,-1.));
#4397=DIRECTION('',(1.,-1.66533453693773E-16,0.));
#4398=DIRECTION('center_axis',(0.,0.,-1.));
#4399=DIRECTION('ref_axis',(0.707106781186548,-0.707106781186547,0.));
#4400=DIRECTION('',(0.,0.,1.));
#4401=DIRECTION('center_axis',(0.,0.,1.));
#4402=DIRECTION('ref_axis',(0.707106781186547,-0.707106781186548,0.));
#4403=DIRECTION('center_axis',(1.,-2.19731640290396E-16,0.));
#4404=DIRECTION('ref_axis',(-2.19731640290396E-16,-1.,0.));
#4405=DIRECTION('',(0.,0.,-1.));
#4406=DIRECTION('',(2.19731640290396E-16,1.,0.));
#4407=DIRECTION('center_axis',(0.,0.,-1.));
#4408=DIRECTION('ref_axis',(-1.,0.,0.));
#4409=DIRECTION('center_axis',(0.894427190999916,0.447213595499958,0.));
#4410=DIRECTION('ref_axis',(-0.447213595499958,0.894427190999916,0.));
#4411=DIRECTION('center_axis',(-0.447213595499958,-0.894427190999916,2.06877846103939E-16));
#4412=DIRECTION('ref_axis',(-0.894427190999916,0.447213595499958,0.));
#4413=DIRECTION('center_axis',(0.,0.,-1.));
#4414=DIRECTION('ref_axis',(-1.,0.,0.));
#4415=DIRECTION('center_axis',(0.,0.,1.));
#4416=DIRECTION('ref_axis',(-0.707106781186548,0.707106781186548,0.));
#4417=DIRECTION('center_axis',(-0.171495630405592,-0.985184880492889,0.));
#4418=DIRECTION('ref_axis',(0.985184880492889,-0.171495630405592,0.));
#4419=DIRECTION('center_axis',(0.,0.,-1.));
#4420=DIRECTION('ref_axis',(-0.707106781186548,0.707106781186548,0.));
#4421=DIRECTION('center_axis',(1.,0.,0.));
#4422=DIRECTION('ref_axis',(0.,0.,1.));
#4423=DIRECTION('center_axis',(-1.,2.77555756156289E-16,0.));
#4424=DIRECTION('ref_axis',(-1.96261557335472E-16,-0.707106781186547,0.707106781186548));
#4425=DIRECTION('',(1.,-2.77555756156289E-16,0.));
#4426=DIRECTION('center_axis',(1.,0.,0.));
#4427=DIRECTION('ref_axis',(0.,0.,1.));
#4428=DIRECTION('center_axis',(0.,0.,-1.));
#4429=DIRECTION('ref_axis',(-1.,0.,0.));
#4430=DIRECTION('center_axis',(0.,0.,-1.));
#4431=DIRECTION('ref_axis',(0.707106781186548,0.707106781186548,0.));
#4432=DIRECTION('center_axis',(0.,-1.,0.));
#4433=DIRECTION('ref_axis',(0.,0.,1.));
#4434=DIRECTION('center_axis',(7.40148683083438E-16,1.,0.));
#4435=DIRECTION('ref_axis',(-0.707106781186547,0.,0.707106781186548));
#4436=DIRECTION('',(-7.40148683083438E-16,-1.,0.));
#4437=DIRECTION('center_axis',(-7.40148683083438E-16,-1.,0.));
#4438=DIRECTION('ref_axis',(0.,0.,1.));
#4439=DIRECTION('center_axis',(0.,0.,-1.));
#4440=DIRECTION('ref_axis',(-1.,0.,0.));
#4441=DIRECTION('center_axis',(0.,0.,-1.));
#4442=DIRECTION('ref_axis',(0.707106781186547,-0.707106781186548,0.));
#4443=DIRECTION('center_axis',(-1.,0.,0.));
#4444=DIRECTION('ref_axis',(0.,0.,1.));
#4445=DIRECTION('center_axis',(1.,-6.93889390390723E-17,0.));
#4446=DIRECTION('ref_axis',(0.,0.707106781186547,0.707106781186548));
#4447=DIRECTION('',(-1.,6.93889390390723E-17,0.));
#4448=DIRECTION('center_axis',(0.,0.,-1.));
#4449=DIRECTION('ref_axis',(-1.,0.,0.));
#4450=DIRECTION('center_axis',(0.,0.,1.));
#4451=DIRECTION('ref_axis',(-1.,0.,0.));
#4452=DIRECTION('center_axis',(0.,-1.,0.));
#4453=DIRECTION('ref_axis',(1.,0.,0.));
#4454=DIRECTION('center_axis',(0.,0.,-1.));
#4455=DIRECTION('ref_axis',(-1.,0.,0.));
#4456=DIRECTION('center_axis',(0.,1.,0.));
#4457=DIRECTION('ref_axis',(-1.,0.,0.));
#4458=DIRECTION('center_axis',(0.,0.,-1.));
#4459=DIRECTION('ref_axis',(0.707106781186547,-0.707106781186548,0.));
#4460=DIRECTION('center_axis',(-1.,1.85037170770859E-16,0.));
#4461=DIRECTION('ref_axis',(0.,0.,1.));
#4462=DIRECTION('center_axis',(1.,-1.66533453693773E-16,0.));
#4463=DIRECTION('ref_axis',(1.30841038223648E-16,0.707106781186548,0.707106781186548));
#4464=DIRECTION('center_axis',(-1.,0.,0.));
#4465=DIRECTION('ref_axis',(0.,0.,1.));
#4466=DIRECTION('',(-1.,1.66533453693773E-16,0.));
#4467=DIRECTION('center_axis',(0.,0.,-1.));
#4468=DIRECTION('ref_axis',(-1.,0.,0.));
#4469=DIRECTION('center_axis',(-0.831479419283096,0.555555555555559,0.));
#4470=DIRECTION('ref_axis',(0.,0.,1.));
#4471=DIRECTION('center_axis',(0.,0.,-1.));
#4472=DIRECTION('ref_axis',(-0.707106781186548,-0.707106781186547,0.));
#4473=DIRECTION('center_axis',(2.19731640290396E-16,1.,0.));
#4474=DIRECTION('ref_axis',(-0.707106781186548,0.,0.707106781186548));
#4475=DIRECTION('',(-2.19731640290396E-16,-1.,0.));
#4476=DIRECTION('center_axis',(0.,0.,-1.));
#4477=DIRECTION('ref_axis',(-1.,0.,0.));
#4478=DIRECTION('center_axis',(0.,1.,0.));
#4479=DIRECTION('ref_axis',(0.,0.,1.));
#4480=DIRECTION('center_axis',(0.,-1.,0.));
#4481=DIRECTION('ref_axis',(0.707106781186546,0.,0.707106781186549));
#4482=DIRECTION('',(0.,-1.,0.));
#4483=DIRECTION('',(-0.879209775713769,-0.0121689009974235,-0.476279422333002));
#4484=DIRECTION('',(0.,0.703744946619284,0.710452707861559));
#4485=DIRECTION('',(0.,0.703744946619284,0.710452707861559));
#4486=DIRECTION('',(-0.752178623741395,0.0325208905154271,-0.65815629577372));
#4487=DIRECTION('center_axis',(1.,0.,0.));
#4488=DIRECTION('ref_axis',(0.,0.,1.));
#4489=DIRECTION('center_axis',(0.,0.,1.));
#4490=DIRECTION('ref_axis',(1.,0.,0.));
#4491=DIRECTION('',(1.,0.,0.));
#4492=DIRECTION('center_axis',(0.,0.,-1.));
#4493=DIRECTION('ref_axis',(-9.8595119271899E-17,-1.,6.97172774290562E-17));
#4494=DIRECTION('',(0.,1.,0.));
#4495=DIRECTION('',(1.,0.,0.));
#4496=DIRECTION('',(5.71354141418889E-31,-1.,0.));
#4497=DIRECTION('',(-1.,-8.88178419700125E-17,0.));
#4498=DIRECTION('',(0.,1.,0.));
#4499=DIRECTION('center_axis',(0.,0.,-1.));
#4500=DIRECTION('ref_axis',(-2.44160576000103E-16,1.,0.));
#4501=DIRECTION('',(-1.,0.,0.));
#4502=DIRECTION('',(-6.50879143475438E-31,1.,0.));
#4503=DIRECTION('',(-6.50879143475438E-31,1.,0.));
#4504=DIRECTION('',(-6.50879143475438E-31,1.,0.));
#4505=DIRECTION('center_axis',(0.,0.,-1.));
#4506=DIRECTION('ref_axis',(0.707106781186549,0.707106781186546,0.));
#4507=DIRECTION('',(0.,0.,-1.));
#4508=DIRECTION('center_axis',(-1.,0.,0.));
#4509=DIRECTION('ref_axis',(0.,1.,0.));
#4510=DIRECTION('',(0.,0.,1.));
#4511=DIRECTION('center_axis',(0.,0.,-1.));
#4512=DIRECTION('ref_axis',(-0.707106781186548,0.707106781186548,0.));
#4513=DIRECTION('',(0.,0.,-1.));
#4514=DIRECTION('center_axis',(2.77555756156289E-16,1.,0.));
#4515=DIRECTION('ref_axis',(1.,-2.77555756156289E-16,0.));
#4516=DIRECTION('center_axis',(1.,0.,0.));
#4517=DIRECTION('ref_axis',(0.,0.,-1.));
#4518=DIRECTION('center_axis',(1.,0.,0.));
#4519=DIRECTION('ref_axis',(0.,-0.791907395983408,-0.61064120085921));
#4520=DIRECTION('center_axis',(0.,0.710452707861558,-0.703744946619285));
#4521=DIRECTION('ref_axis',(0.,0.703744946619285,0.710452707861558));
#4522=DIRECTION('center_axis',(-1.,0.,0.));
#4523=DIRECTION('ref_axis',(0.,-0.791907395983408,-0.61064120085921));
#4524=DIRECTION('center_axis',(0.,0.710452707861558,-0.703744946619284));
#4525=DIRECTION('ref_axis',(0.707106781186548,0.497622823980261,0.502365927441253));
#4526=DIRECTION('',(0.,-0.710452707861558,0.703744946619284));
#4527=DIRECTION('',(0.,0.710452707861558,-0.703744946619284));
#4528=DIRECTION('center_axis',(0.,-0.703744946619284,-0.710452707861558));
#4529=DIRECTION('ref_axis',(0.,0.710452707861558,-0.703744946619284));
#4530=DIRECTION('',(1.,0.,0.));
#4531=DIRECTION('',(1.,0.,0.));
#4532=DIRECTION('',(0.,0.710452707861558,-0.703744946619284));
#4533=DIRECTION('',(0.,0.710452707861558,-0.703744946619284));
#4534=DIRECTION('center_axis',(1.,0.,0.));
#4535=DIRECTION('ref_axis',(0.,0.,1.));
#4536=DIRECTION('',(1.,0.,0.));
#4537=DIRECTION('center_axis',(1.,0.,0.));
#4538=DIRECTION('ref_axis',(0.,0.,1.));
#4539=DIRECTION('center_axis',(1.,0.,0.));
#4540=DIRECTION('ref_axis',(0.,0.,1.));
#4541=DIRECTION('',(1.,0.,0.));
#4542=DIRECTION('center_axis',(0.,0.703744946619284,0.710452707861559));
#4543=DIRECTION('ref_axis',(0.707106781186548,-0.502365927441254,0.49762282398026));
#4544=DIRECTION('',(0.,0.703744946619284,0.710452707861559));
#4545=DIRECTION('center_axis',(0.,0.703744946619284,0.710452707861559));
#4546=DIRECTION('ref_axis',(0.,-0.710452707861559,0.703744946619284));
#4547=DIRECTION('',(0.,-0.703744946619284,-0.710452707861559));
#4548=DIRECTION('center_axis',(1.,0.,0.));
#4549=DIRECTION('ref_axis',(0.,0.,-1.));
#4550=DIRECTION('center_axis',(-1.,0.,0.));
#4551=DIRECTION('ref_axis',(0.,0.79479482254413,-0.606878233303061));
#4552=DIRECTION('center_axis',(1.,0.,0.));
#4553=DIRECTION('ref_axis',(0.,0.79479482254413,-0.606878233303061));
#4554=DIRECTION('center_axis',(1.,0.,0.));
#4555=DIRECTION('ref_axis',(0.,0.,1.));
#4556=DIRECTION('',(-1.,0.,0.));
#4557=DIRECTION('',(1.,0.,0.));
#4558=DIRECTION('',(1.,0.,0.));
#4559=DIRECTION('center_axis',(1.,0.,0.));
#4560=DIRECTION('ref_axis',(0.,0.,1.));
#4561=DIRECTION('center_axis',(1.,0.,0.));
#4562=DIRECTION('ref_axis',(0.,0.,1.));
#4563=DIRECTION('center_axis',(0.,0.710452707861559,-0.703744946619284));
#4564=DIRECTION('ref_axis',(0.,0.703744946619284,0.710452707861559));
#4565=DIRECTION('',(1.,0.,0.));
#4566=DIRECTION('',(-0.91948340555633,0.0616130840564364,-0.388270646301763));
#4567=DIRECTION('',(-0.706541341656531,0.470744826751579,0.528392506208042));
#4568=DIRECTION('',(-0.706541341656531,0.470744826751579,0.528392506208042));
#4569=DIRECTION('center_axis',(0.658504607868518,1.60541464836798E-16,-0.752576694706878));
#4570=DIRECTION('ref_axis',(-0.752576694706878,0.,-0.658504607868518));
#4571=DIRECTION('',(-0.752249191021324,-0.0294985356303195,-0.658218042143658));
#4572=DIRECTION('',(0.,1.,0.));
#4573=DIRECTION('center_axis',(1.,0.,0.));
#4574=DIRECTION('ref_axis',(0.,0.,1.));
#4575=DIRECTION('',(0.,-0.110431526074847,-0.993883734673619));
#4576=DIRECTION('',(-0.466665676385121,0.85561967592257,-0.22391542300202));
#4577=DIRECTION('',(0.,-0.995715749538993,-0.0924670001676388));
#4578=DIRECTION('',(0.,-0.995715749538993,-0.0924670001676388));
#4579=DIRECTION('',(0.,-1.,0.));
#4580=DIRECTION('',(-0.49744855790728,0.834693286526079,-0.236288065005958));
#4581=DIRECTION('center_axis',(1.,0.,0.));
#4582=DIRECTION('ref_axis',(0.,0.,1.));
#4583=DIRECTION('center_axis',(-0.429056814568288,0.,0.90327750435429));
#4584=DIRECTION('ref_axis',(0.90327750435429,0.,0.429056814568288));
#4585=DIRECTION('',(0.,-1.,0.));
#4586=DIRECTION('',(-0.497448557907281,-0.834693286526079,-0.236288065005959));
#4587=DIRECTION('',(0.,-1.,0.));
#4588=DIRECTION('',(0.,-1.,0.));
#4589=DIRECTION('',(-0.466665676385121,-0.85561967592257,-0.223915423002021));
#4590=DIRECTION('center_axis',(1.,0.,0.));
#4591=DIRECTION('ref_axis',(0.,0.,1.));
#4592=DIRECTION('',(0.,-0.110431526074844,0.993883734673619));
#4593=DIRECTION('',(-0.706541341656531,-0.470744826751579,0.528392506208042));
#4594=DIRECTION('',(-0.706541341656531,-0.470744826751579,0.528392506208042));
#4595=DIRECTION('',(0.,-0.995715749538993,0.0924670001676387));
#4596=DIRECTION('',(0.,-0.995715749538993,0.0924670001676387));
#4597=DIRECTION('center_axis',(0.,1.,0.));
#4598=DIRECTION('ref_axis',(-1.,0.,0.));
#4599=DIRECTION('',(-1.,0.,0.));
#4600=DIRECTION('',(-1.,0.,0.));
#4601=DIRECTION('',(0.,0.,1.));
#4602=DIRECTION('',(1.,0.,0.));
#4603=DIRECTION('',(0.,0.,1.));
#4604=DIRECTION('',(-1.,0.,0.));
#4605=DIRECTION('center_axis',(0.,0.,1.));
#4606=DIRECTION('ref_axis',(1.,0.,0.));
#4607=DIRECTION('',(1.,8.88178419700125E-17,0.));
#4608=DIRECTION('center_axis',(0.,0.,1.));
#4609=DIRECTION('ref_axis',(1.,0.,0.));
#4610=DIRECTION('center_axis',(1.,0.,0.));
#4611=DIRECTION('ref_axis',(0.,0.,1.));
#4612=DIRECTION('',(1.,0.,0.));
#4613=DIRECTION('center_axis',(0.,-0.0924670001676388,0.995715749538993));
#4614=DIRECTION('ref_axis',(0.,-0.995715749538993,-0.0924670001676388));
#4615=DIRECTION('',(1.,0.,0.));
#4616=DIRECTION('center_axis',(1.,0.,0.));
#4617=DIRECTION('ref_axis',(0.,0.,1.));
#4618=DIRECTION('',(1.,0.,0.));
#4619=DIRECTION('center_axis',(0.,0.,1.));
#4620=DIRECTION('ref_axis',(0.,-1.,0.));
#4621=DIRECTION('',(1.,0.,0.));
#4622=DIRECTION('center_axis',(1.,0.,0.));
#4623=DIRECTION('ref_axis',(0.,0.,1.));
#4624=DIRECTION('',(1.,0.,0.));
#4625=DIRECTION('center_axis',(0.,0.0924670001676387,0.995715749538993));
#4626=DIRECTION('ref_axis',(0.,-0.995715749538993,0.0924670001676387));
#4627=DIRECTION('center_axis',(1.,0.,0.));
#4628=DIRECTION('ref_axis',(0.,0.,1.));
#4629=DIRECTION('',(1.,0.,0.));
#4630=DIRECTION('center_axis',(0.,0.,-1.));
#4631=DIRECTION('ref_axis',(0.,1.,0.));
#4632=DIRECTION('center_axis',(-1.,0.,0.));
#4633=DIRECTION('ref_axis',(0.,0.,1.));
#4634=DIRECTION('center_axis',(-1.,0.,0.));
#4635=DIRECTION('ref_axis',(0.,1.38777878078145E-16,-1.));
#4636=DIRECTION('center_axis',(-1.,0.,0.));
#4637=DIRECTION('ref_axis',(0.,0.,1.));
#4638=DIRECTION('center_axis',(-1.,0.,0.));
#4639=DIRECTION('ref_axis',(0.,0.,1.));
#4640=DIRECTION('center_axis',(-1.,0.,0.));
#4641=DIRECTION('ref_axis',(0.,1.22464679914735E-16,-1.));
#4642=DIRECTION('',(-1.,0.,0.));
#4643=DIRECTION('center_axis',(-1.,0.,0.));
#4644=DIRECTION('ref_axis',(0.,0.,1.));
#4645=DIRECTION('',(-1.,0.,0.));
#4646=DIRECTION('center_axis',(-1.,0.,0.));
#4647=DIRECTION('ref_axis',(0.,0.,1.));
#4648=DIRECTION('',(-1.,0.,0.));
#4649=DIRECTION('',(1.,0.,0.));
#4650=DIRECTION('',(1.,0.,0.));
#4651=DIRECTION('center_axis',(-1.,0.,0.));
#4652=DIRECTION('ref_axis',(0.,0.,1.));
#4653=DIRECTION('center_axis',(-1.,0.,0.));
#4654=DIRECTION('ref_axis',(0.,0.,1.));
#4655=DIRECTION('center_axis',(-1.,0.,0.));
#4656=DIRECTION('ref_axis',(0.,1.38777878078145E-16,-1.));
#4657=DIRECTION('center_axis',(-1.,0.,0.));
#4658=DIRECTION('ref_axis',(0.,-1.,0.));
#4659=DIRECTION('',(0.,0.,1.));
#4660=DIRECTION('center_axis',(1.,-3.45594715836625E-16,0.));
#4661=DIRECTION('ref_axis',(0.,0.,-1.));
#4662=DIRECTION('center_axis',(1.50231459873715E-16,0.859303202703699,-0.51146652463594));
#4663=DIRECTION('ref_axis',(0.,-0.51146652463594,-0.859303202703698));
#4664=DIRECTION('center_axis',(1.,-3.45594715836625E-16,0.));
#4665=DIRECTION('ref_axis',(0.,0.,-1.));
#4666=DIRECTION('center_axis',(2.05316328494078E-15,-0.859303202703699,
-0.51146652463594));
#4667=DIRECTION('ref_axis',(-0.86602540378444,0.255733262317967,-0.429651601351847));
#4668=DIRECTION('center_axis',(-1.,3.45594715836625E-16,0.));
#4669=DIRECTION('ref_axis',(0.,0.,1.));
#4670=DIRECTION('center_axis',(0.139486967545628,0.815889928810947,-0.561130118555217));
#4671=DIRECTION('ref_axis',(3.40349970392631E-11,-0.566669936590854,-0.823944890732456));
#4672=DIRECTION('center_axis',(0.139486967688222,-0.815889928760194,-0.561130118593567));
#4673=DIRECTION('ref_axis',(-0.846822918254303,0.195433766640615,-0.494668159452302));
#4674=DIRECTION('center_axis',(0.382046439648617,0.856747908478167,-0.346444135857575));
#4675=DIRECTION('ref_axis',(-0.120064274456482,-0.325688636756703,-0.937822734788829));
#4676=DIRECTION('center_axis',(0.382046439648618,-0.856747908478168,-0.346444135857573));
#4677=DIRECTION('ref_axis',(-0.671747806735913,-4.44089209850057E-15,-0.740779916132646));
#4678=DIRECTION('',(3.45594715836625E-16,1.,1.29856490138495E-16));
#4679=DIRECTION('',(3.45594715836625E-16,1.,1.29856490138495E-16));
#4680=DIRECTION('center_axis',(0.201328870879661,-1.0259337441603E-16,0.979523703516317));
#4681=DIRECTION('ref_axis',(0.979523703516317,-2.53041450534775E-16,-0.201328870879661));
#4682=DIRECTION('center_axis',(-0.237337349604179,2.08168672380232E-16,
-0.971427291403152));
#4683=DIRECTION('ref_axis',(0.971427291403152,-2.76538704016674E-16,-0.237337349604179));
#4684=DIRECTION('center_axis',(1.,-2.84672570416707E-16,0.));
#4685=DIRECTION('ref_axis',(0.,0.,-1.));
#4686=DIRECTION('center_axis',(-0.952140587091026,-0.198277059150833,0.232625257073375));
#4687=DIRECTION('ref_axis',(0.237337349604179,-5.55111512312579E-16,0.971427291403152));
#4688=DIRECTION('center_axis',(0.,-1.,0.));
#4689=DIRECTION('ref_axis',(1.,0.,0.));
#4690=DIRECTION('center_axis',(-0.237337349604179,2.08168672380232E-16,
-0.971427291403152));
#4691=DIRECTION('ref_axis',(0.971427291403152,-3.59500315221676E-16,-0.237337349604179));
#4692=DIRECTION('center_axis',(0.19818380666269,-5.667716719918E-17,0.980164873261986));
#4693=DIRECTION('ref_axis',(0.980164873261986,-3.62733870074752E-16,-0.19818380666269));
#4694=DIRECTION('center_axis',(-0.952140587091024,0.198277059150844,0.232625257073375));
#4695=DIRECTION('ref_axis',(-8.88178419700125E-15,-0.761057792664323,0.648684080446644));
#4696=DIRECTION('center_axis',(0.,1.,0.));
#4697=DIRECTION('ref_axis',(0.237337349604179,0.,0.971427291403152));
#4698=DIRECTION('center_axis',(-1.,3.45594715836625E-16,0.));
#4699=DIRECTION('ref_axis',(0.,0.000240066725992194,-0.999999971183983));
#4700=DIRECTION('center_axis',(1.,-3.45594715836625E-16,0.));
#4701=DIRECTION('ref_axis',(4.01312271730065E-32,1.1612222448441E-16,-1.));
#4702=DIRECTION('center_axis',(-1.,3.45594715836625E-16,0.));
#4703=DIRECTION('ref_axis',(0.,1.1612222448441E-16,-1.));
#4704=DIRECTION('center_axis',(3.45594715836625E-16,1.,1.29856490138495E-16));
#4705=DIRECTION('ref_axis',(0.786554940739735,0.,0.617520303470187));
#4706=DIRECTION('',(-3.45594715836625E-16,-1.,-1.29856490138495E-16));
#4707=DIRECTION('',(3.45594715836625E-16,1.,1.29856490138495E-16));
#4708=DIRECTION('center_axis',(0.19818380666269,-5.667716719918E-17,0.980164873261986));
#4709=DIRECTION('ref_axis',(0.980164873261986,-3.62733870074752E-16,-0.19818380666269));
#4710=DIRECTION('center_axis',(-0.237337349604179,2.08168672380232E-16,
-0.971427291403152));
#4711=DIRECTION('ref_axis',(0.971427291403152,-3.59500315221676E-16,-0.237337349604179));
#4712=DIRECTION('center_axis',(5.00771532912384E-17,0.82468957583213,-0.565585628807718));
#4713=DIRECTION('ref_axis',(0.,-0.565585628807718,-0.82468957583213));
#4714=DIRECTION('center_axis',(-1.,3.70074341541719E-16,0.));
#4715=DIRECTION('ref_axis',(0.,0.,-1.));
#4716=DIRECTION('center_axis',(1.,-3.45594715836625E-16,0.));
#4717=DIRECTION('ref_axis',(0.,0.,-1.));
#4718=DIRECTION('center_axis',(1.,-3.45594715836625E-16,3.5884605496156E-33));
#4719=DIRECTION('ref_axis',(0.,1.12081244100537E-16,-1.));
#4720=DIRECTION('center_axis',(-7.51157299368576E-16,-0.82468957583213,
-0.565585628807717));
#4721=DIRECTION('ref_axis',(-0.866025403784441,0.282792814403857,-0.412344787916061));
#4722=DIRECTION('center_axis',(-1.,3.45594715836625E-16,-3.5884605496156E-33));
#4723=DIRECTION('ref_axis',(9.42426922683075E-47,1.03834358141983E-17,1.));
#4724=DIRECTION('center_axis',(1.,-3.45594715836625E-16,0.));
#4725=DIRECTION('ref_axis',(0.,0.,-1.));
#4726=DIRECTION('center_axis',(1.,-3.45594715836625E-16,0.));
#4727=DIRECTION('ref_axis',(0.,0.,-1.));
#4728=DIRECTION('center_axis',(0.201328870879661,-1.0259337441603E-16,0.979523703516317));
#4729=DIRECTION('ref_axis',(0.979523703516317,-3.3851821597196E-16,-0.201328870879661));
#4730=DIRECTION('center_axis',(-0.237337349604179,2.08168672380232E-16,
-0.971427291403152));
#4731=DIRECTION('ref_axis',(0.971427291403152,-3.35720138728414E-16,-0.237337349604179));
#4732=DIRECTION('center_axis',(-0.952140587091026,-0.198277059150833,0.232625257073375));
#4733=DIRECTION('ref_axis',(0.237337349604178,0.,0.971427291403152));
#4734=DIRECTION('center_axis',(0.,-1.,0.));
#4735=DIRECTION('ref_axis',(1.,0.,0.));
#4736=DIRECTION('center_axis',(-0.237337349604179,2.08168672380232E-16,
-0.971427291403152));
#4737=DIRECTION('ref_axis',(0.971427291403152,0.,-0.237337349604179));
#4738=DIRECTION('center_axis',(0.19818380666269,-1.1335433439836E-16,0.980164873261986));
#4739=DIRECTION('ref_axis',(0.980164873261986,0.,-0.19818380666269));
#4740=DIRECTION('center_axis',(-0.952140587091026,0.198277059150833,0.232625257073375));
#4741=DIRECTION('ref_axis',(0.,-0.761057792664323,0.648684080446644));
#4742=DIRECTION('center_axis',(0.,1.,0.));
#4743=DIRECTION('ref_axis',(0.237337349604179,0.,0.971427291403152));
#4744=DIRECTION('center_axis',(-1.,3.45594715836625E-16,0.));
#4745=DIRECTION('ref_axis',(0.,0.000240066725992379,-0.999999971183983));
#4746=DIRECTION('center_axis',(1.,-3.45594715836625E-16,0.));
#4747=DIRECTION('ref_axis',(-2.4882439086291E-32,-7.19988991326299E-17,
-1.));
#4748=DIRECTION('center_axis',(-1.,3.45594715836625E-16,0.));
#4749=DIRECTION('ref_axis',(0.,-7.19988991326299E-17,-1.));
#4750=DIRECTION('center_axis',(3.45594715836625E-16,1.,1.29856490138495E-16));
#4751=DIRECTION('ref_axis',(0.786554940739735,0.,0.617520303470187));
#4752=DIRECTION('',(-3.45594715836625E-16,-1.,-1.29856490138495E-16));
#4753=DIRECTION('',(3.45594715836625E-16,1.,1.29856490138495E-16));
#4754=DIRECTION('center_axis',(0.19818380666269,-1.1335433439836E-16,0.980164873261986));
#4755=DIRECTION('ref_axis',(0.980164873261986,0.,-0.19818380666269));
#4756=DIRECTION('center_axis',(-0.237337349604179,2.08168672380232E-16,
-0.971427291403152));
#4757=DIRECTION('ref_axis',(0.971427291403152,0.,-0.237337349604179));
#4758=DIRECTION('center_axis',(2.00308613164954E-16,0.824689575832131,-0.565585628807716));
#4759=DIRECTION('ref_axis',(0.,-0.565585628807716,-0.824689575832131));
#4760=DIRECTION('center_axis',(-1.,0.,0.));
#4761=DIRECTION('ref_axis',(0.,0.,-1.));
#4762=DIRECTION('center_axis',(1.,-3.45594715836625E-16,0.));
#4763=DIRECTION('ref_axis',(0.,0.,-1.));
#4764=DIRECTION('center_axis',(1.,-3.45594715836625E-16,0.));
#4765=DIRECTION('ref_axis',(0.,0.,-1.));
#4766=DIRECTION('center_axis',(-1.50231459873715E-16,-0.824689575832131,
-0.565585628807716));
#4767=DIRECTION('ref_axis',(-0.866025403784441,0.282792814403856,-0.412344787916061));
#4768=DIRECTION('center_axis',(-1.,3.45594715836625E-16,0.));
#4769=DIRECTION('ref_axis',(0.,0.,1.));
#4770=DIRECTION('center_axis',(1.,-3.45594715836625E-16,0.));
#4771=DIRECTION('ref_axis',(0.,0.,-1.));
#4772=DIRECTION('center_axis',(1.,-2.84672570416707E-16,0.));
#4773=DIRECTION('ref_axis',(0.,0.,-1.));
#4774=DIRECTION('center_axis',(0.201328870879661,-1.0259337441603E-16,0.979523703516317));
#4775=DIRECTION('ref_axis',(0.979523703516317,-2.53041450534775E-16,-0.201328870879661));
#4776=DIRECTION('center_axis',(-0.237337349604179,2.08168672380232E-16,
-0.971427291403152));
#4777=DIRECTION('ref_axis',(0.971427291403152,-2.76538704016674E-16,-0.237337349604179));
#4778=DIRECTION('center_axis',(-0.952140587091026,-0.198277059150833,0.232625257073375));
#4779=DIRECTION('ref_axis',(0.237337349604179,-2.22044604925031E-15,0.971427291403152));
#4780=DIRECTION('center_axis',(0.,-1.,0.));
#4781=DIRECTION('ref_axis',(1.,0.,0.));
#4782=DIRECTION('center_axis',(-0.237337349604179,2.08168672380232E-16,
-0.971427291403152));
#4783=DIRECTION('ref_axis',(0.971427291403152,-3.59500315221677E-16,-0.237337349604179));
#4784=DIRECTION('center_axis',(0.19818380666269,-2.40034021586495E-16,0.980164873261986));
#4785=DIRECTION('ref_axis',(0.980164873261986,-3.66713708774631E-16,-0.19818380666269));
#4786=DIRECTION('center_axis',(-0.952140587091022,0.19827705915084,0.232625257073383));
#4787=DIRECTION('ref_axis',(0.,-0.761057792664323,0.648684080446644));
#4788=DIRECTION('center_axis',(0.,1.,0.));
#4789=DIRECTION('ref_axis',(0.237337349604179,0.,0.971427291403152));
#4790=DIRECTION('center_axis',(-1.,3.45594715836625E-16,0.));
#4791=DIRECTION('ref_axis',(0.,0.000240066725992379,-0.999999971183983));
#4792=DIRECTION('center_axis',(1.,-3.45594715836625E-16,0.));
#4793=DIRECTION('ref_axis',(-2.4882439086291E-32,-7.19988991326299E-17,
-1.));
#4794=DIRECTION('center_axis',(-1.,3.45594715836625E-16,0.));
#4795=DIRECTION('ref_axis',(0.,-7.19988991326299E-17,-1.));
#4796=DIRECTION('center_axis',(3.45594715836625E-16,1.,1.29856490138495E-16));
#4797=DIRECTION('ref_axis',(0.786554940739735,-3.52018250432739E-16,0.617520303470187));
#4798=DIRECTION('',(-3.45594715836625E-16,-1.,-1.29856490138495E-16));
#4799=DIRECTION('',(3.45594715836625E-16,1.,1.29856490138495E-16));
#4800=DIRECTION('center_axis',(0.19818380666269,-2.40034021586495E-16,0.980164873261986));
#4801=DIRECTION('ref_axis',(0.980164873261986,-3.66713708774631E-16,-0.19818380666269));
#4802=DIRECTION('center_axis',(-0.237337349604179,2.08168672380232E-16,
-0.971427291403152));
#4803=DIRECTION('ref_axis',(0.971427291403152,-3.59500315221677E-16,-0.237337349604179));
#4804=DIRECTION('center_axis',(-1.,3.70074341541719E-16,0.));
#4805=DIRECTION('ref_axis',(0.,0.,-1.));
#4806=DIRECTION('center_axis',(1.,-3.45594715836625E-16,0.));
#4807=DIRECTION('ref_axis',(0.,0.,-1.));
#4808=DIRECTION('center_axis',(0.237337349604179,-2.08168672380232E-16,
0.971427291403152));
#4809=DIRECTION('ref_axis',(0.971427291403152,0.,-0.237337349604179));
#4810=DIRECTION('',(3.45594715836625E-16,1.,1.2335811384724E-16));
#4811=DIRECTION('',(-0.894034751542974,-0.39114020380005,0.218428944979249));
#4812=DIRECTION('',(-0.894034751542974,0.39114020380005,0.218428944979249));
#4813=DIRECTION('',(0.,-0.110431526074844,0.993883734673619));
#4814=DIRECTION('',(-0.886382777383681,0.327357275738292,0.327357275738291));
#4815=DIRECTION('center_axis',(1.,-3.45594715836625E-16,0.));
#4816=DIRECTION('ref_axis',(2.10071901045668E-32,6.07856229911156E-17,-1.));
#4817=DIRECTION('',(-0.931654812147507,0.15809536392875,0.327147011153441));
#4818=DIRECTION('',(1.,8.88178419700125E-17,0.));
#4819=DIRECTION('',(-0.931654812147507,-0.15809536392875,0.327147011153441));
#4820=DIRECTION('center_axis',(1.,-3.45594715836625E-16,0.));
#4821=DIRECTION('ref_axis',(0.,0.,1.));
#4822=DIRECTION('',(-0.886382777383682,-0.327357275738291,0.327357275738291));
#4823=DIRECTION('',(0.,-0.110431526074847,-0.993883734673619));
#4824=DIRECTION('',(0.,0.,1.));
#4825=DIRECTION('center_axis',(1.,-3.45594715836625E-16,0.));
#4826=DIRECTION('ref_axis',(2.10071901045668E-32,6.07856229911156E-17,-1.));
#4827=DIRECTION('center_axis',(1.,-3.45594715836625E-16,0.));
#4828=DIRECTION('ref_axis',(0.,0.,-1.));
#4829=DIRECTION('center_axis',(-1.,3.45594715836625E-16,0.));
#4830=DIRECTION('ref_axis',(9.63735264431552E-17,8.00324238473719E-34,-1.));
#4831=DIRECTION('center_axis',(1.,-3.45594715836625E-16,0.));
#4832=DIRECTION('ref_axis',(0.,0.,-1.));
#4833=DIRECTION('center_axis',(-1.,3.45594715836625E-16,0.));
#4834=DIRECTION('ref_axis',(9.63735264431552E-17,8.00324238473719E-34,-1.));
#4835=DIRECTION('center_axis',(1.,-3.45594715836625E-16,0.));
#4836=DIRECTION('ref_axis',(0.,0.,-1.));
#4837=DIRECTION('center_axis',(-1.,3.45594715836625E-16,0.));
#4838=DIRECTION('ref_axis',(9.63735264431552E-17,1.13299808493105E-33,-1.));
#4839=DIRECTION('center_axis',(4.26319123011788E-32,1.2335811384724E-16,
1.));
#4840=DIRECTION('ref_axis',(3.45594715836625E-16,1.,-1.2335811384724E-16));
#4841=DIRECTION('',(2.18293567829724E-16,1.,-1.2335811384724E-16));
#4842=DIRECTION('',(-1.,3.45594715836625E-16,0.));
#4843=DIRECTION('',(3.45594715836625E-16,1.,-1.2335811384724E-16));
#4844=DIRECTION('',(-1.,3.45594715836625E-16,0.));
#4845=DIRECTION('center_axis',(0.,0.,-1.));
#4846=DIRECTION('ref_axis',(-3.45594715836625E-16,-1.,0.));
#4847=DIRECTION('',(-2.18293567829724E-16,-1.,0.));
#4848=DIRECTION('',(-1.,3.45594715836625E-16,0.));
#4849=DIRECTION('',(-3.45594715836625E-16,-1.,0.));
#4850=DIRECTION('',(-1.,3.45594715836625E-16,0.));
#4851=DIRECTION('center_axis',(1.,-3.45594715836625E-16,0.));
#4852=DIRECTION('ref_axis',(0.,0.,-1.));
#4853=DIRECTION('center_axis',(1.,-3.45594715836625E-16,0.));
#4854=DIRECTION('ref_axis',(0.,0.,1.));
#4855=DIRECTION('center_axis',(1.,-3.45594715836625E-16,0.));
#4856=DIRECTION('ref_axis',(0.,0.,1.));
#4857=DIRECTION('center_axis',(0.,0.,-1.));
#4858=DIRECTION('ref_axis',(-3.45594715836625E-16,-1.,0.));
#4859=DIRECTION('',(-2.18293567829724E-16,-1.,0.));
#4860=DIRECTION('',(-3.45594715836625E-16,-1.,0.));
#4861=DIRECTION('',(-1.,3.45594715836625E-16,0.));
#4862=DIRECTION('center_axis',(4.26319123011788E-32,1.2335811384724E-16,
1.));
#4863=DIRECTION('ref_axis',(3.45594715836625E-16,1.,-1.2335811384724E-16));
#4864=DIRECTION('',(2.18293567829724E-16,1.,-1.2335811384724E-16));
#4865=DIRECTION('',(-1.,3.45594715836625E-16,0.));
#4866=DIRECTION('',(3.45594715836625E-16,1.,-1.2335811384724E-16));
#4867=DIRECTION('center_axis',(1.,-3.45594715836625E-16,0.));
#4868=DIRECTION('ref_axis',(0.,0.,-1.));
#4869=DIRECTION('center_axis',(1.,-3.45594715836625E-16,0.));
#4870=DIRECTION('ref_axis',(0.,0.,1.));
#4871=DIRECTION('center_axis',(1.,-3.45594715836625E-16,0.));
#4872=DIRECTION('ref_axis',(0.,0.,1.));
#4873=DIRECTION('center_axis',(1.,-3.45594715836625E-16,0.));
#4874=DIRECTION('ref_axis',(0.,0.,1.));
#4875=DIRECTION('center_axis',(1.,-2.18293567829724E-16,1.01563775959874E-16));
#4876=DIRECTION('ref_axis',(1.01563775959874E-16,0.,-1.));
#4877=DIRECTION('',(-3.45594715836625E-16,-1.,0.));
#4878=DIRECTION('center_axis',(1.,-2.18293567829724E-16,1.01563775959874E-16));
#4879=DIRECTION('ref_axis',(0.,0.,-1.));
#4880=DIRECTION('center_axis',(1.,-2.18293567829724E-16,1.01563775959874E-16));
#4881=DIRECTION('ref_axis',(0.,0.,-1.));
#4882=DIRECTION('center_axis',(-0.346446243001411,-1.39274654385343E-17,
-0.938069827203821));
#4883=DIRECTION('ref_axis',(-0.938069827203821,0.,0.346446243001411));
#4884=DIRECTION('',(0.,1.,0.));
#4885=DIRECTION('center_axis',(0.,0.,1.));
#4886=DIRECTION('ref_axis',(1.,0.,0.));
#4887=DIRECTION('center_axis',(0.,-0.993883734673619,0.110431526074847));
#4888=DIRECTION('ref_axis',(0.,0.110431526074847,0.993883734673619));
#4889=DIRECTION('',(1.,8.88178419700125E-17,0.));
#4890=DIRECTION('',(1.,1.05735526154777E-16,0.));
#4891=DIRECTION('center_axis',(0.,0.993883734673619,0.110431526074844));
#4892=DIRECTION('ref_axis',(0.,0.110431526074844,-0.993883734673619));
#4893=DIRECTION('',(-1.,-3.1720657846433E-16,0.));
#4894=DIRECTION('center_axis',(-1.,0.,0.));
#4895=DIRECTION('ref_axis',(0.,0.,1.));
#4896=DIRECTION('center_axis',(-1.,0.,0.));
#4897=DIRECTION('ref_axis',(0.,0.,1.));
#4898=DIRECTION('center_axis',(-1.,0.,0.));
#4899=DIRECTION('ref_axis',(0.,0.,1.));
#4900=DIRECTION('center_axis',(-1.,0.,0.));
#4901=DIRECTION('ref_axis',(0.,0.,1.));
#4902=DIRECTION('center_axis',(-1.,0.,0.));
#4903=DIRECTION('ref_axis',(0.,0.,1.));
#4904=DIRECTION('center_axis',(-1.,0.,0.));
#4905=DIRECTION('ref_axis',(0.,0.,1.));
#4906=DIRECTION('center_axis',(-1.,0.,0.));
#4907=DIRECTION('ref_axis',(0.,0.,1.));
#4908=DIRECTION('',(1.,0.,0.));
#4909=DIRECTION('center_axis',(1.,0.,0.));
#4910=DIRECTION('ref_axis',(0.,0.,1.));
#4911=DIRECTION('center_axis',(-1.,0.,0.));
#4912=DIRECTION('ref_axis',(0.,0.,1.));
#4913=DIRECTION('center_axis',(-1.,0.,0.));
#4914=DIRECTION('ref_axis',(0.,0.,1.));
#4915=DIRECTION('center_axis',(-1.,0.,0.));
#4916=DIRECTION('ref_axis',(0.,0.,1.));
#4917=DIRECTION('',(1.,0.,0.));
#4918=DIRECTION('center_axis',(1.,0.,0.));
#4919=DIRECTION('ref_axis',(0.,0.,1.));
#4920=DIRECTION('center_axis',(-1.,0.,0.));
#4921=DIRECTION('ref_axis',(0.,0.,1.));
#4922=DIRECTION('center_axis',(-1.,0.,0.));
#4923=DIRECTION('ref_axis',(0.,0.,1.));
#4924=DIRECTION('center_axis',(-1.,0.,0.));
#4925=DIRECTION('ref_axis',(0.,0.,1.));
#4926=DIRECTION('',(1.,0.,0.));
#4927=DIRECTION('center_axis',(-1.,0.,0.));
#4928=DIRECTION('ref_axis',(0.,0.,1.));
#4929=DIRECTION('center_axis',(-1.,0.,0.));
#4930=DIRECTION('ref_axis',(0.,0.,1.));
#4931=DIRECTION('center_axis',(-1.,0.,0.));
#4932=DIRECTION('ref_axis',(0.,0.,1.));
#4933=DIRECTION('',(1.,0.,0.));
#4934=DIRECTION('center_axis',(-1.,0.,0.));
#4935=DIRECTION('ref_axis',(0.,0.,1.));
#4936=DIRECTION('center_axis',(1.,0.,0.));
#4937=DIRECTION('ref_axis',(0.,0.,1.));
#4938=DIRECTION('center_axis',(1.,-3.45594715836625E-16,0.));
#4939=DIRECTION('ref_axis',(0.,0.,1.));
#4940=DIRECTION('',(-0.707106781186546,-8.65956056235495E-17,0.707106781186549));
#4941=DIRECTION('center_axis',(-1.,3.45594715836625E-16,0.));
#4942=DIRECTION('ref_axis',(0.,0.,1.));
#4943=DIRECTION('center_axis',(1.,-4.01285430587406E-16,0.));
#4944=DIRECTION('ref_axis',(0.,0.,1.));
#4945=DIRECTION('',(-1.,4.01285430587406E-16,0.));
#4946=DIRECTION('center_axis',(1.,-3.45594715836625E-16,0.));
#4947=DIRECTION('ref_axis',(0.,0.,-1.));
#4948=DIRECTION('center_axis',(1.,-3.45594715836625E-16,0.));
#4949=DIRECTION('ref_axis',(0.,0.,-1.));
#4950=DIRECTION('center_axis',(1.,-3.45594715836625E-16,0.));
#4951=DIRECTION('ref_axis',(0.,0.,1.));
#4952=DIRECTION('center_axis',(1.,-3.45594715836625E-16,0.));
#4953=DIRECTION('ref_axis',(0.,0.,1.));
#4954=DIRECTION('',(-0.707106781186546,1.57776761486765E-16,0.707106781186549));
#4955=DIRECTION('center_axis',(-1.,3.45594715836625E-16,0.));
#4956=DIRECTION('ref_axis',(0.,0.,1.));
#4957=DIRECTION('center_axis',(1.,-3.45594715836625E-16,0.));
#4958=DIRECTION('ref_axis',(0.,0.,1.));
#4959=DIRECTION('',(-1.,3.45594715836624E-16,0.));
#4960=DIRECTION('center_axis',(1.,-3.45594715836625E-16,0.));
#4961=DIRECTION('ref_axis',(0.,0.,-1.));
#4962=DIRECTION('center_axis',(1.,-3.45594715836625E-16,0.));
#4963=DIRECTION('ref_axis',(0.,0.,-1.));
#4964=DIRECTION('center_axis',(1.,0.,0.));
#4965=DIRECTION('ref_axis',(0.,0.,1.));
#4966=DIRECTION('center_axis',(1.,-3.45594715836625E-16,0.));
#4967=DIRECTION('ref_axis',(0.,0.,1.));
#4968=DIRECTION('',(-0.707106781186546,-8.65956056235495E-17,0.707106781186549));
#4969=DIRECTION('center_axis',(-1.,3.45594715836625E-16,0.));
#4970=DIRECTION('ref_axis',(0.,0.,1.));
#4971=DIRECTION('center_axis',(1.,-4.01285430587406E-16,0.));
#4972=DIRECTION('ref_axis',(0.,0.,1.));
#4973=DIRECTION('',(-1.,4.01285430587406E-16,0.));
#4974=DIRECTION('center_axis',(1.,-3.45594715836625E-16,0.));
#4975=DIRECTION('ref_axis',(0.,0.,-1.));
#4976=DIRECTION('center_axis',(1.,-3.45594715836625E-16,0.));
#4977=DIRECTION('ref_axis',(0.,0.,-1.));
#4978=DIRECTION('center_axis',(0.,-1.,0.));
#4979=DIRECTION('ref_axis',(0.,0.,-1.));
#4980=DIRECTION('',(0.,0.,-1.));
#4981=DIRECTION('',(1.,0.,0.));
#4982=DIRECTION('',(0.,0.,-1.));
#4983=DIRECTION('',(1.,0.,0.));
#4984=DIRECTION('center_axis',(0.,-1.81774842197211E-16,-1.));
#4985=DIRECTION('ref_axis',(0.,1.,-1.81774842197211E-16));
#4986=DIRECTION('',(0.,1.,-1.81774842197211E-16));
#4987=DIRECTION('',(1.,0.,0.));
#4988=DIRECTION('',(0.,1.,-1.81774842197211E-16));
#4989=DIRECTION('center_axis',(0.,5.74025817464878E-17,1.));
#4990=DIRECTION('ref_axis',(0.,-1.,5.74025817464878E-17));
#4991=DIRECTION('',(0.,-1.,5.74025817464878E-17));
#4992=DIRECTION('',(1.,0.,0.));
#4993=DIRECTION('',(0.,-1.,5.74025817464878E-17));
#4994=DIRECTION('',(1.,0.,0.));
#4995=DIRECTION('center_axis',(0.,-1.,0.));
#4996=DIRECTION('ref_axis',(0.,0.,-1.));
#4997=DIRECTION('',(0.,0.,-1.));
#4998=DIRECTION('',(1.,0.,0.));
#4999=DIRECTION('',(0.,0.,-1.));
#5000=DIRECTION('center_axis',(0.,1.,-1.245205960235E-16));
#5001=DIRECTION('ref_axis',(0.,1.245205960235E-16,1.));
#5002=DIRECTION('',(0.,1.245205960235E-16,1.));
#5003=DIRECTION('',(1.,0.,0.));
#5004=DIRECTION('',(0.,1.245205960235E-16,1.));
#5005=DIRECTION('',(1.,0.,0.));
#5006=DIRECTION('center_axis',(0.,5.74025817464878E-17,1.));
#5007=DIRECTION('ref_axis',(0.,-1.,5.74025817464878E-17));
#5008=DIRECTION('',(0.,-1.,5.74025817464878E-17));
#5009=DIRECTION('',(1.,0.,0.));
#5010=DIRECTION('',(0.,-1.,5.74025817464878E-17));
#5011=DIRECTION('center_axis',(0.,-1.81774842197211E-16,-1.));
#5012=DIRECTION('ref_axis',(0.,1.,-1.81774842197211E-16));
#5013=DIRECTION('',(0.,1.,-1.81774842197211E-16));
#5014=DIRECTION('',(1.,0.,0.));
#5015=DIRECTION('',(0.,1.,-1.81774842197211E-16));
#5016=DIRECTION('',(1.,0.,0.));
#5017=DIRECTION('center_axis',(0.,1.,-1.245205960235E-16));
#5018=DIRECTION('ref_axis',(0.,1.245205960235E-16,1.));
#5019=DIRECTION('',(0.,1.245205960235E-16,1.));
#5020=DIRECTION('',(1.,0.,0.));
#5021=DIRECTION('',(0.,1.245205960235E-16,1.));
#5022=DIRECTION('center_axis',(-1.,0.,0.));
#5023=DIRECTION('ref_axis',(0.,0.,1.));
#5024=DIRECTION('center_axis',(1.,0.,0.));
#5025=DIRECTION('ref_axis',(0.,0.,1.));
#5026=DIRECTION('center_axis',(1.,0.,0.));
#5027=DIRECTION('ref_axis',(0.,0.,1.));
#5028=DIRECTION('center_axis',(1.,0.,0.));
#5029=DIRECTION('ref_axis',(0.,0.,1.));
#5030=DIRECTION('center_axis',(1.,0.,0.));
#5031=DIRECTION('ref_axis',(0.,0.,1.));
#5032=DIRECTION('center_axis',(1.,0.,0.));
#5033=DIRECTION('ref_axis',(0.,0.,1.));
#5034=DIRECTION('center_axis',(0.,-1.,0.));
#5035=DIRECTION('ref_axis',(0.,0.,-1.));
#5036=DIRECTION('',(0.,0.,-1.));
#5037=DIRECTION('',(1.,0.,0.));
#5038=DIRECTION('',(0.,0.,-1.));
#5039=DIRECTION('',(1.,0.,0.));
#5040=DIRECTION('center_axis',(0.,-1.81774842197211E-16,-1.));
#5041=DIRECTION('ref_axis',(0.,1.,-1.81774842197211E-16));
#5042=DIRECTION('',(0.,1.,-1.81774842197211E-16));
#5043=DIRECTION('',(1.,0.,0.));
#5044=DIRECTION('',(0.,1.,-1.81774842197211E-16));
#5045=DIRECTION('center_axis',(0.,5.74025817464878E-17,1.));
#5046=DIRECTION('ref_axis',(0.,-1.,5.74025817464878E-17));
#5047=DIRECTION('',(0.,-1.,5.74025817464878E-17));
#5048=DIRECTION('',(1.,0.,0.));
#5049=DIRECTION('',(0.,-1.,5.74025817464878E-17));
#5050=DIRECTION('',(1.,0.,0.));
#5051=DIRECTION('center_axis',(0.,-1.,0.));
#5052=DIRECTION('ref_axis',(0.,0.,-1.));
#5053=DIRECTION('',(0.,0.,-1.));
#5054=DIRECTION('',(1.,0.,0.));
#5055=DIRECTION('',(0.,0.,-1.));
#5056=DIRECTION('center_axis',(0.,1.,-1.20155672607283E-16));
#5057=DIRECTION('ref_axis',(0.,1.20155672607283E-16,1.));
#5058=DIRECTION('',(0.,1.20155672607283E-16,1.));
#5059=DIRECTION('',(1.,0.,0.));
#5060=DIRECTION('',(0.,1.20155672607283E-16,1.));
#5061=DIRECTION('',(1.,0.,0.));
#5062=DIRECTION('center_axis',(0.,5.74025817464878E-17,1.));
#5063=DIRECTION('ref_axis',(0.,-1.,5.74025817464878E-17));
#5064=DIRECTION('',(0.,-1.,5.74025817464878E-17));
#5065=DIRECTION('',(1.,0.,0.));
#5066=DIRECTION('',(0.,-1.,5.74025817464878E-17));
#5067=DIRECTION('center_axis',(0.,-1.81774842197211E-16,-1.));
#5068=DIRECTION('ref_axis',(0.,1.,-1.81774842197211E-16));
#5069=DIRECTION('',(0.,1.,-1.81774842197211E-16));
#5070=DIRECTION('',(1.,0.,0.));
#5071=DIRECTION('',(0.,1.,-1.81774842197211E-16));
#5072=DIRECTION('',(1.,0.,0.));
#5073=DIRECTION('center_axis',(0.,1.,-1.20155672607283E-16));
#5074=DIRECTION('ref_axis',(0.,1.20155672607283E-16,1.));
#5075=DIRECTION('',(0.,1.20155672607283E-16,1.));
#5076=DIRECTION('',(1.,0.,0.));
#5077=DIRECTION('',(0.,1.20155672607283E-16,1.));
#5078=DIRECTION('center_axis',(-1.,0.,0.));
#5079=DIRECTION('ref_axis',(0.,0.,1.));
#5080=DIRECTION('center_axis',(1.,0.,0.));
#5081=DIRECTION('ref_axis',(0.,0.,1.));
#5082=DIRECTION('center_axis',(1.,0.,0.));
#5083=DIRECTION('ref_axis',(0.,0.,1.));
#5084=DIRECTION('center_axis',(1.,0.,0.));
#5085=DIRECTION('ref_axis',(0.,0.,1.));
#5086=DIRECTION('center_axis',(1.,0.,0.));
#5087=DIRECTION('ref_axis',(0.,0.,1.));
#5088=DIRECTION('center_axis',(1.,0.,0.));
#5089=DIRECTION('ref_axis',(0.,0.,1.));
#5090=DIRECTION('center_axis',(-1.,0.,0.));
#5091=DIRECTION('ref_axis',(0.,0.,1.));
#5092=DIRECTION('center_axis',(1.,0.,0.));
#5093=DIRECTION('ref_axis',(0.,0.,1.));
#5094=DIRECTION('center_axis',(-1.,0.,0.));
#5095=DIRECTION('ref_axis',(0.,0.,1.));
#5096=DIRECTION('center_axis',(1.,0.,0.));
#5097=DIRECTION('ref_axis',(0.,0.,1.));
#5098=DIRECTION('center_axis',(-1.,0.,0.));
#5099=DIRECTION('ref_axis',(0.,0.,1.));
#5100=DIRECTION('center_axis',(1.,0.,0.));
#5101=DIRECTION('ref_axis',(0.,0.,1.));
#5102=DIRECTION('center_axis',(-1.,0.,0.));
#5103=DIRECTION('ref_axis',(0.,0.,1.));
#5104=DIRECTION('center_axis',(1.,0.,0.));
#5105=DIRECTION('ref_axis',(0.,0.,1.));
#5106=DIRECTION('center_axis',(-1.,0.,0.));
#5107=DIRECTION('ref_axis',(0.,0.,1.));
#5108=DIRECTION('center_axis',(1.,0.,0.));
#5109=DIRECTION('ref_axis',(0.,0.,1.));
#5110=DIRECTION('center_axis',(-1.,0.,0.));
#5111=DIRECTION('ref_axis',(0.,0.,1.));
#5112=DIRECTION('center_axis',(1.,0.,0.));
#5113=DIRECTION('ref_axis',(0.,0.,1.));
#5114=DIRECTION('center_axis',(1.,0.,0.));
#5115=DIRECTION('ref_axis',(0.,0.,1.));
#5116=DIRECTION('center_axis',(1.,0.,0.));
#5117=DIRECTION('ref_axis',(0.,0.,1.));
#5118=DIRECTION('',(1.,0.,0.));
#5119=DIRECTION('center_axis',(1.,0.,0.));
#5120=DIRECTION('ref_axis',(0.,0.,1.));
#5121=DIRECTION('center_axis',(-1.,0.,0.));
#5122=DIRECTION('ref_axis',(0.,0.,1.));
#5123=DIRECTION('center_axis',(1.,0.,0.));
#5124=DIRECTION('ref_axis',(0.,0.,1.));
#5125=DIRECTION('center_axis',(1.,0.,0.));
#5126=DIRECTION('ref_axis',(0.,0.,1.));
#5127=DIRECTION('',(1.,0.,0.));
#5128=DIRECTION('center_axis',(1.,0.,0.));
#5129=DIRECTION('ref_axis',(0.,0.,1.));
#5130=DIRECTION('center_axis',(-1.,0.,0.));
#5131=DIRECTION('ref_axis',(0.,0.,1.));
#5132=DIRECTION('center_axis',(-1.,0.,0.));
#5133=DIRECTION('ref_axis',(0.,0.,1.));
#5134=DIRECTION('center_axis',(1.,0.,0.));
#5135=DIRECTION('ref_axis',(0.,1.38777878078145E-16,-1.));
#5136=DIRECTION('center_axis',(0.,-1.,1.38777878078145E-16));
#5137=DIRECTION('ref_axis',(0.,-1.38777878078145E-16,-1.));
#5138=DIRECTION('center_axis',(-1.,0.,0.));
#5139=DIRECTION('ref_axis',(0.,0.,1.));
#5140=DIRECTION('center_axis',(-1.,0.,0.));
#5141=DIRECTION('ref_axis',(0.,0.,1.));
#5142=DIRECTION('center_axis',(1.,0.,0.));
#5143=DIRECTION('ref_axis',(0.,1.38777878078145E-16,-1.));
#5144=DIRECTION('center_axis',(0.,-1.,1.38777878078145E-16));
#5145=DIRECTION('ref_axis',(0.,-1.38777878078145E-16,-1.));
#5146=DIRECTION('center_axis',(-1.,0.,0.));
#5147=DIRECTION('ref_axis',(0.,0.,1.));
#5148=DIRECTION('center_axis',(-1.,0.,0.));
#5149=DIRECTION('ref_axis',(0.,-1.,0.));
#5150=DIRECTION('center_axis',(1.,-2.84672570416707E-16,0.));
#5151=DIRECTION('ref_axis',(0.,0.,-1.));
#5152=DIRECTION('center_axis',(1.,-3.45594715836625E-16,0.));
#5153=DIRECTION('ref_axis',(0.,0.,-1.));
#5154=DIRECTION('',(-1.,2.84672570416707E-16,0.));
#5155=DIRECTION('center_axis',(1.,-3.45594715836625E-16,0.));
#5156=DIRECTION('ref_axis',(0.,0.,-1.));
#5157=DIRECTION('center_axis',(1.,-3.45594715836625E-16,0.));
#5158=DIRECTION('ref_axis',(0.,0.,-1.));
#5159=DIRECTION('center_axis',(1.,-3.45594715836625E-16,0.));
#5160=DIRECTION('ref_axis',(4.23231462551562E-32,1.22464679914735E-16,1.));
#5161=DIRECTION('center_axis',(1.,-3.45594715836625E-16,0.));
#5162=DIRECTION('ref_axis',(0.,0.,-1.));
#5163=DIRECTION('',(-1.,3.45594715836625E-16,0.));
#5164=DIRECTION('',(-1.,3.45594715836625E-16,0.));
#5165=DIRECTION('',(-1.,3.45594715836625E-16,0.));
#5166=DIRECTION('center_axis',(1.,-3.45594715836625E-16,0.));
#5167=DIRECTION('ref_axis',(0.,0.,-1.));
#5168=DIRECTION('center_axis',(1.,-3.45594715836625E-16,0.));
#5169=DIRECTION('ref_axis',(0.,0.,-1.));
#5170=DIRECTION('center_axis',(1.,-2.84672570416707E-16,0.));
#5171=DIRECTION('ref_axis',(0.,0.,-1.));
#5172=DIRECTION('center_axis',(1.,-3.45594715836625E-16,0.));
#5173=DIRECTION('ref_axis',(0.,0.,-1.));
#5174=DIRECTION('',(-1.,2.84672570416707E-16,0.));
#5175=DIRECTION('center_axis',(1.,-3.45594715836625E-16,0.));
#5176=DIRECTION('ref_axis',(0.,0.,-1.));
#5177=DIRECTION('center_axis',(1.,-3.45594715836625E-16,0.));
#5178=DIRECTION('ref_axis',(0.,0.,-1.));
#5179=DIRECTION('center_axis',(1.,-4.01285430587406E-16,0.));
#5180=DIRECTION('ref_axis',(0.,0.,-1.));
#5181=DIRECTION('',(-1.,4.01285430587406E-16,0.));
#5182=DIRECTION('center_axis',(1.,-3.45594715836625E-16,0.));
#5183=DIRECTION('ref_axis',(0.,0.,-1.));
#5184=DIRECTION('',(-1.,3.45594715836625E-16,0.));
#5185=DIRECTION('center_axis',(1.,-4.01285430587406E-16,0.));
#5186=DIRECTION('ref_axis',(0.,0.,-1.));
#5187=DIRECTION('',(-1.,4.01285430587406E-16,0.));
#5188=DIRECTION('center_axis',(8.88178419700125E-17,-1.,0.));
#5189=DIRECTION('ref_axis',(1.,8.88178419700125E-17,0.));
#5190=DIRECTION('',(-1.,-8.88178419700125E-17,0.));
#5191=DIRECTION('center_axis',(0.,0.,1.));
#5192=DIRECTION('ref_axis',(1.,0.,0.));
#5193=DIRECTION('center_axis',(0.,0.,1.));
#5194=DIRECTION('ref_axis',(1.,0.,0.));
#5195=CARTESIAN_POINT('',(0.,0.,0.));
#5196=CARTESIAN_POINT('Origin',(-25.,-4.5,1.));
#5197=CARTESIAN_POINT('',(-37.5,-4.5,-3.));
#5198=CARTESIAN_POINT('',(-35.,-4.5,-3.));
#5199=CARTESIAN_POINT('',(-25.,-4.5,-3.));
#5200=CARTESIAN_POINT('',(-37.5,-1.74731182795699,-1.90219017769244));
#5201=CARTESIAN_POINT('Origin',(-37.5,-4.5,1.));
#5202=CARTESIAN_POINT('',(-35.,-1.74731182795699,-1.90219017769244));
#5203=CARTESIAN_POINT('',(-38.,-1.74731182795699,-1.90219017769244));
#5204=CARTESIAN_POINT('Origin',(-35.,-4.5,1.));
#5205=CARTESIAN_POINT('Origin',(-38.,-1.3,-2.37379608156746));
#5206=CARTESIAN_POINT('',(-42.,-1.3,-3.02379608156746));
#5207=CARTESIAN_POINT('',(-35.,-1.3,-3.02379608156746));
#5208=CARTESIAN_POINT('',(-38.,-1.3,-3.02379608156746));
#5209=CARTESIAN_POINT('',(-42.,-0.65,-2.37379608156746));
#5210=CARTESIAN_POINT('Origin',(-42.,-1.3,-2.37379608156746));
#5211=CARTESIAN_POINT('',(-35.,-0.65,-2.37379608156746));
#5212=CARTESIAN_POINT('',(-38.,-0.65,-2.37379608156746));
#5213=CARTESIAN_POINT('Origin',(-35.,-1.3,-2.37379608156746));
#5214=CARTESIAN_POINT('Origin',(-38.,1.3,-2.37379608156746));
#5215=CARTESIAN_POINT('',(-42.,1.3,-3.02379608156746));
#5216=CARTESIAN_POINT('',(-35.,1.3,-3.02379608156746));
#5217=CARTESIAN_POINT('',(-38.,1.3,-3.02379608156746));
#5218=CARTESIAN_POINT('',(-42.,0.65,-2.37379608156746));
#5219=CARTESIAN_POINT('Origin',(-42.,1.3,-2.37379608156746));
#5220=CARTESIAN_POINT('',(-35.,0.65,-2.37379608156746));
#5221=CARTESIAN_POINT('',(-38.,0.65,-2.37379608156746));
#5222=CARTESIAN_POINT('',(-33.5,0.649999999999999,-2.37379608156746));
#5223=CARTESIAN_POINT('',(-35.,0.649999999999999,-2.37379608156746));
#5224=CARTESIAN_POINT('',(-33.5,1.74731182795699,-1.90219017769244));
#5225=CARTESIAN_POINT('Origin',(-33.5,1.3,-2.37379608156746));
#5226=CARTESIAN_POINT('',(-35.,1.74731182795699,-1.90219017769244));
#5227=CARTESIAN_POINT('',(-35.,1.74731182795699,-1.90219017769244));
#5228=CARTESIAN_POINT('',(-37.5,1.74731182795699,-1.90219017769245));
#5229=CARTESIAN_POINT('',(-38.,1.74731182795699,-1.90219017769244));
#5230=CARTESIAN_POINT('Origin',(-35.,1.3,-2.37379608156746));
#5231=CARTESIAN_POINT('Origin',(-25.,4.5,1.));
#5232=CARTESIAN_POINT('',(-37.5,4.5,-3.));
#5233=CARTESIAN_POINT('',(-35.,4.5,-3.));
#5234=CARTESIAN_POINT('',(-25.,4.5,-3.));
#5235=CARTESIAN_POINT('Origin',(-37.5,4.5,1.));
#5236=CARTESIAN_POINT('',(-38.,1.74731182795699,-1.90219017769244));
#5237=CARTESIAN_POINT('',(-33.5,4.5,5.));
#5238=CARTESIAN_POINT('Origin',(-33.5,4.5,1.));
#5239=CARTESIAN_POINT('',(-35.,4.5,5.));
#5240=CARTESIAN_POINT('',(-35.,4.5,5.));
#5241=CARTESIAN_POINT('',(-35.,4.86986800067055,4.98286299815597));
#5242=CARTESIAN_POINT('Origin',(-35.,4.5,1.));
#5243=CARTESIAN_POINT('',(-33.5,4.86986800067055,4.98286299815597));
#5244=CARTESIAN_POINT('',(-35.,4.86986800067055,4.98286299815597));
#5245=CARTESIAN_POINT('',(-33.5,7.34181083144623,-1.81497978647714));
#5246=CARTESIAN_POINT('Origin',(-33.5,4.5,1.));
#5247=CARTESIAN_POINT('',(-35.,7.34181083144623,-1.81497978647714));
#5248=CARTESIAN_POINT('',(-35.,7.34181083144623,-1.81497978647714));
#5249=CARTESIAN_POINT('Origin',(-35.,4.5,1.));
#5250=CARTESIAN_POINT('Origin',(-35.,7.34181083144623,-1.81497978647714));
#5251=CARTESIAN_POINT('',(-35.,11.0656790617923,1.94438258007108));
#5252=CARTESIAN_POINT('',(-35.,6.22748269418883,-2.93992916815864));
#5253=CARTESIAN_POINT('',(-33.5,11.0656790617923,1.94438258007108));
#5254=CARTESIAN_POINT('',(-33.5,11.0656790617923,1.94438258007108));
#5255=CARTESIAN_POINT('',(-35.,11.0656790617923,1.94438258007108));
#5256=CARTESIAN_POINT('Origin',(-35.,10.1387005002515,4.49357362430849));
#5257=CARTESIAN_POINT('',(-35.,10.1387005002515,4.49357362430849));
#5258=CARTESIAN_POINT('',(-35.,5.27352207923101,4.9453777200862));
#5259=CARTESIAN_POINT('',(-33.5,10.1387005002515,4.49357362430849));
#5260=CARTESIAN_POINT('',(-35.,10.1387005002515,4.49357362430849));
#5261=CARTESIAN_POINT('',(-33.5,4.86986800067055,4.98286299815597));
#5262=CARTESIAN_POINT('Origin',(-33.5,7.96777353123144,1.58394160583942));
#5263=CARTESIAN_POINT('',(-33.5,10.,1.5));
#5264=CARTESIAN_POINT('Origin',(-33.5,10.,3.));
#5265=CARTESIAN_POINT('Origin',(-33.5,10.,3.));
#5266=CARTESIAN_POINT('Origin',(-35.,4.5,5.));
#5267=CARTESIAN_POINT('',(-35.,-4.5,5.));
#5268=CARTESIAN_POINT('',(-35.,2.25,5.));
#5269=CARTESIAN_POINT('',(-33.5,-4.5,5.));
#5270=CARTESIAN_POINT('',(-33.5,-4.5,5.));
#5271=CARTESIAN_POINT('',(-35.,-4.5,5.));
#5272=CARTESIAN_POINT('Origin',(-33.5,-3.33066907387547E-15,1.31310195921627));
#5273=CARTESIAN_POINT('',(-33.5,-1.74731182795699,-1.90219017769244));
#5274=CARTESIAN_POINT('',(-33.5,-0.649999999999999,-2.37379608156746));
#5275=CARTESIAN_POINT('Origin',(-33.5,-1.3,-2.37379608156746));
#5276=CARTESIAN_POINT('Origin',(-33.5,-4.5,1.));
#5277=CARTESIAN_POINT('Origin',(-33.5,0.,-2.37379608156746));
#5278=CARTESIAN_POINT('Origin',(-35.,-4.86986800067056,4.98286299815597));
#5279=CARTESIAN_POINT('',(-35.,-4.86986800067056,4.98286299815597));
#5280=CARTESIAN_POINT('',(-35.,-10.1387005002515,4.49357362430849));
#5281=CARTESIAN_POINT('',(-35.,-2.63910582944056,5.19002240700994));
#5282=CARTESIAN_POINT('',(-33.5,-4.86986800067056,4.98286299815597));
#5283=CARTESIAN_POINT('',(-35.,-4.86986800067056,4.98286299815597));
#5284=CARTESIAN_POINT('',(-33.5,-10.1387005002515,4.49357362430849));
#5285=CARTESIAN_POINT('',(-33.5,-10.1387005002515,4.49357362430849));
#5286=CARTESIAN_POINT('',(-35.,-10.1387005002515,4.49357362430849));
#5287=CARTESIAN_POINT('Origin',(-35.,-11.0556174199289,1.93432093820766));
#5288=CARTESIAN_POINT('',(-35.,-11.0556174199289,1.93432093820766));
#5289=CARTESIAN_POINT('',(-35.,-7.72886873861738,-1.36101814240793));
#5290=CARTESIAN_POINT('',(-35.,-8.03192466642027,-1.06082352653231));
#5291=CARTESIAN_POINT('',(-33.5,-11.0556174199289,1.93432093820766));
#5292=CARTESIAN_POINT('',(-35.,-11.0556174199289,1.93432093820766));
#5293=CARTESIAN_POINT('',(-33.5,-7.72886873861738,-1.36101814240793));
#5294=CARTESIAN_POINT('',(-33.5,-7.72886873861738,-1.36101814240793));
#5295=CARTESIAN_POINT('',(-35.,-7.72886873861738,-1.36101814240793));
#5296=CARTESIAN_POINT('Origin',(-33.5,-7.96274271029974,1.81092242787402));
#5297=CARTESIAN_POINT('',(-33.5,-10.,1.5));
#5298=CARTESIAN_POINT('Origin',(-33.5,-10.,3.));
#5299=CARTESIAN_POINT('Origin',(-33.5,-4.5,1.));
#5300=CARTESIAN_POINT('Origin',(-33.5,-10.,3.));
#5301=CARTESIAN_POINT('Origin',(-35.,-4.44089209850063E-15,1.));
#5302=CARTESIAN_POINT('',(-35.,-4.91610150075438,5.48072087292547));
#5303=CARTESIAN_POINT('',(-35.,-4.5,5.5));
#5304=CARTESIAN_POINT('Origin',(-35.,-4.5,1.));
#5305=CARTESIAN_POINT('',(-35.,4.5,5.5));
#5306=CARTESIAN_POINT('',(-35.,-4.5,5.5));
#5307=CARTESIAN_POINT('',(-35.,4.91610150075437,5.48072087292547));
#5308=CARTESIAN_POINT('Origin',(-35.,4.5,1.));
#5309=CARTESIAN_POINT('',(-35.,10.1849340003353,4.99143149907799));
#5310=CARTESIAN_POINT('',(-35.,4.91610150075437,5.48072087292547));
#5311=CARTESIAN_POINT('',(-35.,11.4209054157231,1.59251010676143));
#5312=CARTESIAN_POINT('Origin',(-35.,10.,3.));
#5313=CARTESIAN_POINT('',(-35.,7.69703718537701,-2.16685225978678));
#5314=CARTESIAN_POINT('',(-35.,11.4209054157231,1.59251010676143));
#5315=CARTESIAN_POINT('',(-35.,4.5,-3.5));
#5316=CARTESIAN_POINT('Origin',(-35.,4.5,1.));
#5317=CARTESIAN_POINT('',(-35.,-4.5,-3.5));
#5318=CARTESIAN_POINT('',(-35.,4.5,-3.5));
#5319=CARTESIAN_POINT('',(-35.,-8.10816292049884,-1.68908169067756));
#5320=CARTESIAN_POINT('Origin',(-35.,-4.5,1.));
#5321=CARTESIAN_POINT('',(-35.,-11.4074898932386,1.57909458427688));
#5322=CARTESIAN_POINT('',(-35.,-8.10816292049884,-1.68908169067756));
#5323=CARTESIAN_POINT('',(-35.,-10.1849340003353,4.99143149907798));
#5324=CARTESIAN_POINT('Origin',(-35.,-10.,3.));
#5325=CARTESIAN_POINT('',(-35.,-10.1849340003353,4.99143149907798));
#5326=CARTESIAN_POINT('Origin',(-35.,-4.5,1.));
#5327=CARTESIAN_POINT('Origin',(-35.,-10.,3.));
#5328=CARTESIAN_POINT('Origin',(-35.,-4.5,1.));
#5329=CARTESIAN_POINT('Origin',(-35.,-1.3,-2.37379608156746));
#5330=CARTESIAN_POINT('Origin',(-35.,0.,-2.37379608156746));
#5331=CARTESIAN_POINT('Origin',(-35.,1.3,-2.37379608156746));
#5332=CARTESIAN_POINT('Origin',(-35.,4.5,1.));
#5333=CARTESIAN_POINT('Origin',(-35.,10.,3.));
#5334=CARTESIAN_POINT('Ctrl Pts',(-0.936491673103706,7.07618437741389,-1.5));
#5335=CARTESIAN_POINT('Ctrl Pts',(-0.936491673103706,7.34799913214455,-1.5));
#5336=CARTESIAN_POINT('Ctrl Pts',(-0.71759267922917,7.98491332997713,-1.5));
#5337=CARTESIAN_POINT('Ctrl Pts',(-0.0886040503881222,8.2864916731037,-1.5));
#5338=CARTESIAN_POINT('Ctrl Pts',(0.273815622586093,8.28649167310371,-1.5));
#5339=CARTESIAN_POINT('Ctrl Pts',(-0.826648667132638,7.07618437741389,-1.5));
#5340=CARTESIAN_POINT('Ctrl Pts',(-0.828315313576747,7.3238769684824,-1.49996855584215));
#5341=CARTESIAN_POINT('Ctrl Pts',(-0.630317096972739,7.90476301389225,-1.49994945052599));
#5342=CARTESIAN_POINT('Ctrl Pts',(-0.05644116550518,8.17887086239145,-1.49995807445621));
#5343=CARTESIAN_POINT('Ctrl Pts',(0.273815622586095,8.17664866713264,-1.5));
#5344=CARTESIAN_POINT('Ctrl Pts',(-0.607361389998372,7.07618437741389,-1.42490536839983));
#5345=CARTESIAN_POINT('Ctrl Pts',(-0.612292292317494,7.2758270149896,-1.4272746448724));
#5346=CARTESIAN_POINT('Ctrl Pts',(-0.456059901240327,7.74485701982602,-1.42928049109715));
#5347=CARTESIAN_POINT('Ctrl Pts',(0.00762543915200239,7.96393592642387,
-1.42806440369659));
#5348=CARTESIAN_POINT('Ctrl Pts',(0.273815622586098,7.95736138999838,-1.42490536839983));
#5349=CARTESIAN_POINT('Ctrl Pts',(-0.479829506320546,7.07618437741389,-1.23135503320583));
#5350=CARTESIAN_POINT('Ctrl Pts',(-0.484055848460045,7.24768530890094,-1.23883924009564));
#5351=CARTESIAN_POINT('Ctrl Pts',(-0.350276432489913,7.64807492396382,-1.24530225679318));
#5352=CARTESIAN_POINT('Ctrl Pts',(0.0451477139369502,7.83546462917321,-1.24133397572558));
#5353=CARTESIAN_POINT('Ctrl Pts',(0.2738156225861,7.82982950632055,-1.23135503320583));
#5354=CARTESIAN_POINT('Ctrl Pts',(-0.452368754827779,7.07618437741389,-1.125));
#5355=CARTESIAN_POINT('Ctrl Pts',(-0.454858660977983,7.24176313640267,-1.13464336505336));
#5356=CARTESIAN_POINT('Ctrl Pts',(-0.324960578951647,7.6253529694004,-1.14307311939829));
#5357=CARTESIAN_POINT('Ctrl Pts',(0.0530439439346618,7.80568862969472,-1.13785782007115));
#5358=CARTESIAN_POINT('Ctrl Pts',(0.2738156225861,7.80236875482778,-1.125));
#5359=CARTESIAN_POINT('',(-0.452368754827779,7.07618437741389,-1.125));
#5360=CARTESIAN_POINT('',(-0.499999999698954,8.0092647371324,-1.5));
#5361=CARTESIAN_POINT('Ctrl Pts',(-0.499999999999997,8.00926473663401,-1.5));
#5362=CARTESIAN_POINT('Ctrl Pts',(-0.499999999999997,7.89295062184464,-1.5));
#5363=CARTESIAN_POINT('Ctrl Pts',(-0.500270957610655,7.77705868767641,-1.47598526244464));
#5364=CARTESIAN_POINT('Ctrl Pts',(-0.496183365917608,7.48048127018348,-1.375983593994));
#5365=CARTESIAN_POINT('Ctrl Pts',(-0.489358646086365,7.29133254458119,-1.26929395331755));
#5366=CARTESIAN_POINT('Ctrl Pts',(-0.452805310970023,7.07870716812705,-1.12669383633155));
#5367=CARTESIAN_POINT('Ctrl Pts',(-0.452587474699048,7.0774455777176,-1.12584709841891));
#5368=CARTESIAN_POINT('Ctrl Pts',(-0.45236875482779,7.0761843774146,-1.12500000000004));
#5369=CARTESIAN_POINT('',(0.273815622586093,8.28649167310371,-1.5));
#5370=CARTESIAN_POINT('Ctrl Pts',(-0.4990125512308,8.00805392765677,-1.5));
#5371=CARTESIAN_POINT('Ctrl Pts',(-0.283163320019649,8.18408468278669,-1.5));
#5372=CARTESIAN_POINT('Ctrl Pts',(-0.00556450695815493,8.2864916731037,
-1.5));
#5373=CARTESIAN_POINT('Ctrl Pts',(0.273815622586093,8.28649167310371,-1.5));
#5374=CARTESIAN_POINT('',(0.273815622586105,7.80236875482778,-1.125));
#5375=CARTESIAN_POINT('Origin',(0.273815622586093,8.28649167310371,-1.));
#5376=CARTESIAN_POINT('Ctrl Pts',(0.2738156225861,7.80236875482778,-1.125));
#5377=CARTESIAN_POINT('Ctrl Pts',(0.0530439439346618,7.80568862969472,-1.13785782007115));
#5378=CARTESIAN_POINT('Ctrl Pts',(-0.324960578951647,7.6253529694004,-1.14307311939829));
#5379=CARTESIAN_POINT('Ctrl Pts',(-0.454858660977983,7.24176313640267,-1.13464336505336));
#5380=CARTESIAN_POINT('Ctrl Pts',(-0.452368754827779,7.07618437741389,-1.125));
#5381=CARTESIAN_POINT('Origin',(7.75,8.28649167310371,-1.));
#5382=CARTESIAN_POINT('',(14.75,8.28649167310371,-1.5));
#5383=CARTESIAN_POINT('',(14.75,7.80236875482778,-1.125));
#5384=CARTESIAN_POINT('Origin',(14.75,8.28649167310371,-1.));
#5385=CARTESIAN_POINT('',(7.75,7.80236875482778,-1.125));
#5386=CARTESIAN_POINT('',(7.75,8.28649167310371,-1.5));
#5387=CARTESIAN_POINT('Ctrl Pts',(14.75,8.28649167310371,-1.5));
#5388=CARTESIAN_POINT('Ctrl Pts',(15.0635083268963,8.28649167310371,-1.5));
#5389=CARTESIAN_POINT('Ctrl Pts',(15.0635083268963,8.6,-1.5));
#5390=CARTESIAN_POINT('Ctrl Pts',(14.75,7.89919333848296,-1.5));
#5391=CARTESIAN_POINT('Ctrl Pts',(15.450806661517,7.89919333848296,-1.5));
#5392=CARTESIAN_POINT('Ctrl Pts',(15.450806661517,8.6,-1.5));
#5393=CARTESIAN_POINT('Ctrl Pts',(14.75,7.80236875482778,-1.125));
#5394=CARTESIAN_POINT('Ctrl Pts',(15.5476312451722,7.80236875482778,-1.125));
#5395=CARTESIAN_POINT('Ctrl Pts',(15.5476312451722,8.6,-1.125));
#5396=CARTESIAN_POINT('',(15.0635083268963,8.6,-1.5));
#5397=CARTESIAN_POINT('',(15.5476312451722,8.6,-1.125));
#5398=CARTESIAN_POINT('Origin',(15.0635083268963,8.6,-1.));
#5399=CARTESIAN_POINT('Origin',(14.75,8.6,-1.125));
#5400=CARTESIAN_POINT('Origin',(14.75,8.6,-1.5));
#5401=CARTESIAN_POINT('Origin',(15.0635083268963,5.42499999999999,-1.));
#5402=CARTESIAN_POINT('',(15.0635083268963,10.1,-1.5));
#5403=CARTESIAN_POINT('',(15.5476312451722,10.1,-1.125));
#5404=CARTESIAN_POINT('Origin',(15.0635083268963,10.1,-1.));
#5405=CARTESIAN_POINT('',(15.5476312451722,5.42499999999999,-1.125));
#5406=CARTESIAN_POINT('',(15.0635083268963,5.42499999999999,-1.5));
#5407=CARTESIAN_POINT('Ctrl Pts',(15.0635083268963,10.1,-1.5));
#5408=CARTESIAN_POINT('Ctrl Pts',(15.0635083268963,10.4135083268963,-1.5));
#5409=CARTESIAN_POINT('Ctrl Pts',(14.75,10.4135083268963,-1.5));
#5410=CARTESIAN_POINT('Ctrl Pts',(15.450806661517,10.1,-1.5));
#5411=CARTESIAN_POINT('Ctrl Pts',(15.450806661517,10.800806661517,-1.5));
#5412=CARTESIAN_POINT('Ctrl Pts',(14.75,10.800806661517,-1.5));
#5413=CARTESIAN_POINT('Ctrl Pts',(15.5476312451722,10.1,-1.125));
#5414=CARTESIAN_POINT('Ctrl Pts',(15.5476312451722,10.8976312451722,-1.125));
#5415=CARTESIAN_POINT('Ctrl Pts',(14.75,10.8976312451722,-1.125));
#5416=CARTESIAN_POINT('',(14.75,10.4135083268963,-1.5));
#5417=CARTESIAN_POINT('',(14.75,10.8976312451722,-1.125));
#5418=CARTESIAN_POINT('Origin',(14.75,10.4135083268963,-1.));
#5419=CARTESIAN_POINT('Origin',(14.75,10.1,-1.125));
#5420=CARTESIAN_POINT('Origin',(14.75,10.1,-1.5));
#5421=CARTESIAN_POINT('Origin',(-0.249999999999997,10.4135083268963,-1.));
#5422=CARTESIAN_POINT('',(-19.9331062065479,10.85,-1.24387500755755));
#5423=CARTESIAN_POINT('',(-19.75,10.8976312451722,-1.125));
#5424=CARTESIAN_POINT('Ctrl Pts',(-19.933106206548,10.85,-1.2438750075574));
#5425=CARTESIAN_POINT('Ctrl Pts',(-19.8742742527863,10.8711000822698,-1.20610971826106));
#5426=CARTESIAN_POINT('Ctrl Pts',(-19.8140599748148,10.8866137753407,-1.16684523312726));
#5427=CARTESIAN_POINT('Ctrl Pts',(-19.7524230725312,10.8972204736466,-1.12658289174701));
#5428=CARTESIAN_POINT('Ctrl Pts',(-19.751211648186,10.8974268719844,-1.12579153395274));
#5429=CARTESIAN_POINT('Ctrl Pts',(-19.75,10.8976312451722,-1.125));
#5430=CARTESIAN_POINT('',(-0.249999999999997,10.8976312451722,-1.125));
#5431=CARTESIAN_POINT('',(-0.568668561589374,10.4135083268963,-1.5));
#5432=CARTESIAN_POINT('',(-0.249999999999997,10.4135083268963,-1.5));
#5433=CARTESIAN_POINT('',(-1.25,10.85,-1.24387500755741));
#5434=CARTESIAN_POINT('Ctrl Pts',(-1.25,10.85,-1.24387500755741));
#5435=CARTESIAN_POINT('Ctrl Pts',(-1.1940625494997,10.85,-1.24387500755741));
#5436=CARTESIAN_POINT('Ctrl Pts',(-1.14073281022135,10.8438610279621,-1.25535913489055));
#5437=CARTESIAN_POINT('Ctrl Pts',(-1.03812435031565,10.8213581746214,-1.29000039267826));
#5438=CARTESIAN_POINT('Ctrl Pts',(-0.98871118263595,10.8049442435487,-1.3127252778039));
#5439=CARTESIAN_POINT('Ctrl Pts',(-0.846151973214541,10.7405347604985,-1.38357166304909));
#5440=CARTESIAN_POINT('Ctrl Pts',(-0.758966806000762,10.6769761135413,-1.43365101355836));
#5441=CARTESIAN_POINT('Ctrl Pts',(-0.651719273862402,10.5555765428117,-1.48141018878863));
#5442=CARTESIAN_POINT('Ctrl Pts',(-0.616367103158047,10.5058315823338,-1.49433788648203));
#5443=CARTESIAN_POINT('Ctrl Pts',(-0.581075745311139,10.4394818129683,-1.49948787720819));
#5444=CARTESIAN_POINT('Ctrl Pts',(-0.574670963974428,10.4265530376745,-1.5));
#5445=CARTESIAN_POINT('Ctrl Pts',(-0.568668561589327,10.4135083268962,-1.5));
#5446=CARTESIAN_POINT('',(-0.249999999999997,10.85,-1.24387500755741));
#5447=CARTESIAN_POINT('Origin',(7.5,9.35,-1.5));
#5448=CARTESIAN_POINT('',(-0.499999999999997,10.1,-1.5));
#5449=CARTESIAN_POINT('',(-0.499999999999998,4.85,-1.5));
#5450=CARTESIAN_POINT('Origin',(-1.25,10.1,-1.5));
#5451=CARTESIAN_POINT('Origin',(-0.999999999999998,9.35,-1.75));
#5452=CARTESIAN_POINT('',(-0.999999999999997,10.1,-2.25));
#5453=CARTESIAN_POINT('',(-0.499999999999997,10.1,-1.75));
#5454=CARTESIAN_POINT('Origin',(-0.999999999999997,10.1,-1.75));
#5455=CARTESIAN_POINT('',(-0.499999999999998,5.6,-1.75));
#5456=CARTESIAN_POINT('',(-0.499999999999997,9.35,-1.75));
#5457=CARTESIAN_POINT('',(-0.999999999999998,5.6,-2.25));
#5458=CARTESIAN_POINT('Origin',(-0.999999999999998,5.6,-1.75));
#5459=CARTESIAN_POINT('',(-0.999999999999998,9.35,-2.25));
#5460=CARTESIAN_POINT('Ctrl Pts',(-1.25,5.35,-2.25));
#5461=CARTESIAN_POINT('Ctrl Pts',(-0.999999999999999,5.35,-2.25));
#5462=CARTESIAN_POINT('Ctrl Pts',(-0.999999999999999,5.6,-2.25));
#5463=CARTESIAN_POINT('Ctrl Pts',(-1.25,4.85,-2.25));
#5464=CARTESIAN_POINT('Ctrl Pts',(-0.499999999999998,4.85,-2.25));
#5465=CARTESIAN_POINT('Ctrl Pts',(-0.499999999999998,5.6,-2.25));
#5466=CARTESIAN_POINT('Ctrl Pts',(-1.25,4.85,-1.75));
#5467=CARTESIAN_POINT('Ctrl Pts',(-0.499999999999998,4.85,-1.75));
#5468=CARTESIAN_POINT('Ctrl Pts',(-0.499999999999998,5.6,-1.75));
#5469=CARTESIAN_POINT('',(-1.25,4.85,-1.75));
#5470=CARTESIAN_POINT('',(-1.25,5.35,-2.25));
#5471=CARTESIAN_POINT('Origin',(-1.25,5.35,-1.75));
#5472=CARTESIAN_POINT('Origin',(-1.25,5.6,-2.25));
#5473=CARTESIAN_POINT('Origin',(-1.25,5.6,-1.75));
#5474=CARTESIAN_POINT('Origin',(-5.5,5.35,-1.75));
#5475=CARTESIAN_POINT('',(-19.75,4.85,-1.75));
#5476=CARTESIAN_POINT('',(-19.75,5.35,-2.25));
#5477=CARTESIAN_POINT('Origin',(-19.75,5.35,-1.75));
#5478=CARTESIAN_POINT('',(-5.5,5.35,-2.25));
#5479=CARTESIAN_POINT('',(-5.5,4.85,-1.75));
#5480=CARTESIAN_POINT('Ctrl Pts',(-20.,5.6,-2.25));
#5481=CARTESIAN_POINT('Ctrl Pts',(-20.,5.35,-2.25));
#5482=CARTESIAN_POINT('Ctrl Pts',(-19.75,5.35,-2.25));
#5483=CARTESIAN_POINT('Ctrl Pts',(-20.5,5.6,-2.25));
#5484=CARTESIAN_POINT('Ctrl Pts',(-20.5,4.85,-2.25));
#5485=CARTESIAN_POINT('Ctrl Pts',(-19.75,4.85,-2.25));
#5486=CARTESIAN_POINT('Ctrl Pts',(-20.5,5.6,-1.75));
#5487=CARTESIAN_POINT('Ctrl Pts',(-20.5,4.85,-1.75));
#5488=CARTESIAN_POINT('Ctrl Pts',(-19.75,4.85,-1.75));
#5489=CARTESIAN_POINT('',(-20.5,5.6,-1.75));
#5490=CARTESIAN_POINT('',(-20.,5.6,-2.25));
#5491=CARTESIAN_POINT('Origin',(-20.,5.6,-1.75));
#5492=CARTESIAN_POINT('Origin',(-19.75,5.6,-2.25));
#5493=CARTESIAN_POINT('Origin',(-19.75,5.6,-1.75));
#5494=CARTESIAN_POINT('Origin',(-20.,6.35,-1.75));
#5495=CARTESIAN_POINT('',(-20.5,10.1,-1.75));
#5496=CARTESIAN_POINT('',(-20.,10.1,-2.25));
#5497=CARTESIAN_POINT('Origin',(-20.,10.1,-1.75));
#5498=CARTESIAN_POINT('',(-20.,6.35,-2.25));
#5499=CARTESIAN_POINT('',(-20.5,6.35,-1.75));
#5500=CARTESIAN_POINT('Ctrl Pts',(-19.75,10.35,-2.25));
#5501=CARTESIAN_POINT('Ctrl Pts',(-20.,10.35,-2.25));
#5502=CARTESIAN_POINT('Ctrl Pts',(-20.,10.1,-2.25));
#5503=CARTESIAN_POINT('Ctrl Pts',(-19.75,10.85,-2.25));
#5504=CARTESIAN_POINT('Ctrl Pts',(-20.5,10.85,-2.25));
#5505=CARTESIAN_POINT('Ctrl Pts',(-20.5,10.1,-2.25));
#5506=CARTESIAN_POINT('Ctrl Pts',(-19.75,10.85,-1.75));
#5507=CARTESIAN_POINT('Ctrl Pts',(-20.5,10.85,-1.75));
#5508=CARTESIAN_POINT('Ctrl Pts',(-20.5,10.1,-1.75));
#5509=CARTESIAN_POINT('',(-19.75,10.85,-1.75));
#5510=CARTESIAN_POINT('',(-19.75,10.35,-2.25));
#5511=CARTESIAN_POINT('Origin',(-19.75,10.35,-1.75));
#5512=CARTESIAN_POINT('Origin',(-19.75,10.1,-2.25));
#5513=CARTESIAN_POINT('Origin',(-19.75,10.1,-1.75));
#5514=CARTESIAN_POINT('Origin',(-5.5,10.35,-1.75));
#5515=CARTESIAN_POINT('',(-1.25,10.85,-1.75));
#5516=CARTESIAN_POINT('',(-1.25,10.35,-2.25));
#5517=CARTESIAN_POINT('Origin',(-1.25,10.35,-1.75));
#5518=CARTESIAN_POINT('',(-5.5,10.35,-2.25));
#5519=CARTESIAN_POINT('',(-5.5,10.85,-1.75));
#5520=CARTESIAN_POINT('Ctrl Pts',(-0.999999999999998,10.1,-2.25));
#5521=CARTESIAN_POINT('Ctrl Pts',(-0.999999999999998,10.35,-2.25));
#5522=CARTESIAN_POINT('Ctrl Pts',(-1.25,10.35,-2.25));
#5523=CARTESIAN_POINT('Ctrl Pts',(-0.499999999999997,10.1,-2.25));
#5524=CARTESIAN_POINT('Ctrl Pts',(-0.499999999999997,10.85,-2.25));
#5525=CARTESIAN_POINT('Ctrl Pts',(-1.25,10.85,-2.25));
#5526=CARTESIAN_POINT('Ctrl Pts',(-0.499999999999997,10.1,-1.75));
#5527=CARTESIAN_POINT('Ctrl Pts',(-0.499999999999997,10.85,-1.75));
#5528=CARTESIAN_POINT('Ctrl Pts',(-1.25,10.85,-1.75));
#5529=CARTESIAN_POINT('Origin',(-1.25,10.1,-1.75));
#5530=CARTESIAN_POINT('Origin',(-1.25,10.1,-2.25));
#5531=CARTESIAN_POINT('Origin',(-19.75,5.6,0.));
#5532=CARTESIAN_POINT('',(-19.75,4.85,-1.5));
#5533=CARTESIAN_POINT('',(-19.75,4.85,0.));
#5534=CARTESIAN_POINT('',(-20.1666666666667,4.97639043553768,-1.5));
#5535=CARTESIAN_POINT('Origin',(-19.75,5.6,-1.5));
#5536=CARTESIAN_POINT('',(-20.5,5.6,-1.5));
#5537=CARTESIAN_POINT('Origin',(-19.75,5.6,-1.5));
#5538=CARTESIAN_POINT('',(-20.5,5.6,0.));
#5539=CARTESIAN_POINT('Origin',(-0.499999999999998,4.85,0.));
#5540=CARTESIAN_POINT('',(-1.25,4.85,-1.5));
#5541=CARTESIAN_POINT('',(-1.25,4.85,0.));
#5542=CARTESIAN_POINT('',(-0.249999999999999,4.85,-1.5));
#5543=CARTESIAN_POINT('Origin',(-1.25,5.6,0.));
#5544=CARTESIAN_POINT('',(-0.499999999999998,5.6,-1.5));
#5545=CARTESIAN_POINT('',(-0.499999999999998,5.6,0.));
#5546=CARTESIAN_POINT('Origin',(-1.25,5.6,-1.5));
#5547=CARTESIAN_POINT('Origin',(-0.499999999999997,10.85,0.));
#5548=CARTESIAN_POINT('',(-0.499999999999997,10.1,0.));
#5549=CARTESIAN_POINT('',(-0.499999999999998,4.85,-1.5));
#5550=CARTESIAN_POINT('Origin',(-10.5,7.85,-2.25));
#5551=CARTESIAN_POINT('Ctrl Pts',(1.,6.35,0.));
#5552=CARTESIAN_POINT('Ctrl Pts',(0.853419245343893,6.64316150931222,5.42457762620477E-17));
#5553=CARTESIAN_POINT('Ctrl Pts',(0.510838680913505,7.32832263817299,-0.205409656031567));
#5554=CARTESIAN_POINT('Ctrl Pts',(0.304703393455816,7.74059321308837,-0.815135587621051));
#5555=CARTESIAN_POINT('Ctrl Pts',(0.26535645246703,7.81928709506594,-1.19801418531216));
#5556=CARTESIAN_POINT('Ctrl Pts',(1.,6.35,0.));
#5557=CARTESIAN_POINT('Ctrl Pts',(0.825499101599872,6.6152413655682,5.94120406679571E-17));
#5558=CARTESIAN_POINT('Ctrl Pts',(0.421502260789989,7.23111349077335,-0.154324459226105));
#5559=CARTESIAN_POINT('Ctrl Pts',(0.11570755856662,7.71015592134351,-0.725906344782098));
#5560=CARTESIAN_POINT('Ctrl Pts',(0.0510486983223892,7.81060092249767,-1.15575232849856));
#5561=CARTESIAN_POINT('Ctrl Pts',(1.,6.35,2.42703022739266E-33));
#5562=CARTESIAN_POINT('Ctrl Pts',(0.776638850047836,6.56638111401616,5.81204745664798E-17));
#5563=CARTESIAN_POINT('Ctrl Pts',(0.264437586986084,7.06236104593104,-0.116654063142609));
#5564=CARTESIAN_POINT('Ctrl Pts',(-0.214058021307051,7.51941124470844,-0.649005077591644));
#5565=CARTESIAN_POINT('Ctrl Pts',(-0.320605216468005,7.6211872339741,-1.11829609316995));
#5566=CARTESIAN_POINT('Ctrl Pts',(1.,6.35,7.33687597861805E-33));
#5567=CARTESIAN_POINT('Ctrl Pts',(0.727778598495799,6.51752086246412,3.87469830443197E-17));
#5568=CARTESIAN_POINT('Ctrl Pts',(0.094572951963905,6.90617231584376,-0.166852838392245));
#5569=CARTESIAN_POINT('Ctrl Pts',(-0.368142531346543,7.18738722780602,-0.748597504532706));
#5570=CARTESIAN_POINT('Ctrl Pts',(-0.462772465639739,7.24537436314145,-1.16631779270196));
#5571=CARTESIAN_POINT('Ctrl Pts',(1.,6.35,0.));
#5572=CARTESIAN_POINT('Ctrl Pts',(0.706838490687784,6.49658075465611,2.71228881310238E-17));
#5573=CARTESIAN_POINT('Ctrl Pts',(0.0216773618270081,6.83916131908649,-0.205409656031568));
#5574=CARTESIAN_POINT('Ctrl Pts',(-0.390593213088371,7.04529660654418,-0.815135587621051));
#5575=CARTESIAN_POINT('Ctrl Pts',(-0.469287095065942,7.08464354753297,-1.19801418531216));
#5576=CARTESIAN_POINT('',(1.,6.35,0.));
#5577=CARTESIAN_POINT('Origin',(1.,6.35,-1.5));
#5578=CARTESIAN_POINT('Origin',(1.,6.35,-1.5));
#5579=CARTESIAN_POINT('Origin',(-19.75,10.1,-1.5));
#5580=CARTESIAN_POINT('',(-19.75,10.85,-1.5));
#5581=CARTESIAN_POINT('Ctrl Pts',(-19.75,10.85,-1.5));
#5582=CARTESIAN_POINT('Ctrl Pts',(-19.8085674385046,10.85,-1.41717313415327));
#5583=CARTESIAN_POINT('Ctrl Pts',(-19.8695083740172,10.85,-1.33091647731301));
#5584=CARTESIAN_POINT('Ctrl Pts',(-19.9331062065479,10.85,-1.24387500755755));
#5585=CARTESIAN_POINT('',(-20.4888886603697,10.2286217228042,-1.5));
#5586=CARTESIAN_POINT('Origin',(-19.75,10.1,-1.5));
#5587=CARTESIAN_POINT('',(-21.7935875730841,10.4557366196685,-0.0103234796687732));
#5588=CARTESIAN_POINT('Origin',(-21.966665981109,10.4858651684126,-1.5));
#5589=CARTESIAN_POINT('',(-21.966665981109,10.4858651684126,1.30894853285024E-16));
#5590=CARTESIAN_POINT('Ctrl Pts',(-21.966665981109,10.4858651684126,6.77466861026603E-15));
#5591=CARTESIAN_POINT('Ctrl Pts',(-21.9539083454129,10.4885667808001,-6.58506803090231E-8));
#5592=CARTESIAN_POINT('Ctrl Pts',(-21.9410545063095,10.4905203605712,-0.000147079589549267));
#5593=CARTESIAN_POINT('Ctrl Pts',(-21.9282276665223,10.4915241859423,-0.000453075461768119));
#5594=CARTESIAN_POINT('Ctrl Pts',(-21.9025677307549,10.4935323262928,-0.0010652164533498));
#5595=CARTESIAN_POINT('Ctrl Pts',(-21.8770684318909,10.491740232316,-0.00231471048123266));
#5596=CARTESIAN_POINT('Ctrl Pts',(-21.8523627368608,10.4846240362197,-0.00424304431150128));
#5597=CARTESIAN_POINT('Ctrl Pts',(-21.8309118055201,10.4784453380011,-0.00591733667788512));
#5598=CARTESIAN_POINT('Ctrl Pts',(-21.8114570665154,10.4686637575127,-0.00798580543911072));
#5599=CARTESIAN_POINT('Ctrl Pts',(-21.7935875730841,10.4557366196685,-0.0103234796687733));
#5600=CARTESIAN_POINT('',(-19.75,12.35,0.));
#5601=CARTESIAN_POINT('Origin',(-19.75,10.1,0.));
#5602=CARTESIAN_POINT('Origin',(-19.75,12.35,-1.5));
#5603=CARTESIAN_POINT('Origin',(-0.249999999999997,12.35,-1.5));
#5604=CARTESIAN_POINT('',(14.75,12.35,0.));
#5605=CARTESIAN_POINT('',(-0.249999999999997,12.35,0.));
#5606=CARTESIAN_POINT('Origin',(14.75,12.35,-1.5));
#5607=CARTESIAN_POINT('Origin',(14.75,10.1,-1.5));
#5608=CARTESIAN_POINT('',(17.,10.1,0.));
#5609=CARTESIAN_POINT('Origin',(14.75,10.1,0.));
#5610=CARTESIAN_POINT('Origin',(17.,10.1,-1.5));
#5611=CARTESIAN_POINT('Origin',(17.,5.42499999999999,-1.5));
#5612=CARTESIAN_POINT('',(17.,8.6,0.));
#5613=CARTESIAN_POINT('',(17.,5.42499999999999,0.));
#5614=CARTESIAN_POINT('Origin',(17.,8.6,-1.5));
#5615=CARTESIAN_POINT('Origin',(14.75,8.6,-1.5));
#5616=CARTESIAN_POINT('',(14.75,6.35,0.));
#5617=CARTESIAN_POINT('Origin',(14.75,8.6,0.));
#5618=CARTESIAN_POINT('Origin',(14.75,6.35,-1.5));
#5619=CARTESIAN_POINT('Origin',(7.75,6.35,-1.5));
#5620=CARTESIAN_POINT('',(7.75,6.35,0.));
#5621=CARTESIAN_POINT('Origin',(-19.75,10.1,-1.5));
#5622=CARTESIAN_POINT('',(-21.6025615000473,10.1,-0.0536104816629168));
#5623=CARTESIAN_POINT('Ctrl Pts',(-21.7935875730841,10.4557366196685,-0.0103234796687742));
#5624=CARTESIAN_POINT('Ctrl Pts',(-21.7907726656366,10.4537003232758,-0.01069171421325));
#5625=CARTESIAN_POINT('Ctrl Pts',(-21.7879970984549,10.4515859956748,-0.0110667103083112));
#5626=CARTESIAN_POINT('Ctrl Pts',(-21.7581910056412,10.4277379535833,-0.0152184159490846));
#5627=CARTESIAN_POINT('Ctrl Pts',(-21.7344458811717,10.3983433352274,-0.0196553197446021));
#5628=CARTESIAN_POINT('Ctrl Pts',(-21.6733540544331,10.2972547470901,-0.0331849327341501));
#5629=CARTESIAN_POINT('Ctrl Pts',(-21.6391007863768,10.208231773108,-0.0435702269707872));
#5630=CARTESIAN_POINT('Ctrl Pts',(-21.6025615000473,10.1,-0.0536104816629166));
#5631=CARTESIAN_POINT('',(-20.5,10.1,-1.5));
#5632=CARTESIAN_POINT('Origin',(-19.75,10.1,-1.5));
#5633=CARTESIAN_POINT('Origin',(-22.,10.1,-1.5));
#5634=CARTESIAN_POINT('Origin',(-1.25,5.6,-1.5));
#5635=CARTESIAN_POINT('',(1.,5.6,0.));
#5636=CARTESIAN_POINT('Origin',(1.,5.6,-1.5));
#5637=CARTESIAN_POINT('',(-1.25,3.35,0.));
#5638=CARTESIAN_POINT('Origin',(-1.25,5.6,0.));
#5639=CARTESIAN_POINT('Origin',(-1.25,3.35,-1.5));
#5640=CARTESIAN_POINT('Origin',(-0.249999999999999,3.35,-1.5));
#5641=CARTESIAN_POINT('',(-19.75,3.35,0.));
#5642=CARTESIAN_POINT('Origin',(-19.75,3.35,-1.5));
#5643=CARTESIAN_POINT('',(-0.249999999999999,3.35,0.));
#5644=CARTESIAN_POINT('Origin',(-19.75,5.6,-1.5));
#5645=CARTESIAN_POINT('',(-21.,3.72917130661303,0.));
#5646=CARTESIAN_POINT('Origin',(-21.,3.72917130661303,-1.5));
#5647=CARTESIAN_POINT('Origin',(-19.75,5.6,0.));
#5648=CARTESIAN_POINT('Origin',(1.,5.425,-1.5));
#5649=CARTESIAN_POINT('',(1.,5.425,0.));
#5650=CARTESIAN_POINT('Origin',(-19.75,5.6,-1.5));
#5651=CARTESIAN_POINT('',(-21.2457489775676,5.6,-0.203425514997443));
#5652=CARTESIAN_POINT('',(-21.0683810119476,4.33001411284085,-0.0598333854541502));
#5653=CARTESIAN_POINT('Ctrl Pts',(-21.2457489775676,5.6,-0.203425514997443));
#5654=CARTESIAN_POINT('Ctrl Pts',(-21.2393257219845,5.10465541837881,-0.207162089445686));
#5655=CARTESIAN_POINT('Ctrl Pts',(-21.1421734597668,4.72618619393386,-0.124401777295928));
#5656=CARTESIAN_POINT('Ctrl Pts',(-21.0683810119476,4.33001411284085,-0.0598333854541496));
#5657=CARTESIAN_POINT('Origin',(-22.,5.6,-1.5));
#5658=CARTESIAN_POINT('Ctrl Pts',(-21.0683810119476,4.33001411284085,-0.0598333854541502));
#5659=CARTESIAN_POINT('Ctrl Pts',(-21.0657083749658,4.31566543372278,-0.0574948280950564));
#5660=CARTESIAN_POINT('Ctrl Pts',(-21.0630853275757,4.30139766396147,-0.0551996616287229));
#5661=CARTESIAN_POINT('Ctrl Pts',(-21.029373552949,4.11506932143861,-0.025701858830395));
#5662=CARTESIAN_POINT('Ctrl Pts',(-21.,3.90622306691419,2.65916445130148E-17));
#5663=CARTESIAN_POINT('Ctrl Pts',(-21.,3.72917130661303,-1.51788304147971E-17));
#5664=CARTESIAN_POINT('Origin',(-22.,2.425,-1.5));
#5665=CARTESIAN_POINT('',(-21.3101798417885,7.7481069726381,-0.16802847277991));
#5666=CARTESIAN_POINT('Ctrl Pts',(-21.6025615000473,10.1,-0.0536104816629166));
#5667=CARTESIAN_POINT('Ctrl Pts',(-21.601670466781,10.0973607007689,-0.0538553195300973));
#5668=CARTESIAN_POINT('Ctrl Pts',(-21.6007816057044,10.0947072456455,-0.054100446048956));
#5669=CARTESIAN_POINT('Ctrl Pts',(-21.5219929547042,9.85767195230759,-0.0759063120166407));
#5670=CARTESIAN_POINT('Ctrl Pts',(-21.4611744676879,9.51614609666949,-0.0990538951078961));
#5671=CARTESIAN_POINT('Ctrl Pts',(-21.3651177743187,8.63835362676674,-0.140070700761982));
#5672=CARTESIAN_POINT('Ctrl Pts',(-21.3331182656097,8.16392490854302,-0.156148799058559));
#5673=CARTESIAN_POINT('Ctrl Pts',(-21.3101798417885,7.7481069726381,-0.16802847277991));
#5674=CARTESIAN_POINT('',(-20.5,2.425,-1.5));
#5675=CARTESIAN_POINT('Ctrl Pts',(-21.3101798417885,7.7481069726381,-0.16802847277991));
#5676=CARTESIAN_POINT('Ctrl Pts',(-21.2800452601911,7.20184016647856,-0.183634993955716));
#5677=CARTESIAN_POINT('Ctrl Pts',(-21.2629487228216,6.59635641562154,-0.193519498135525));
#5678=CARTESIAN_POINT('Ctrl Pts',(-21.2500721246511,5.90267676402888,-0.200916332091782));
#5679=CARTESIAN_POINT('Ctrl Pts',(-21.2477168738568,5.75175898755226,-0.202280738661496));
#5680=CARTESIAN_POINT('Ctrl Pts',(-21.2457489775676,5.6,-0.203425514997442));
#5681=CARTESIAN_POINT('Ctrl Pts',(-21.3101798417885,10.6249033015341,2.17382806343388E-15));
#5682=CARTESIAN_POINT('Ctrl Pts',(-22.5401198945256,10.3644125485063,1.07935958328843E-14));
#5683=CARTESIAN_POINT('Ctrl Pts',(-23.7700599472628,10.1039217954786,1.94133636023348E-14));
#5684=CARTESIAN_POINT('Ctrl Pts',(-25.,9.84343104245088,2.80331313717852E-14));
#5685=CARTESIAN_POINT('Ctrl Pts',(-21.3101798417885,9.50790021328961,-0.065242131020163));
#5686=CARTESIAN_POINT('Ctrl Pts',(-22.5401198945256,9.34194306911139,-0.323943372225741));
#5687=CARTESIAN_POINT('Ctrl Pts',(-23.7700599472628,9.17598592493317,-0.58264461343132));
#5688=CARTESIAN_POINT('Ctrl Pts',(-25.,9.01002878075495,-0.841345854636898));
#5689=CARTESIAN_POINT('Ctrl Pts',(-21.3101798417885,8.42682932147564,-0.128385527406528));
#5690=CARTESIAN_POINT('Ctrl Pts',(-22.5401198945256,8.35236479168755,-0.637466006133335));
#5691=CARTESIAN_POINT('Ctrl Pts',(-23.7700599472628,8.27790026189945,-1.14654648486014));
#5692=CARTESIAN_POINT('Ctrl Pts',(-25.,8.20343573211136,-1.65562696358695));
#5693=CARTESIAN_POINT('Ctrl Pts',(-21.3101798417885,7.7481069726381,-0.168028472779909));
#5694=CARTESIAN_POINT('Ctrl Pts',(-22.5401198945256,7.73108371021774,-0.834303068448866));
#5695=CARTESIAN_POINT('Ctrl Pts',(-23.7700599472628,7.71406044779738,-1.50057766411782));
#5696=CARTESIAN_POINT('Ctrl Pts',(-25.,7.69703718537701,-2.16685225978678));
#5697=CARTESIAN_POINT('',(-25.,7.69703718537701,-2.16685225978678));
#5698=CARTESIAN_POINT('',(-21.,7.75240008662567,0.));
#5699=CARTESIAN_POINT('',(-25.,9.22456462522924,-0.624765156796969));
#5700=CARTESIAN_POINT('',(-25.,6.58270904811961,-3.29180164146829));
#5701=CARTESIAN_POINT('',(-25.,9.84343104245085,0.));
#5702=CARTESIAN_POINT('',(-25.,6.58270904811961,-3.29180164146829));
#5703=CARTESIAN_POINT('Ctrl Pts',(-21.966665981109,10.4858651684126,1.30894853285024E-16));
#5704=CARTESIAN_POINT('Ctrl Pts',(-22.3111106540727,10.4129147412458,2.0280934935716E-16));
#5705=CARTESIAN_POINT('Ctrl Pts',(-22.6555553270363,10.3399643140791,2.77555756156289E-16));
#5706=CARTESIAN_POINT('Ctrl Pts',(-23.6666666666667,10.1258196054251,2.77555756156289E-16));
#5707=CARTESIAN_POINT('Ctrl Pts',(-24.3333333333333,9.98462532393799,2.77555756156289E-16));
#5708=CARTESIAN_POINT('Ctrl Pts',(-25.,9.84343104245085,2.77555756156289E-16));
#5709=CARTESIAN_POINT('Ctrl Pts',(-21.0683810119476,7.75145364382273,-0.037042887566289));
#5710=CARTESIAN_POINT('Ctrl Pts',(-22.3789206746317,7.73331482434083,-0.746979344973119));
#5711=CARTESIAN_POINT('Ctrl Pts',(-23.6894603373159,7.71517600485892,-1.45691580237995));
#5712=CARTESIAN_POINT('Ctrl Pts',(-25.,7.69703718537701,-2.16685225978678));
#5713=CARTESIAN_POINT('Ctrl Pts',(-21.0683810119476,6.61493292668466,-0.0514377234971281));
#5714=CARTESIAN_POINT('Ctrl Pts',(-22.3789206746317,6.69836769105078,-1.03879436258983));
#5715=CARTESIAN_POINT('Ctrl Pts',(-23.6894603373159,6.77951551673682,-2.02153264359573));
#5716=CARTESIAN_POINT('Ctrl Pts',(-25.,6.86295028110293,-3.00888928268843));
#5717=CARTESIAN_POINT('Ctrl Pts',(-21.0683810119476,5.47253740107184,-0.0598333854541469));
#5718=CARTESIAN_POINT('Ctrl Pts',(-22.3789206746317,5.54398614419245,-1.20818055961718));
#5719=CARTESIAN_POINT('Ctrl Pts',(-23.6894603373159,5.61376318384375,-2.35165282583697));
#5720=CARTESIAN_POINT('Ctrl Pts',(-25.,5.68521192696436,-3.5));
#5721=CARTESIAN_POINT('Ctrl Pts',(-21.0683810119476,4.33001411284085,-0.0598333854541469));
#5722=CARTESIAN_POINT('Ctrl Pts',(-22.3789206746317,4.38667607522723,-1.20655559030276));
#5723=CARTESIAN_POINT('Ctrl Pts',(-23.6894603373159,4.44333803761362,-2.35327779515138));
#5724=CARTESIAN_POINT('Ctrl Pts',(-25.,4.5,-3.5));
#5725=CARTESIAN_POINT('',(-25.,4.5,-3.5));
#5726=CARTESIAN_POINT('',(-21.,4.32705761908699,0.));
#5727=CARTESIAN_POINT('Origin',(-25.,4.5,1.));
#5728=CARTESIAN_POINT('Origin',(0.,2.22044604925031E-15,0.));
#5729=CARTESIAN_POINT('',(-27.,9.84343104245085,0.));
#5730=CARTESIAN_POINT('',(-17.5,9.84343104245085,0.));
#5731=CARTESIAN_POINT('',(-25.,12.658537491999,0.));
#5732=CARTESIAN_POINT('Origin',(-27.,12.658537491999,0.));
#5733=CARTESIAN_POINT('',(-25.,12.85,0.));
#5734=CARTESIAN_POINT('',(-25.,-12.85,0.));
#5735=CARTESIAN_POINT('',(21.,12.85,0.));
#5736=CARTESIAN_POINT('',(-25.,12.85,0.));
#5737=CARTESIAN_POINT('',(21.,-12.85,-5.55111512312578E-15));
#5738=CARTESIAN_POINT('',(21.,1.11022302462516E-15,0.));
#5739=CARTESIAN_POINT('',(-25.,-12.85,0.));
#5740=CARTESIAN_POINT('',(25.,-12.85,0.));
#5741=CARTESIAN_POINT('',(-25.,-12.6552828342031,0.));
#5742=CARTESIAN_POINT('',(-25.,-12.85,0.));
#5743=CARTESIAN_POINT('',(-27.,-9.81334413239384,0.));
#5744=CARTESIAN_POINT('Origin',(-27.,-12.6552828342031,0.));
#5745=CARTESIAN_POINT('',(-25.,-9.81334413239384,0.));
#5746=CARTESIAN_POINT('',(-17.5,-9.81334413239384,0.));
#5747=CARTESIAN_POINT('',(-21.,-10.6883788259684,0.));
#5748=CARTESIAN_POINT('Ctrl Pts',(-25.,-9.81334413239384,0.));
#5749=CARTESIAN_POINT('Ctrl Pts',(-24.3333333333333,-9.9591832479896,0.));
#5750=CARTESIAN_POINT('Ctrl Pts',(-23.6666666666667,-10.1050223635854,0.));
#5751=CARTESIAN_POINT('Ctrl Pts',(-22.3366317156843,-10.3959790450294,0.));
#5752=CARTESIAN_POINT('Ctrl Pts',(-21.6732634313686,-10.5410966108778,0.));
#5753=CARTESIAN_POINT('Ctrl Pts',(-21.0065967647019,-10.6869357264735,0.));
#5754=CARTESIAN_POINT('Ctrl Pts',(-21.0032983823509,-10.687657276221,0.));
#5755=CARTESIAN_POINT('Ctrl Pts',(-21.,-10.6883788259684,0.));
#5756=CARTESIAN_POINT('',(-21.,-8.37619639966384,0.));
#5757=CARTESIAN_POINT('',(-21.,-1.24900090270331E-15,0.));
#5758=CARTESIAN_POINT('',(-21.,-4.34314487282987,0.));
#5759=CARTESIAN_POINT('',(-21.,-1.24900090270331E-15,0.));
#5760=CARTESIAN_POINT('',(-21.,-1.24900090270331E-15,0.));
#5761=CARTESIAN_POINT('Origin',(-1.25,10.1,0.));
#5762=CARTESIAN_POINT('',(-1.25,10.85,0.));
#5763=CARTESIAN_POINT('Origin',(-20.5,4.85,0.));
#5764=CARTESIAN_POINT('',(-20.5,10.1,0.));
#5765=CARTESIAN_POINT('Origin',(-19.75,10.1,0.));
#5766=CARTESIAN_POINT('',(-19.75,10.85,0.));
#5767=CARTESIAN_POINT('Origin',(-0.499999999999997,10.85,0.));
#5768=CARTESIAN_POINT('Origin',(-27.,-10.,3.));
#5769=CARTESIAN_POINT('',(-27.,-11.7320508075689,2.));
#5770=CARTESIAN_POINT('',(-25.2563597579112,-12.85,2.00000000233614));
#5771=CARTESIAN_POINT('Ctrl Pts',(-25.2563597572355,-12.8499999996352,2.));
#5772=CARTESIAN_POINT('Ctrl Pts',(-25.3505125106051,-12.6724052977968,2.));
#5773=CARTESIAN_POINT('Ctrl Pts',(-25.4762774742016,-12.5001025973749,2.));
#5774=CARTESIAN_POINT('Ctrl Pts',(-25.7807023324085,-12.1782853041411,2.));
#5775=CARTESIAN_POINT('Ctrl Pts',(-26.0291526171986,-11.9977121965763,2.));
#5776=CARTESIAN_POINT('Ctrl Pts',(-26.4808890467951,-11.7950957866697,2.));
#5777=CARTESIAN_POINT('Ctrl Pts',(-26.7608537765641,-11.7320508075689,2.));
#5778=CARTESIAN_POINT('Ctrl Pts',(-27.,-11.7320508075689,2.));
#5779=CARTESIAN_POINT('',(-27.,-11.4074898932386,1.57909458427688));
#5780=CARTESIAN_POINT('Origin',(-27.,-10.,3.));
#5781=CARTESIAN_POINT('',(-25.,-12.8149797864771,0.158189168553768));
#5782=CARTESIAN_POINT('Origin',(-27.,-12.8149797864771,0.158189168553768));
#5783=CARTESIAN_POINT('',(-25.,-12.85,0.193311559862763));
#5784=CARTESIAN_POINT('Origin',(-25.,-10.,3.));
#5785=CARTESIAN_POINT('Ctrl Pts',(-25.,-12.85,0.193311559862763));
#5786=CARTESIAN_POINT('Ctrl Pts',(-25.,-12.85,0.494899603012423));
#5787=CARTESIAN_POINT('Ctrl Pts',(-25.0419419342397,-12.85,0.854366673746647));
#5788=CARTESIAN_POINT('Ctrl Pts',(-25.1390800714415,-12.85,1.41883528195744));
#5789=CARTESIAN_POINT('Ctrl Pts',(-25.2020702075122,-12.85,1.70815108757556));
#5790=CARTESIAN_POINT('Ctrl Pts',(-25.2563597574907,-12.85,2.00000000241185));
#5791=CARTESIAN_POINT('Origin',(-27.,-6.29832418454095,-6.29693922771171));
#5792=CARTESIAN_POINT('',(-25.,-6.29832418454095,-6.29693922771171));
#5793=CARTESIAN_POINT('',(-27.,-4.89083429130238,-4.87603381198859));
#5794=CARTESIAN_POINT('Origin',(-35.,-11.4074898932386,1.57909458427688));
#5795=CARTESIAN_POINT('',(-35.,-11.4074898932386,1.57909458427688));
#5796=CARTESIAN_POINT('',(-25.,-8.10816292049884,-1.68908169067756));
#5797=CARTESIAN_POINT('',(-35.,-8.10816292049884,-1.68908169067756));
#5798=CARTESIAN_POINT('',(-25.,-9.16802622742889,-0.639225115981294));
#5799=CARTESIAN_POINT('',(-25.,-8.38379713972991,-1.41604988046309));
#5800=CARTESIAN_POINT('',(-25.,-8.38379713972991,-1.41604988046309));
#5801=CARTESIAN_POINT('Origin',(-35.,-10.,3.));
#5802=CARTESIAN_POINT('',(-25.,-11.7320508075689,2.));
#5803=CARTESIAN_POINT('',(-35.,-11.7320508075689,2.));
#5804=CARTESIAN_POINT('',(-25.,-11.8805628333214,3.68079617355729));
#5805=CARTESIAN_POINT('Origin',(-25.,-10.,3.));
#5806=CARTESIAN_POINT('',(-25.,-10.1849340003353,4.99143149907798));
#5807=CARTESIAN_POINT('Origin',(-25.,-10.,3.));
#5808=CARTESIAN_POINT('',(-35.,-10.1849340003353,4.99143149907798));
#5809=CARTESIAN_POINT('Origin',(-27.,10.9356516154152,-1.73930760318135));
#5810=CARTESIAN_POINT('',(-27.,11.4209054157231,1.59251010676143));
#5811=CARTESIAN_POINT('',(-27.,9.51474619969208,-0.331817709942784));
#5812=CARTESIAN_POINT('',(-25.,12.8418108314462,0.185020213522864));
#5813=CARTESIAN_POINT('Origin',(-27.,12.8418108314462,0.185020213522864));
#5814=CARTESIAN_POINT('',(-25.,10.9356516154152,-1.73930760318135));
#5815=CARTESIAN_POINT('Origin',(-27.,10.,3.));
#5816=CARTESIAN_POINT('',(-25.,12.85,0.193311559862764));
#5817=CARTESIAN_POINT('',(-25.2563597579112,12.85,2.00000000233614));
#5818=CARTESIAN_POINT('Ctrl Pts',(-25.2563597574907,12.85,2.00000000241186));
#5819=CARTESIAN_POINT('Ctrl Pts',(-25.2020702075122,12.85,1.70815108757556));
#5820=CARTESIAN_POINT('Ctrl Pts',(-25.1390800714415,12.85,1.41883528195744));
#5821=CARTESIAN_POINT('Ctrl Pts',(-25.0419419342397,12.85,0.854366673746648));
#5822=CARTESIAN_POINT('Ctrl Pts',(-25.,12.85,0.494899603012424));
#5823=CARTESIAN_POINT('Ctrl Pts',(-25.,12.85,0.193311559862764));
#5824=CARTESIAN_POINT('Origin',(-25.,10.,3.));
#5825=CARTESIAN_POINT('',(-27.,11.7320508075689,2.));
#5826=CARTESIAN_POINT('Origin',(-27.,10.,3.));
#5827=CARTESIAN_POINT('Ctrl Pts',(-27.,11.7320508075689,2.));
#5828=CARTESIAN_POINT('Ctrl Pts',(-26.7608537765641,11.7320508075689,2.));
#5829=CARTESIAN_POINT('Ctrl Pts',(-26.4808890467951,11.7950957866697,2.));
#5830=CARTESIAN_POINT('Ctrl Pts',(-26.0291526171986,11.9977121965763,2.));
#5831=CARTESIAN_POINT('Ctrl Pts',(-25.7807023324085,12.1782853041411,2.));
#5832=CARTESIAN_POINT('Ctrl Pts',(-25.4762774742017,12.5001025973748,2.));
#5833=CARTESIAN_POINT('Ctrl Pts',(-25.3505125106053,12.6724052977966,2.));
#5834=CARTESIAN_POINT('Ctrl Pts',(-25.2563597572357,12.8499999996348,2.));
#5835=CARTESIAN_POINT('Origin',(-35.,10.,3.));
#5836=CARTESIAN_POINT('',(-25.,11.7320508075689,2.));
#5837=CARTESIAN_POINT('',(-35.,11.7320508075689,2.));
#5838=CARTESIAN_POINT('',(-35.,11.4209054157231,1.59251010676143));
#5839=CARTESIAN_POINT('',(-25.,10.1849340003353,4.99143149907799));
#5840=CARTESIAN_POINT('',(-35.,10.1849340003353,4.99143149907799));
#5841=CARTESIAN_POINT('',(-25.,11.8809430191385,3.67974506894441));
#5842=CARTESIAN_POINT('Origin',(-25.,10.,3.));
#5843=CARTESIAN_POINT('Origin',(-25.,10.,3.));
#5844=CARTESIAN_POINT('Origin',(-35.,7.69703718537701,-2.16685225978678));
#5845=CARTESIAN_POINT('',(-35.,7.69703718537701,-2.16685225978678));
#5846=CARTESIAN_POINT('Ctrl Pts',(-21.,-8.37619639966384,0.));
#5847=CARTESIAN_POINT('Ctrl Pts',(-22.3333333333333,-8.28685190660884,-0.563027230225855));
#5848=CARTESIAN_POINT('Ctrl Pts',(-23.6666666666667,-8.19750741355384,-1.12605446045171));
#5849=CARTESIAN_POINT('Ctrl Pts',(-25.,-8.10816292049884,-1.68908169067756));
#5850=CARTESIAN_POINT('Ctrl Pts',(-21.,-9.1469238750987,0.));
#5851=CARTESIAN_POINT('Ctrl Pts',(-22.3333333333333,-8.99013480266486,-0.375351486817236));
#5852=CARTESIAN_POINT('Ctrl Pts',(-23.6666666666667,-8.83334573023101,-0.750702973634472));
#5853=CARTESIAN_POINT('Ctrl Pts',(-25.,-8.67655665779717,-1.12605446045171));
#5854=CARTESIAN_POINT('Ctrl Pts',(-21.,-9.91765135053355,0.));
#5855=CARTESIAN_POINT('Ctrl Pts',(-22.3333333333333,-9.69341769872087,-0.187675743408617));
#5856=CARTESIAN_POINT('Ctrl Pts',(-23.6666666666667,-9.46918404690819,-0.375351486817235));
#5857=CARTESIAN_POINT('Ctrl Pts',(-25.,-9.24495039509551,-0.563027230225852));
#5858=CARTESIAN_POINT('Ctrl Pts',(-21.,-10.6883788259684,0.));
#5859=CARTESIAN_POINT('Ctrl Pts',(-22.3333333333333,-10.3967005947769,1.29526019539602E-15));
#5860=CARTESIAN_POINT('Ctrl Pts',(-23.6666666666667,-10.1050223635854,2.59052039079203E-15));
#5861=CARTESIAN_POINT('Ctrl Pts',(-25.,-9.81334413239385,3.88578058618805E-15));
#5862=CARTESIAN_POINT('',(-21.,-8.37619639966384,0.));
#5863=CARTESIAN_POINT('Ctrl Pts',(-21.,-12.85,0.235011245944929));
#5864=CARTESIAN_POINT('Ctrl Pts',(-22.3333333333333,-12.4773502691896,0.823340830629952));
#5865=CARTESIAN_POINT('Ctrl Pts',(-23.6666666666667,-12.1047005383793,1.41167041531498));
#5866=CARTESIAN_POINT('Ctrl Pts',(-25.,-11.7320508075689,2.));
#5867=CARTESIAN_POINT('Ctrl Pts',(-21.,-12.85,0.487152496524225));
#5868=CARTESIAN_POINT('Ctrl Pts',(-22.3333333333333,-12.5748039752185,1.15613111150401));
#5869=CARTESIAN_POINT('Ctrl Pts',(-23.6666666666667,-12.2932176644816,1.82633739575413));
#5870=CARTESIAN_POINT('Ctrl Pts',(-25.,-12.0180216397,2.49531601073391));
#5871=CARTESIAN_POINT('Ctrl Pts',(-21.,-12.85,0.907387914156385));
#5872=CARTESIAN_POINT('Ctrl Pts',(-22.3333333333333,-12.6040993296307,1.78201678559894));
#5873=CARTESIAN_POINT('Ctrl Pts',(-23.6666666666667,-12.3581420259876,2.65638330952479));
#5874=CARTESIAN_POINT('Ctrl Pts',(-25.,-12.1122413556183,3.53101218096735));
#5875=CARTESIAN_POINT('Ctrl Pts',(-21.,-12.85,1.49571749884141));
#5876=CARTESIAN_POINT('Ctrl Pts',(-22.3333333333333,-12.3339415558013,2.55142285698137));
#5877=CARTESIAN_POINT('Ctrl Pts',(-23.6666666666667,-11.8157879412227,3.60717640016181));
#5878=CARTESIAN_POINT('Ctrl Pts',(-25.,-11.299729497024,4.66288175830177));
#5879=CARTESIAN_POINT('Ctrl Pts',(-21.,-12.85,1.83190583294714));
#5880=CARTESIAN_POINT('Ctrl Pts',(-22.3333333333333,-12.0883396137065,2.87354183959939));
#5881=CARTESIAN_POINT('Ctrl Pts',(-23.6666666666667,-11.3262552685778,3.91453833911558));
#5882=CARTESIAN_POINT('Ctrl Pts',(-25.,-10.5645948822843,4.95617434576784));
#5883=CARTESIAN_POINT('Ctrl Pts',(-21.,-12.85,2.));
#5884=CARTESIAN_POINT('Ctrl Pts',(-22.3333333333333,-11.9616446667784,2.997143833026));
#5885=CARTESIAN_POINT('Ctrl Pts',(-23.6666666666667,-11.0732893335569,3.99428766605199));
#5886=CARTESIAN_POINT('Ctrl Pts',(-25.,-10.1849340003353,4.99143149907799));
#5887=CARTESIAN_POINT('',(-21.,-12.85,2.));
#5888=CARTESIAN_POINT('Ctrl Pts',(-21.,-12.85,2.));
#5889=CARTESIAN_POINT('Ctrl Pts',(-21.2178932464973,-12.7048250293009,2.));
#5890=CARTESIAN_POINT('Ctrl Pts',(-21.4181984990159,-12.6313512849101,2.));
#5891=CARTESIAN_POINT('Ctrl Pts',(-21.8759017998215,-12.5422179236824,2.));
#5892=CARTESIAN_POINT('Ctrl Pts',(-22.1227096558222,-12.5264898249319,2.));
#5893=CARTESIAN_POINT('Ctrl Pts',(-22.9494364096944,-12.4424401448056,2.));
#5894=CARTESIAN_POINT('Ctrl Pts',(-23.9065035474284,-12.3162419720508,2.));
#5895=CARTESIAN_POINT('Ctrl Pts',(-25.,-11.7320508075689,2.));
#5896=CARTESIAN_POINT('',(-21.3242424426105,-12.6339681226376,2.24248726404079));
#5897=CARTESIAN_POINT('',(-21.,-12.85,2.));
#5898=CARTESIAN_POINT('',(-21.,-12.85,2.));
#5899=CARTESIAN_POINT('Origin',(-21.,4.32705761908699,0.));
#5900=CARTESIAN_POINT('',(-25.,-4.5,-3.5));
#5901=CARTESIAN_POINT('',(-21.,-4.34314487282987,0.));
#5902=CARTESIAN_POINT('',(-25.,-2.25,-3.5));
#5903=CARTESIAN_POINT('Ctrl Pts',(-21.,-4.34314487282987,0.));
#5904=CARTESIAN_POINT('Ctrl Pts',(-22.3333333333333,-4.39542991521992,-1.16666666666667));
#5905=CARTESIAN_POINT('Ctrl Pts',(-23.6666666666667,-4.44771495760996,-2.33333333333333));
#5906=CARTESIAN_POINT('Ctrl Pts',(-25.,-4.50000000000001,-3.5));
#5907=CARTESIAN_POINT('Ctrl Pts',(-21.,-5.68749538177453,0.));
#5908=CARTESIAN_POINT('Ctrl Pts',(-22.3333333333333,-5.75809522074151,-1.1697640376557));
#5909=CARTESIAN_POINT('Ctrl Pts',(-23.6666666666667,-5.82488712823845,-2.3302359623443));
#5910=CARTESIAN_POINT('Ctrl Pts',(-25.,-5.89548696720542,-3.5));
#5911=CARTESIAN_POINT('Ctrl Pts',(-21.,-7.03184589071918,0.));
#5912=CARTESIAN_POINT('Ctrl Pts',(-22.3333333333333,-7.11437446846605,-0.938869542751149));
#5913=CARTESIAN_POINT('Ctrl Pts',(-23.6666666666667,-7.1917280198428,-1.8691331103953));
#5914=CARTESIAN_POINT('Ctrl Pts',(-25.,-7.27425659758967,-2.80800265314645));
#5915=CARTESIAN_POINT('Ctrl Pts',(-21.,-8.37619639966384,0.));
#5916=CARTESIAN_POINT('Ctrl Pts',(-22.3333333333333,-8.28685190660884,-0.563027230225855));
#5917=CARTESIAN_POINT('Ctrl Pts',(-23.6666666666667,-8.19750741355384,-1.12605446045171));
#5918=CARTESIAN_POINT('Ctrl Pts',(-25.,-8.10816292049884,-1.68908169067757));
#5919=CARTESIAN_POINT('Origin',(-25.,-4.5,1.));
#5920=CARTESIAN_POINT('Ctrl Pts',(-21.,-12.85,2.));
#5921=CARTESIAN_POINT('Ctrl Pts',(-22.3333333333333,-11.9616446667784,2.997143833026));
#5922=CARTESIAN_POINT('Ctrl Pts',(-23.6666666666667,-11.0732893335569,3.99428766605199));
#5923=CARTESIAN_POINT('Ctrl Pts',(-25.,-10.1849340003353,4.99143149907798));
#5924=CARTESIAN_POINT('Ctrl Pts',(-21.,-12.65,3.8));
#5925=CARTESIAN_POINT('Ctrl Pts',(-22.3333333333333,-11.2428855001583,4.25150931900905));
#5926=CARTESIAN_POINT('Ctrl Pts',(-23.6666666666667,-9.83577100031665,4.7030186380181));
#5927=CARTESIAN_POINT('Ctrl Pts',(-25.,-8.42865650047498,5.15452795702715));
#5928=CARTESIAN_POINT('Ctrl Pts',(-21.,-12.45,5.6));
#5929=CARTESIAN_POINT('Ctrl Pts',(-22.3333333333333,-10.5241263335382,5.5058748049921));
#5930=CARTESIAN_POINT('Ctrl Pts',(-23.6666666666667,-8.59825266707645,5.4117496099842));
#5931=CARTESIAN_POINT('Ctrl Pts',(-25.,-6.67237900061468,5.31762441497631));
#5932=CARTESIAN_POINT('Ctrl Pts',(-21.,-12.25,7.4));
#5933=CARTESIAN_POINT('Ctrl Pts',(-22.3333333333333,-9.80536716691813,6.76024029097516));
#5934=CARTESIAN_POINT('Ctrl Pts',(-23.6666666666667,-7.36073433383625,6.12048058195031));
#5935=CARTESIAN_POINT('Ctrl Pts',(-25.,-4.91610150075438,5.48072087292547));
#5936=CARTESIAN_POINT('',(-21.,-12.25,7.4));
#5937=CARTESIAN_POINT('',(-21.,-12.6234756097561,4.03871951219512));
#5938=CARTESIAN_POINT('',(-25.,-4.91610150075438,5.48072087292547));
#5939=CARTESIAN_POINT('',(-21.,-12.25,7.4));
#5940=CARTESIAN_POINT('',(-25.,-7.47973141173446,5.24264974919551));
#5941=CARTESIAN_POINT('',(-25.,-2.68533932952438,5.68788028177944));
#5942=CARTESIAN_POINT('',(-25.,-2.68533932952438,5.68788028177944));
#5943=CARTESIAN_POINT('Ctrl Pts',(-21.,-12.25,7.4));
#5944=CARTESIAN_POINT('Ctrl Pts',(-22.3333333333333,-9.80536716691813,6.76024029097516));
#5945=CARTESIAN_POINT('Ctrl Pts',(-23.6666666666667,-7.36073433383625,6.12048058195031));
#5946=CARTESIAN_POINT('Ctrl Pts',(-25.,-4.91610150075438,5.48072087292547));
#5947=CARTESIAN_POINT('Ctrl Pts',(-21.,-11.9039319362993,7.4));
#5948=CARTESIAN_POINT('Ctrl Pts',(-22.3333333333333,-9.5285538625707,6.76452180784484));
#5949=CARTESIAN_POINT('Ctrl Pts',(-23.6666666666667,-7.15317573601611,6.12904263118935));
#5950=CARTESIAN_POINT('Ctrl Pts',(-25.,-4.77779766228755,5.49356443903419));
#5951=CARTESIAN_POINT('Ctrl Pts',(-21.,-11.5578638725985,7.4));
#5952=CARTESIAN_POINT('Ctrl Pts',(-22.3333333333333,-9.25154223328125,6.76666699505571));
#5953=CARTESIAN_POINT('Ctrl Pts',(-23.6666666666667,-6.94522055552991,6.13333300494429));
#5954=CARTESIAN_POINT('Ctrl Pts',(-25.,-4.63889891621265,5.5));
#5955=CARTESIAN_POINT('Ctrl Pts',(-21.,-11.2117958088978,7.4));
#5956=CARTESIAN_POINT('Ctrl Pts',(-22.3333333333333,-8.97453053926517,6.76666666666667));
#5957=CARTESIAN_POINT('Ctrl Pts',(-23.6666666666667,-6.73726526963259,6.13333333333333));
#5958=CARTESIAN_POINT('Ctrl Pts',(-25.,-4.50000000000001,5.5));
#5959=CARTESIAN_POINT('',(-21.,-11.2117958088978,7.4));
#5960=CARTESIAN_POINT('',(-21.,12.25,7.4));
#5961=CARTESIAN_POINT('',(-25.,-4.5,5.5));
#5962=CARTESIAN_POINT('',(-21.,-11.2117958088978,7.4));
#5963=CARTESIAN_POINT('Origin',(-25.,-4.5,1.));
#5964=CARTESIAN_POINT('Origin',(-21.,-11.2117958088978,7.4));
#5965=CARTESIAN_POINT('',(-21.,11.2117958088977,7.4));
#5966=CARTESIAN_POINT('',(-21.,12.25,7.4));
#5967=CARTESIAN_POINT('',(-25.,4.5,5.5));
#5968=CARTESIAN_POINT('',(-21.,11.2117958088977,7.4));
#5969=CARTESIAN_POINT('',(-25.,2.25,5.5));
#5970=CARTESIAN_POINT('Ctrl Pts',(-21.,11.2117958088977,7.4));
#5971=CARTESIAN_POINT('Ctrl Pts',(-22.3333333333333,8.97453053926516,6.76666666666667));
#5972=CARTESIAN_POINT('Ctrl Pts',(-23.6666666666667,6.73726526963258,6.13333333333333));
#5973=CARTESIAN_POINT('Ctrl Pts',(-25.,4.5,5.5));
#5974=CARTESIAN_POINT('Ctrl Pts',(-21.,11.5578638725985,7.4));
#5975=CARTESIAN_POINT('Ctrl Pts',(-22.3333333333333,9.25154223328123,6.76666699505571));
#5976=CARTESIAN_POINT('Ctrl Pts',(-23.6666666666667,6.9452205555299,6.13333300494429));
#5977=CARTESIAN_POINT('Ctrl Pts',(-25.,4.63889891621264,5.5));
#5978=CARTESIAN_POINT('Ctrl Pts',(-21.,11.9039319362992,7.4));
#5979=CARTESIAN_POINT('Ctrl Pts',(-22.3333333333333,9.52855386257069,6.76452180784483));
#5980=CARTESIAN_POINT('Ctrl Pts',(-23.6666666666667,7.1531757360161,6.12904263118935));
#5981=CARTESIAN_POINT('Ctrl Pts',(-25.,4.77779766228754,5.49356443903419));
#5982=CARTESIAN_POINT('Ctrl Pts',(-21.,12.25,7.4));
#5983=CARTESIAN_POINT('Ctrl Pts',(-22.3333333333333,9.80536716691812,6.76024029097516));
#5984=CARTESIAN_POINT('Ctrl Pts',(-23.6666666666667,7.36073433383624,6.12048058195031));
#5985=CARTESIAN_POINT('Ctrl Pts',(-25.,4.91610150075437,5.48072087292547));
#5986=CARTESIAN_POINT('',(-21.,12.25,7.4));
#5987=CARTESIAN_POINT('',(-21.,12.25,7.4));
#5988=CARTESIAN_POINT('',(-25.,4.91610150075437,5.48072087292547));
#5989=CARTESIAN_POINT('',(-21.,12.25,7.4));
#5990=CARTESIAN_POINT('Origin',(-25.,4.5,1.));
#5991=CARTESIAN_POINT('Ctrl Pts',(-21.,12.25,7.4));
#5992=CARTESIAN_POINT('Ctrl Pts',(-22.3333333333333,9.80536716691812,6.76024029097516));
#5993=CARTESIAN_POINT('Ctrl Pts',(-23.6666666666667,7.36073433383625,6.12048058195031));
#5994=CARTESIAN_POINT('Ctrl Pts',(-25.,4.91610150075437,5.48072087292547));
#5995=CARTESIAN_POINT('Ctrl Pts',(-21.,12.45,5.6));
#5996=CARTESIAN_POINT('Ctrl Pts',(-22.3333333333333,10.5241263335382,5.5058748049921));
#5997=CARTESIAN_POINT('Ctrl Pts',(-23.6666666666667,8.59825266707645,5.4117496099842));
#5998=CARTESIAN_POINT('Ctrl Pts',(-25.,6.67237900061467,5.31762441497631));
#5999=CARTESIAN_POINT('Ctrl Pts',(-21.,12.65,3.8));
#6000=CARTESIAN_POINT('Ctrl Pts',(-22.3333333333333,11.2428855001583,4.25150931900905));
#6001=CARTESIAN_POINT('Ctrl Pts',(-23.6666666666667,9.83577100031665,4.7030186380181));
#6002=CARTESIAN_POINT('Ctrl Pts',(-25.,8.42865650047498,5.15452795702715));
#6003=CARTESIAN_POINT('Ctrl Pts',(-21.,12.85,2.));
#6004=CARTESIAN_POINT('Ctrl Pts',(-22.3333333333333,11.9616446667784,2.997143833026));
#6005=CARTESIAN_POINT('Ctrl Pts',(-23.6666666666667,11.0732893335568,3.99428766605199));
#6006=CARTESIAN_POINT('Ctrl Pts',(-25.,10.1849340003353,4.99143149907799));
#6007=CARTESIAN_POINT('',(-21.,12.85,2.));
#6008=CARTESIAN_POINT('',(-21.,12.3234756097561,6.73871951219511));
#6009=CARTESIAN_POINT('',(-21.3264689254965,12.6324846916781,2.24415235680008));
#6010=CARTESIAN_POINT('',(-21.,12.85,2.));
#6011=CARTESIAN_POINT('',(-21.,12.85,2.));
#6012=CARTESIAN_POINT('',(-25.,7.47973141173445,5.24264974919551));
#6013=CARTESIAN_POINT('',(-25.,5.31975557931483,5.4432355948557));
#6014=CARTESIAN_POINT('',(-25.,5.31975557931483,5.4432355948557));
#6015=CARTESIAN_POINT('Ctrl Pts',(-21.,12.85,2.));
#6016=CARTESIAN_POINT('Ctrl Pts',(-22.3333333333333,11.9616446667784,2.997143833026));
#6017=CARTESIAN_POINT('Ctrl Pts',(-23.6666666666667,11.0732893335568,3.99428766605199));
#6018=CARTESIAN_POINT('Ctrl Pts',(-25.,10.1849340003353,4.99143149907799));
#6019=CARTESIAN_POINT('Ctrl Pts',(-21.,12.85,1.74679986068072));
#6020=CARTESIAN_POINT('Ctrl Pts',(-22.3333333333333,12.1523722084487,2.81269000017952));
#6021=CARTESIAN_POINT('Ctrl Pts',(-23.6666666666667,11.4520531148101,3.87265562961396));
#6022=CARTESIAN_POINT('Ctrl Pts',(-25.,10.7544253232588,4.93854576911276));
#6023=CARTESIAN_POINT('Ctrl Pts',(-21.,12.85,1.32479962848191));
#6024=CARTESIAN_POINT('Ctrl Pts',(-22.3333333333333,12.4514459333956,2.35545461070068));
#6025=CARTESIAN_POINT('Ctrl Pts',(-23.6666666666667,12.0526477748386,3.38621978034932));
#6026=CARTESIAN_POINT('Ctrl Pts',(-25.,11.6540937082341,4.41687476256809));
#6027=CARTESIAN_POINT('Ctrl Pts',(-21.,12.85,0.733999303403576));
#6028=CARTESIAN_POINT('Ctrl Pts',(-22.3333333333333,12.6031267071143,1.52312711681797));
#6029=CARTESIAN_POINT('Ctrl Pts',(-23.6666666666667,12.3550834332088,2.31051896065556));
#6030=CARTESIAN_POINT('Ctrl Pts',(-25.,12.1082101403232,3.09964677406996));
#6031=CARTESIAN_POINT('Ctrl Pts',(-21.,12.85,0.396399117644529));
#6032=CARTESIAN_POINT('Ctrl Pts',(-22.3333333333333,12.5411549801218,1.04099509984048));
#6033=CARTESIAN_POINT('Ctrl Pts',(-23.6666666666667,12.2315430488678,1.68561469162666));
#6034=CARTESIAN_POINT('Ctrl Pts',(-25.,11.9226980289896,2.33021067382261));
#6035=CARTESIAN_POINT('Ctrl Pts',(-21.,12.85,0.227599024765006));
#6036=CARTESIAN_POINT('Ctrl Pts',(-22.3333333333333,12.4773502691896,0.818399349843337));
#6037=CARTESIAN_POINT('Ctrl Pts',(-23.6666666666667,12.1047005383792,1.40919967492167));
#6038=CARTESIAN_POINT('Ctrl Pts',(-25.,11.7320508075689,2.));
#6039=CARTESIAN_POINT('Ctrl Pts',(-25.,11.7320508075689,2.));
#6040=CARTESIAN_POINT('Ctrl Pts',(-24.6216595143976,11.9345807610842,2.));
#6041=CARTESIAN_POINT('Ctrl Pts',(-24.0816281034557,12.179605347698,2.));
#6042=CARTESIAN_POINT('Ctrl Pts',(-22.8813789123992,12.4594873537887,2.));
#6043=CARTESIAN_POINT('Ctrl Pts',(-22.4618117308454,12.4916636773137,2.));
#6044=CARTESIAN_POINT('Ctrl Pts',(-21.9009271073315,12.5452847079483,2.));
#6045=CARTESIAN_POINT('Ctrl Pts',(-21.7105939112483,12.56662435074,2.));
#6046=CARTESIAN_POINT('Ctrl Pts',(-21.3458566620507,12.6595775953373,2.));
#6047=CARTESIAN_POINT('Ctrl Pts',(-21.1784854464497,12.731081126308,2.));
#6048=CARTESIAN_POINT('Ctrl Pts',(-21.,12.85,2.));
#6049=CARTESIAN_POINT('Origin',(25.,12.85,0.));
#6050=CARTESIAN_POINT('',(21.5676689771947,12.85,2.));
#6051=CARTESIAN_POINT('',(-25.,12.85,2.));
#6052=CARTESIAN_POINT('',(25.,12.85,2.));
#6053=CARTESIAN_POINT('',(-25.,12.85,2.));
#6054=CARTESIAN_POINT('',(25.,12.85,0.));
#6055=CARTESIAN_POINT('',(25.,12.85,0.));
#6056=CARTESIAN_POINT('',(-25.,12.85,0.));
#6057=CARTESIAN_POINT('',(-25.,12.85,0.));
#6058=CARTESIAN_POINT('',(-25.,12.85,2.));
#6059=CARTESIAN_POINT('Origin',(4.44089209850063E-15,-4.44089209850063E-15,
2.));
#6060=CARTESIAN_POINT('',(-12.5,-12.85,2.));
#6061=CARTESIAN_POINT('Origin',(4.44089209850063E-15,-4.44089209850063E-15,
2.));
#6062=CARTESIAN_POINT('Origin',(-35.,-4.5,1.));
#6063=CARTESIAN_POINT('',(-35.,-4.5,-3.5));
#6064=CARTESIAN_POINT('Origin',(-35.,-4.91610150075438,5.48072087292547));
#6065=CARTESIAN_POINT('',(-35.,-4.91610150075438,5.48072087292547));
#6066=CARTESIAN_POINT('Origin',(-35.,-4.5,1.));
#6067=CARTESIAN_POINT('',(-35.,-4.5,5.5));
#6068=CARTESIAN_POINT('Origin',(-35.,4.5,5.5));
#6069=CARTESIAN_POINT('',(-35.,4.5,5.5));
#6070=CARTESIAN_POINT('Origin',(-35.,4.5,1.));
#6071=CARTESIAN_POINT('',(-35.,4.91610150075437,5.48072087292547));
#6072=CARTESIAN_POINT('Origin',(-35.,10.1849340003353,4.99143149907799));
#6073=CARTESIAN_POINT('Origin',(-35.,4.5,1.));
#6074=CARTESIAN_POINT('',(-35.,4.5,-3.5));
#6075=CARTESIAN_POINT('Origin',(-35.,-4.5,-3.5));
#6076=CARTESIAN_POINT('Origin',(-25.,4.5,1.));
#6077=CARTESIAN_POINT('Origin',(-37.5,4.5,1.));
#6078=CARTESIAN_POINT('Origin',(-38.,1.3,-2.37379608156746));
#6079=CARTESIAN_POINT('Origin',(-42.,1.3,-2.37379608156746));
#6080=CARTESIAN_POINT('Origin',(-38.,0.,-2.37379608156746));
#6081=CARTESIAN_POINT('',(-38.,-0.65,-2.37379608156746));
#6082=CARTESIAN_POINT('Origin',(-42.,0.,-2.37379608156746));
#6083=CARTESIAN_POINT('',(-38.,0.65,-2.37379608156746));
#6084=CARTESIAN_POINT('Origin',(-38.,-1.3,-2.37379608156746));
#6085=CARTESIAN_POINT('',(-38.,-1.74731182795699,-1.90219017769244));
#6086=CARTESIAN_POINT('',(-35.,-1.74731182795699,-1.90219017769244));
#6087=CARTESIAN_POINT('',(-35.,-0.649999999999999,-2.37379608156746));
#6088=CARTESIAN_POINT('Origin',(-42.,-1.3,-2.37379608156746));
#6089=CARTESIAN_POINT('Origin',(-25.,-4.5,1.));
#6090=CARTESIAN_POINT('Origin',(-37.5,-4.5,1.));
#6091=CARTESIAN_POINT('Origin',(-25.,12.85,0.));
#6092=CARTESIAN_POINT('',(-25.,-12.85,0.));
#6093=CARTESIAN_POINT('Origin',(25.4330127018922,9.,1.));
#6094=CARTESIAN_POINT('',(25.4330127018922,7.64461370971476,-1.2771534871648));
#6095=CARTESIAN_POINT('',(25.,7.77248034087374,-1.06232768648888));
#6096=CARTESIAN_POINT('Origin',(25.4330127018922,7.90034697203273,-0.847501885812951));
#6097=CARTESIAN_POINT('',(25.,10.2275196591263,-1.06232768648888));
#6098=CARTESIAN_POINT('Origin',(25.,9.,1.));
#6099=CARTESIAN_POINT('',(25.4330127018922,10.3553862902852,-1.2771534871648));
#6100=CARTESIAN_POINT('Origin',(25.4330127018922,10.0996530279673,-0.847501885812951));
#6101=CARTESIAN_POINT('Origin',(25.4330127018922,9.,1.));
#6102=CARTESIAN_POINT('Ctrl Pts',(25.,7.68394275299129,-1.01881559476463));
#6103=CARTESIAN_POINT('Ctrl Pts',(25.,7.71340586336612,-1.03045589651015));
#6104=CARTESIAN_POINT('Ctrl Pts',(25.,7.74373819703192,-1.04522005279787));
#6105=CARTESIAN_POINT('Ctrl Pts',(25.,7.77248034087374,-1.06232768648887));
#6106=CARTESIAN_POINT('Ctrl Pts',(25.0501480146312,7.63077378586136,-1.08365800673644));
#6107=CARTESIAN_POINT('Ctrl Pts',(25.0500388972675,7.6628151033691,-1.09944656318621));
#6108=CARTESIAN_POINT('Ctrl Pts',(25.049866550057,7.69606783677964,-1.11735943807591));
#6109=CARTESIAN_POINT('Ctrl Pts',(25.049866550057,7.72830426195889,-1.13654690566737));
#6110=CARTESIAN_POINT('Ctrl Pts',(25.1814611877231,7.54800007929159,-1.17136985042395));
#6111=CARTESIAN_POINT('Ctrl Pts',(25.1830697066444,7.58578678040753,-1.19521150047307));
#6112=CARTESIAN_POINT('Ctrl Pts',(25.1835965645923,7.62533096256764,-1.2194411382656));
#6113=CARTESIAN_POINT('Ctrl Pts',(25.1835965645923,7.66493423718455,-1.24301343401497));
#6114=CARTESIAN_POINT('Ctrl Pts',(25.3508489605562,7.50674657849117,-1.18924614814463));
#6115=CARTESIAN_POINT('Ctrl Pts',(25.3559389807439,7.55131280540307,-1.21963121392975));
#6116=CARTESIAN_POINT('Ctrl Pts',(25.3582128768068,7.59768809463492,-1.24922285547884));
#6117=CARTESIAN_POINT('Ctrl Pts',(25.3582128768068,7.64461370971475,-1.2771534871648));
#6118=CARTESIAN_POINT('Ctrl Pts',(25.4234114591454,7.49832466804273,-1.18345396044685));
#6119=CARTESIAN_POINT('Ctrl Pts',(25.4299900053464,7.54575271952591,-1.21607270865279));
#6120=CARTESIAN_POINT('Ctrl Pts',(25.4330127018922,7.59487394526601,-1.24754784345398));
#6121=CARTESIAN_POINT('Ctrl Pts',(25.4330127018922,7.64461370971475,-1.2771534871648));
#6122=CARTESIAN_POINT('',(25.4234114591624,7.49832466801078,-1.18345396048988));
#6123=CARTESIAN_POINT('',(25.,7.6839427529913,-1.01881559476463));
#6124=CARTESIAN_POINT('Origin',(25.4234114591454,7.78165963633656,-0.771481515079521));
#6125=CARTESIAN_POINT('Ctrl Pts',(25.,7.68394275299129,-1.01881559476463));
#6126=CARTESIAN_POINT('Ctrl Pts',(25.,7.71340586336612,-1.03045589651015));
#6127=CARTESIAN_POINT('Ctrl Pts',(25.,7.74373819703192,-1.04522005279787));
#6128=CARTESIAN_POINT('Ctrl Pts',(25.,7.77248034087374,-1.06232768648887));
#6129=CARTESIAN_POINT('Ctrl Pts',(25.4330127018922,7.64461370971475,-1.2771534871648));
#6130=CARTESIAN_POINT('Ctrl Pts',(25.4330127018922,7.59487394526601,-1.24754784345398));
#6131=CARTESIAN_POINT('Ctrl Pts',(25.4299900053464,7.54575271952591,-1.21607270865279));
#6132=CARTESIAN_POINT('Ctrl Pts',(25.4234114591454,7.49832466804273,-1.18345396044685));
#6133=CARTESIAN_POINT('Ctrl Pts',(25.,10.2275196591263,-1.06232768648887));
#6134=CARTESIAN_POINT('Ctrl Pts',(25.,10.2562617309297,-1.0452200956759));
#6135=CARTESIAN_POINT('Ctrl Pts',(25.,10.2865940969008,-1.03045591220303));
#6136=CARTESIAN_POINT('Ctrl Pts',(25.,10.3160572470903,-1.01881559473241));
#6137=CARTESIAN_POINT('Ctrl Pts',(25.049866550057,10.2716957380411,-1.13654690566737));
#6138=CARTESIAN_POINT('Ctrl Pts',(25.049866550057,10.303932082424,-1.11735948616677));
#6139=CARTESIAN_POINT('Ctrl Pts',(25.0500388971206,10.3371848534213,-1.09944658447531));
#6140=CARTESIAN_POINT('Ctrl Pts',(25.0501480146315,10.3692262142274,-1.08365800669275));
#6141=CARTESIAN_POINT('Ctrl Pts',(25.1835975307085,10.3350647782856,-1.24301177992896));
#6142=CARTESIAN_POINT('Ctrl Pts',(25.1835975307085,10.3746679536421,-1.21943954326044));
#6143=CARTESIAN_POINT('Ctrl Pts',(25.1830705750144,10.4142122579385,-1.19520999313984));
#6144=CARTESIAN_POINT('Ctrl Pts',(25.1814620539173,10.451999010116,-1.17136831087195));
#6145=CARTESIAN_POINT('Ctrl Pts',(25.3582128768068,10.3553862902852,-1.2771534871648));
#6146=CARTESIAN_POINT('Ctrl Pts',(25.3582128768068,10.4023117877522,-1.24922292548329));
#6147=CARTESIAN_POINT('Ctrl Pts',(25.3559389876138,10.4486871344971,-1.21963125490925));
#6148=CARTESIAN_POINT('Ctrl Pts',(25.3508489605421,10.4932534216322,-1.18924614806053));
#6149=CARTESIAN_POINT('Ctrl Pts',(25.4330127018922,10.3553862902852,-1.2771534871648));
#6150=CARTESIAN_POINT('Ctrl Pts',(25.4330127018922,10.4051259300678,-1.24754791765664));
#6151=CARTESIAN_POINT('Ctrl Pts',(25.429990014225,10.4542472165145,-1.21607275264534));
#6152=CARTESIAN_POINT('Ctrl Pts',(25.4234114591272,10.5016753320886,-1.18345396035656));
#6153=CARTESIAN_POINT('',(25.,10.3160572470903,-1.01881559473241));
#6154=CARTESIAN_POINT('',(25.4234114591288,10.5016753320917,-1.18345396036078));
#6155=CARTESIAN_POINT('Origin',(25.4234114591272,10.21834036377,-0.77148151500626));
#6156=CARTESIAN_POINT('Ctrl Pts',(25.4234114591272,10.5016753320886,-1.18345396035656));
#6157=CARTESIAN_POINT('Ctrl Pts',(25.429990014225,10.4542472165145,-1.21607275264534));
#6158=CARTESIAN_POINT('Ctrl Pts',(25.4330127018922,10.4051259300678,-1.24754791765664));
#6159=CARTESIAN_POINT('Ctrl Pts',(25.4330127018922,10.3553862902852,-1.2771534871648));
#6160=CARTESIAN_POINT('Ctrl Pts',(25.,10.2275196591263,-1.06232768648888));
#6161=CARTESIAN_POINT('Ctrl Pts',(25.,10.2562617309297,-1.0452200956759));
#6162=CARTESIAN_POINT('Ctrl Pts',(25.,10.2865940969008,-1.03045591220303));
#6163=CARTESIAN_POINT('Ctrl Pts',(25.,10.3160572470903,-1.01881559473241));
#6164=CARTESIAN_POINT('Ctrl Pts',(25.,7.4690858526544,-0.977272727272727));
#6165=CARTESIAN_POINT('Ctrl Pts',(25.,7.51379230869254,-0.977272727272727));
#6166=CARTESIAN_POINT('Ctrl Pts',(25.,7.58603489718954,-0.985144355816353));
#6167=CARTESIAN_POINT('Ctrl Pts',(25.,7.66222509108866,-1.01023536903361));
#6168=CARTESIAN_POINT('Ctrl Pts',(25.,7.6839427529913,-1.01881559476463));
#6169=CARTESIAN_POINT('Ctrl Pts',(25.0722975381429,7.41033580620823,-1.04283297212044));
#6170=CARTESIAN_POINT('Ctrl Pts',(25.0804557531193,7.45209990213745,-1.05754427868542));
#6171=CARTESIAN_POINT('Ctrl Pts',(25.0859597657591,7.51458286625377,-1.08349493226553));
#6172=CARTESIAN_POINT('Ctrl Pts',(25.0875404489228,7.57427158548362,-1.12078420544941));
#6173=CARTESIAN_POINT('Ctrl Pts',(25.0877590256064,7.59089706047927,-1.1322898157048));
#6174=CARTESIAN_POINT('Ctrl Pts',(25.171460163582,7.3517947434308,-1.07825052961235));
#6175=CARTESIAN_POINT('Ctrl Pts',(25.1978479798462,7.39317588560945,-1.10159023638623));
#6176=CARTESIAN_POINT('Ctrl Pts',(25.2255321888422,7.45167541404102,-1.13858320163514));
#6177=CARTESIAN_POINT('Ctrl Pts',(25.2480381708086,7.50373011083292,-1.18359779090018));
#6178=CARTESIAN_POINT('Ctrl Pts',(25.2540989624533,7.51797579235718,-1.19696906504611));
#6179=CARTESIAN_POINT('Ctrl Pts',(25.2758417661397,7.30624153427604,-1.07579413660081));
#6180=CARTESIAN_POINT('Ctrl Pts',(25.3211268285351,7.35307670193071,-1.09785672828089));
#6181=CARTESIAN_POINT('Ctrl Pts',(25.3708344794957,7.41904254594184,-1.13154516040889));
#6182=CARTESIAN_POINT('Ctrl Pts',(25.412249883421,7.4810390873231,-1.17156576374391));
#6183=CARTESIAN_POINT('Ctrl Pts',(25.4234114591717,7.49832466796914,-1.18345396039623));
#6184=CARTESIAN_POINT('',(25.2758417661397,7.30624153427606,-1.07579413660081));
#6185=CARTESIAN_POINT('',(25.,7.4690858526544,-0.977272727272728));
#6186=CARTESIAN_POINT('Origin',(25.335873903368,7.46908585265441,-0.6068827692064));
#6187=CARTESIAN_POINT('Ctrl Pts',(25.,7.46908585265441,-0.977272727272727));
#6188=CARTESIAN_POINT('Ctrl Pts',(25.,7.51379230869255,-0.977272727272728));
#6189=CARTESIAN_POINT('Ctrl Pts',(25.,7.56539415761897,-0.982895319089603));
#6190=CARTESIAN_POINT('Ctrl Pts',(25.,7.61901009093423,-0.997303311250168));
#6191=CARTESIAN_POINT('Ctrl Pts',(25.,7.64045646426034,-1.0030665081144));
#6192=CARTESIAN_POINT('Ctrl Pts',(25.,7.66222509108866,-1.01023536903361));
#6193=CARTESIAN_POINT('Ctrl Pts',(25.,7.6839427529913,-1.01881559476463));
#6194=CARTESIAN_POINT('Ctrl Pts',(25.4234114591717,7.49832466796914,-1.18345396039623));
#6195=CARTESIAN_POINT('Ctrl Pts',(25.412249883421,7.4810390873231,-1.17156576374391));
#6196=CARTESIAN_POINT('Ctrl Pts',(25.3708344794957,7.41904254594184,-1.13154516040889));
#6197=CARTESIAN_POINT('Ctrl Pts',(25.3211268285351,7.35307670193071,-1.09785672828089));
#6198=CARTESIAN_POINT('Ctrl Pts',(25.2758417661397,7.30624153427604,-1.07579413660081));
#6199=CARTESIAN_POINT('Ctrl Pts',(25.,10.3160572470903,-1.01881559473241));
#6200=CARTESIAN_POINT('Ctrl Pts',(25.,10.3377749138759,-1.01023536707584));
#6201=CARTESIAN_POINT('Ctrl Pts',(25.,10.4139650761175,-0.985144362513861));
#6202=CARTESIAN_POINT('Ctrl Pts',(25.,10.4862076812556,-0.977272727272727));
#6203=CARTESIAN_POINT('Ctrl Pts',(25.,10.5309141473456,-0.977272727272727));
#6204=CARTESIAN_POINT('Ctrl Pts',(25.0877590256052,10.4091029395836,-1.13228981566198));
#6205=CARTESIAN_POINT('Ctrl Pts',(25.0875404488719,10.4257284183182,-1.12078420282181));
#6206=CARTESIAN_POINT('Ctrl Pts',(25.0859597797292,10.4854170984903,-1.08349493273239));
#6207=CARTESIAN_POINT('Ctrl Pts',(25.0804557549536,10.5479000884723,-1.05754428199312));
#6208=CARTESIAN_POINT('Ctrl Pts',(25.072297538143,10.5896641937918,-1.04283297212044));
#6209=CARTESIAN_POINT('Ctrl Pts',(25.2540989624303,10.4820242076968,-1.19696906499633));
#6210=CARTESIAN_POINT('Ctrl Pts',(25.2480381694221,10.4962698924255,-1.1835977878453));
#6211=CARTESIAN_POINT('Ctrl Pts',(25.225532207079,10.5483245513813,-1.13858320399156));
#6212=CARTESIAN_POINT('Ctrl Pts',(25.1978479857792,10.6068241050864,-1.10159024163394));
#6213=CARTESIAN_POINT('Ctrl Pts',(25.171460163582,10.6482052565692,-1.07825052961236));
#6214=CARTESIAN_POINT('Ctrl Pts',(25.4234114591297,10.5016753320958,-1.18345396035159));
#6215=CARTESIAN_POINT('Ctrl Pts',(25.412249880868,10.5189609166293,-1.17156576102758));
#6216=CARTESIAN_POINT('Ctrl Pts',(25.3708344967019,10.5809574315295,-1.13154517410988));
#6217=CARTESIAN_POINT('Ctrl Pts',(25.321126838717,10.6469232875388,-1.09785673324146));
#6218=CARTESIAN_POINT('Ctrl Pts',(25.2758417661397,10.693758465724,-1.07579413660081));
#6219=CARTESIAN_POINT('',(25.,10.5309141473456,-0.977272727272727));
#6220=CARTESIAN_POINT('',(25.2758417661397,10.6937584657239,-1.07579413660081));
#6221=CARTESIAN_POINT('Origin',(25.335873903368,10.5309141473456,-0.606882769206399));
#6222=CARTESIAN_POINT('Ctrl Pts',(25.2758417661397,10.693758465724,-1.07579413660081));
#6223=CARTESIAN_POINT('Ctrl Pts',(25.321126838717,10.6469232875388,-1.09785673324146));
#6224=CARTESIAN_POINT('Ctrl Pts',(25.3708344967019,10.5809574315295,-1.13154517410988));
#6225=CARTESIAN_POINT('Ctrl Pts',(25.412249880868,10.5189609166293,-1.17156576102758));
#6226=CARTESIAN_POINT('Ctrl Pts',(25.4234114591297,10.5016753320958,-1.18345396035159));
#6227=CARTESIAN_POINT('Ctrl Pts',(25.,10.3160572470903,-1.01881559473241));
#6228=CARTESIAN_POINT('Ctrl Pts',(25.,10.3377749138759,-1.01023536707584));
#6229=CARTESIAN_POINT('Ctrl Pts',(25.,10.3595435316592,-1.00306650862956));
#6230=CARTESIAN_POINT('Ctrl Pts',(25.,10.380989899883,-0.997303312984983));
#6231=CARTESIAN_POINT('Ctrl Pts',(25.,10.4346058204427,-0.982895323873539));
#6232=CARTESIAN_POINT('Ctrl Pts',(25.,10.4862076812556,-0.977272727272728));
#6233=CARTESIAN_POINT('Ctrl Pts',(25.,10.5309141473456,-0.977272727272728));
#6234=CARTESIAN_POINT('Ctrl Pts',(25.,7.03627951924341,-0.977272727272728));
#6235=CARTESIAN_POINT('Ctrl Pts',(25.,7.0376499846576,-0.977272727272728));
#6236=CARTESIAN_POINT('Ctrl Pts',(25.,7.0390204786117,-0.977272727272728));
#6237=CARTESIAN_POINT('Ctrl Pts',(25.0000000000001,7.18357029567231,-0.977272727272725));
#6238=CARTESIAN_POINT('Ctrl Pts',(25.,7.3282625193075,-0.977272727272728));
#6239=CARTESIAN_POINT('Ctrl Pts',(25.,7.46908585265441,-0.977272727272728));
#6240=CARTESIAN_POINT('Ctrl Pts',(25.,7.03627951924341,-0.977272727272728));
#6241=CARTESIAN_POINT('Ctrl Pts',(25.0003010042031,7.03747397342008,-0.977341399481934));
#6242=CARTESIAN_POINT('Ctrl Pts',(25.0006009076289,7.03867274354177,-0.977425981060846));
#6243=CARTESIAN_POINT('Ctrl Pts',(25.0322630815512,7.16476714086578,-0.985301934042227));
#6244=CARTESIAN_POINT('Ctrl Pts',(25.0601547177399,7.29147380191417,-1.00929898967263));
#6245=CARTESIAN_POINT('Ctrl Pts',(25.072297538143,7.41033580620824,-1.04283297212044));
#6246=CARTESIAN_POINT('Ctrl Pts',(25.,7.03627951924341,-0.977272727272728));
#6247=CARTESIAN_POINT('Ctrl Pts',(25.0006020562815,7.03729937774246,-0.977416179972608));
#6248=CARTESIAN_POINT('Ctrl Pts',(25.0012021171261,7.03832360535873,-0.977571838439254));
#6249=CARTESIAN_POINT('Ctrl Pts',(25.0645720175585,7.14600450934431,-0.993316081082017));
#6250=CARTESIAN_POINT('Ctrl Pts',(25.1236583595503,7.25459682152075,-1.02801772104138));
#6251=CARTESIAN_POINT('Ctrl Pts',(25.171460163582,7.3517947434308,-1.07825052961235));
#6252=CARTESIAN_POINT('Ctrl Pts',(25.,7.03627951924341,-0.977272727272728));
#6253=CARTESIAN_POINT('Ctrl Pts',(25.0009022494961,7.03712619934856,-0.977493163229157));
#6254=CARTESIAN_POINT('Ctrl Pts',(25.0018044029616,7.03797300903435,-0.977714417530917));
#6255=CARTESIAN_POINT('Ctrl Pts',(25.0969190102998,7.12729017403573,-1.00115919286345));
#6256=CARTESIAN_POINT('Ctrl Pts',(25.1901960278335,7.21766414693673,-1.03406808272256));
#6257=CARTESIAN_POINT('Ctrl Pts',(25.2758417661397,7.30624153427606,-1.07579413660081));
#6258=CARTESIAN_POINT('',(25.,7.03627951924341,-0.977272727272729));
#6259=CARTESIAN_POINT('Ctrl Pts',(25.2758417661397,7.30624153427606,-1.07579413660081));
#6260=CARTESIAN_POINT('Ctrl Pts',(25.1901960278335,7.21766414693673,-1.03406808272256));
#6261=CARTESIAN_POINT('Ctrl Pts',(25.0969190102998,7.12729017403573,-1.00115919286345));
#6262=CARTESIAN_POINT('Ctrl Pts',(25.0018044029616,7.03797300903435,-0.977714417530917));
#6263=CARTESIAN_POINT('Ctrl Pts',(25.0009022494961,7.03712619934856,-0.977493163229157));
#6264=CARTESIAN_POINT('Ctrl Pts',(25.,7.03627951924341,-0.977272727272728));
#6265=CARTESIAN_POINT('',(25.,-1.89389251911291E-15,-0.977272727272729));
#6266=CARTESIAN_POINT('Ctrl Pts',(25.,10.5309141473456,-0.977272727272728));
#6267=CARTESIAN_POINT('Ctrl Pts',(25.,10.6717374806926,-0.977272727272728));
#6268=CARTESIAN_POINT('Ctrl Pts',(24.9999999999996,10.8164297043551,-0.977272727272715));
#6269=CARTESIAN_POINT('Ctrl Pts',(25.,10.9609795213877,-0.977272727272728));
#6270=CARTESIAN_POINT('Ctrl Pts',(25.,10.9623500153427,-0.977272727272728));
#6271=CARTESIAN_POINT('Ctrl Pts',(25.,10.9637204807566,-0.977272727272728));
#6272=CARTESIAN_POINT('Ctrl Pts',(25.072297538143,10.5896641937918,-1.04283297212044));
#6273=CARTESIAN_POINT('Ctrl Pts',(25.060374744451,10.7083849856289,-1.00911846033553));
#6274=CARTESIAN_POINT('Ctrl Pts',(25.0322675528679,10.8352055982802,-0.9853676517665));
#6275=CARTESIAN_POINT('Ctrl Pts',(25.0006010813535,10.9613285690014,-0.97742171645493));
#6276=CARTESIAN_POINT('Ctrl Pts',(25.0003007498319,10.9625246104455,-0.977346205924849));
#6277=CARTESIAN_POINT('Ctrl Pts',(25.,10.9637204807566,-0.977272727272728));
#6278=CARTESIAN_POINT('Ctrl Pts',(25.171460163582,10.6482052565692,-1.07825052961235));
#6279=CARTESIAN_POINT('Ctrl Pts',(25.1238155234255,10.7452317242129,-1.02777282637796));
#6280=CARTESIAN_POINT('Ctrl Pts',(25.064570302999,10.8539679502846,-0.993354180923652));
#6281=CARTESIAN_POINT('Ctrl Pts',(25.0012025749073,10.9616777108905,-0.977568782596528));
#6282=CARTESIAN_POINT('Ctrl Pts',(25.0006014996639,10.9626992055483,-0.97741968457697));
#6283=CARTESIAN_POINT('Ctrl Pts',(25.,10.9637204807566,-0.977272727272728));
#6284=CARTESIAN_POINT('Ctrl Pts',(25.2758417661397,10.6937584657239,-1.07579413660081));
#6285=CARTESIAN_POINT('Ctrl Pts',(25.1901960278334,10.7823358530633,-1.03406808272254));
#6286=CARTESIAN_POINT('Ctrl Pts',(25.0969190114013,10.8727098255607,-1.00115919190877));
#6287=CARTESIAN_POINT('Ctrl Pts',(25.0018044029544,10.9620269909679,-0.977714417537009));
#6288=CARTESIAN_POINT('Ctrl Pts',(25.0009022494958,10.9628738006512,-0.977493163229092));
#6289=CARTESIAN_POINT('Ctrl Pts',(25.,10.9637204807566,-0.977272727272728));
#6290=CARTESIAN_POINT('',(25.,10.9637204807566,-0.977272727272729));
#6291=CARTESIAN_POINT('',(25.,-1.89389251911291E-15,-0.977272727272729));
#6292=CARTESIAN_POINT('Ctrl Pts',(25.,10.9637204807566,-0.977272727272728));
#6293=CARTESIAN_POINT('Ctrl Pts',(25.0009022494958,10.9628738006512,-0.977493163229092));
#6294=CARTESIAN_POINT('Ctrl Pts',(25.0018044029544,10.9620269909679,-0.977714417537009));
#6295=CARTESIAN_POINT('Ctrl Pts',(25.0969190114013,10.8727098255607,-1.00115919190877));
#6296=CARTESIAN_POINT('Ctrl Pts',(25.1901960278334,10.7823358530633,-1.03406808272254));
#6297=CARTESIAN_POINT('Ctrl Pts',(25.2758417661397,10.6937584657239,-1.07579413660081));
#6298=CARTESIAN_POINT('Ctrl Pts',(24.8813313251979,10.6520188171444,-1.07203615504187));
#6299=CARTESIAN_POINT('Ctrl Pts',(26.4270397456374,10.25354387148,-1.38973722738869));
#6300=CARTESIAN_POINT('Ctrl Pts',(28.0379515998097,9.43332543895346,-1.72084005167249));
#6301=CARTESIAN_POINT('Ctrl Pts',(27.4664668119062,8.22707402302306,-1.6033784867706));
#6302=CARTESIAN_POINT('Ctrl Pts',(25.9118036054909,7.61363114663183,-1.28383686993975));
#6303=CARTESIAN_POINT('Ctrl Pts',(24.8813313251979,7.34798118285557,-1.07203615504188));
#6304=CARTESIAN_POINT('Ctrl Pts',(24.9243979554741,10.7379410739003,-1.00353098700862));
#6305=CARTESIAN_POINT('Ctrl Pts',(26.4681805950898,10.3283381737204,-1.35760464260872));
#6306=CARTESIAN_POINT('Ctrl Pts',(28.0775418338298,9.46113549538928,-1.72988492896473));
#6307=CARTESIAN_POINT('Ctrl Pts',(27.5065889859801,8.17830401384401,-1.59762110328201));
#6308=CARTESIAN_POINT('Ctrl Pts',(25.9535863818846,7.53512752621966,-1.23958009074202));
#6309=CARTESIAN_POINT('Ctrl Pts',(24.9243979554741,7.26205892609975,-1.00353098700862));
#6310=CARTESIAN_POINT('Ctrl Pts',(24.9672883351758,10.8505993026053,-0.969280672798639));
#6311=CARTESIAN_POINT('Ctrl Pts',(26.5093561459596,10.4093094081117,-1.34639629939171));
#6312=CARTESIAN_POINT('Ctrl Pts',(28.1171335653445,9.48807902310696,-1.73898358959813));
#6313=CARTESIAN_POINT('Ctrl Pts',(27.5467335457184,8.12978282377033,-1.59970638085227));
#6314=CARTESIAN_POINT('Ctrl Pts',(25.995333542365,7.44359396039041,-1.22069109052736));
#6315=CARTESIAN_POINT('Ctrl Pts',(24.9672883351758,7.14940069739472,-0.969280672798641));
#6316=CARTESIAN_POINT('Ctrl Pts',(25.,10.9637204807566,-0.977272727272727));
#6317=CARTESIAN_POINT('Ctrl Pts',(26.5457084204394,10.4900615830801,-1.35491739817554));
#6318=CARTESIAN_POINT('Ctrl Pts',(28.1566202746118,9.51508495573714,-1.74849245345629));
#6319=CARTESIAN_POINT('Ctrl Pts',(27.5851354867083,8.08123893302741,-1.60886832913895));
#6320=CARTESIAN_POINT('Ctrl Pts',(26.030472280293,7.35205211769444,-1.22903584120794));
#6321=CARTESIAN_POINT('Ctrl Pts',(25.,7.03627951924341,-0.977272727272729));
#6322=CARTESIAN_POINT('Origin',(14.8002708218612,9.,1.));
#6323=CARTESIAN_POINT('Origin',(14.9189394966633,9.,1.48571364570158));
#6324=CARTESIAN_POINT('Origin',(25.,9.,1.));
#6325=CARTESIAN_POINT('Ctrl Pts',(21.6186686748021,-0.964712827226053,-0.151152005775513));
#6326=CARTESIAN_POINT('Ctrl Pts',(21.6186686748021,-1.23264512264325,-0.151152005775513));
#6327=CARTESIAN_POINT('Ctrl Pts',(21.6616199274492,-1.6928465821456,-0.161645777729079));
#6328=CARTESIAN_POINT('Ctrl Pts',(22.0803729648628,-2.18984705076168,-0.263954758460794));
#6329=CARTESIAN_POINT('Ctrl Pts',(22.448595866096,-2.24248415045111,-0.353918308193904));
#6330=CARTESIAN_POINT('Ctrl Pts',(22.6186686748021,-2.20706759872654,-0.395470187593694));
#6331=CARTESIAN_POINT('Ctrl Pts',(21.7264301051987,-0.964712827226053,-0.177480082520143));
#6332=CARTESIAN_POINT('Ctrl Pts',(21.7168571315027,-1.22475109054312,-0.175337594808827));
#6333=CARTESIAN_POINT('Ctrl Pts',(21.7417637767472,-1.66087369012447,-0.181360241943203));
#6334=CARTESIAN_POINT('Ctrl Pts',(22.1154688876173,-2.12377972327531,-0.272710577362439));
#6335=CARTESIAN_POINT('Ctrl Pts',(22.4501054114033,-2.16947856436189,-0.354303551723789));
#6336=CARTESIAN_POINT('Ctrl Pts',(22.6043985408412,-2.13445097400371,-0.391983734410069));
#6337=CARTESIAN_POINT('Ctrl Pts',(21.9232518568254,-0.964712827226054,-0.304572760626633));
#6338=CARTESIAN_POINT('Ctrl Pts',(21.898426397208,-1.2090292949967,-0.283993213092493));
#6339=CARTESIAN_POINT('Ctrl Pts',(21.8924002794023,-1.59699505403378,-0.260346125010304));
#6340=CARTESIAN_POINT('Ctrl Pts',(22.1789931564074,-1.9916868115091,-0.317959114250148));
#6341=CARTESIAN_POINT('Ctrl Pts',(22.4457882764038,-2.02351109909602,-0.385028952735499));
#6342=CARTESIAN_POINT('Ctrl Pts',(22.5679178250284,-1.98927891066323,-0.417563417615167));
#6343=CARTESIAN_POINT('Ctrl Pts',(22.,-0.964712827226053,-0.525934621074421));
#6344=CARTESIAN_POINT('Ctrl Pts',(21.9867978425594,-1.19994504611515,-0.477080151225181));
#6345=CARTESIAN_POINT('Ctrl Pts',(21.990665160378,-1.55139099793779,-0.402050457075631));
#6346=CARTESIAN_POINT('Ctrl Pts',(22.2183418591345,-1.88189747446263,-0.412332432916369));
#6347=CARTESIAN_POINT('Ctrl Pts',(22.4271573762275,-1.90378494621275,-0.470129012124862));
#6348=CARTESIAN_POINT('Ctrl Pts',(22.5226456353447,-1.87229802629097,-0.503155428494336));
#6349=CARTESIAN_POINT('Ctrl Pts',(22.,-0.964712827226053,-0.636865651477089));
#6350=CARTESIAN_POINT('Ctrl Pts',(22.,-1.19810817331154,-0.578265470705733));
#6351=CARTESIAN_POINT('Ctrl Pts',(22.0214756263235,-1.53661372542622,-0.480752429191603));
#6352=CARTESIAN_POINT('Ctrl Pts',(22.2308521450304,-1.83724948868522,-0.467648194194619));
#6353=CARTESIAN_POINT('Ctrl Pts',(22.4149635956469,-1.85584895209747,-0.522454030810052));
#6354=CARTESIAN_POINT('Ctrl Pts',(22.5,-1.82653870239438,-0.556841793071947));
#6355=CARTESIAN_POINT('',(22.5,-1.82653870239437,-0.556841793071948));
#6356=CARTESIAN_POINT('',(22.,-0.964712827226052,-0.636865651477091));
#6357=CARTESIAN_POINT('Ctrl Pts',(22.,-0.964712827226053,-0.636865651477089));
#6358=CARTESIAN_POINT('Ctrl Pts',(22.,-1.19810817331154,-0.578265470705733));
#6359=CARTESIAN_POINT('Ctrl Pts',(22.0214756263235,-1.53661372542622,-0.480752429191603));
#6360=CARTESIAN_POINT('Ctrl Pts',(22.2308521450304,-1.83724948868522,-0.467648194194619));
#6361=CARTESIAN_POINT('Ctrl Pts',(22.4149635956469,-1.85584895209747,-0.522454030810052));
#6362=CARTESIAN_POINT('Ctrl Pts',(22.5,-1.82653870239438,-0.556841793071947));
#6363=CARTESIAN_POINT('',(22.6186686748021,-2.20706759872654,-0.395470187593694));
#6364=CARTESIAN_POINT('Origin',(22.5,-2.20706759872654,-0.88118383329527));
#6365=CARTESIAN_POINT('',(21.6186686748021,-0.964712827226051,-0.151152005775514));
#6366=CARTESIAN_POINT('Ctrl Pts',(22.6186686748021,-2.20706759872654,-0.395470187593694));
#6367=CARTESIAN_POINT('Ctrl Pts',(22.448595866096,-2.24248415045111,-0.353918308193904));
#6368=CARTESIAN_POINT('Ctrl Pts',(22.0803729648628,-2.18984705076168,-0.263954758460794));
#6369=CARTESIAN_POINT('Ctrl Pts',(21.6616199274492,-1.6928465821456,-0.161645777729079));
#6370=CARTESIAN_POINT('Ctrl Pts',(21.6186686748021,-1.23264512264325,-0.151152005775513));
#6371=CARTESIAN_POINT('Ctrl Pts',(21.6186686748021,-0.964712827226053,-0.151152005775513));
#6372=CARTESIAN_POINT('Origin',(21.5,-0.964712827226051,-0.636865651477091));
#6373=CARTESIAN_POINT('Ctrl Pts',(25.,-1.22751965912626,-1.06232768648888));
#6374=CARTESIAN_POINT('Ctrl Pts',(24.3361340174577,-1.45303633576346,-0.928097730771083));
#6375=CARTESIAN_POINT('Ctrl Pts',(23.4878268761737,-1.65629718863124,-0.756574813489515));
#6376=CARTESIAN_POINT('Ctrl Pts',(22.5,-1.82653870239438,-0.556841793071947));
#6377=CARTESIAN_POINT('Ctrl Pts',(25.0418901394637,-1.30287597596137,-1.01747479479739));
#6378=CARTESIAN_POINT('Ctrl Pts',(24.3788588042931,-1.53876534252598,-0.865777888923212));
#6379=CARTESIAN_POINT('Ctrl Pts',(23.5315903411492,-1.74830045815789,-0.673062717761889));
#6380=CARTESIAN_POINT('Ctrl Pts',(22.5452912706894,-1.91805735018756,-0.449469063916724));
#6381=CARTESIAN_POINT('Ctrl Pts',(25.0837008564756,-1.39297887025197,-0.99772236834346));
#6382=CARTESIAN_POINT('Ctrl Pts',(24.4214413022779,-1.64708748521129,-0.83580651712263));
#6383=CARTESIAN_POINT('Ctrl Pts',(23.5751569823592,-1.87459211255966,-0.629553216254404));
#6384=CARTESIAN_POINT('Ctrl Pts',(22.5901284068803,-2.0618343492809,-0.388497281226442));
#6385=CARTESIAN_POINT('Ctrl Pts',(25.1186686748021,-1.48325292144423,-1.00626564213915));
#6386=CARTESIAN_POINT('Ctrl Pts',(24.4548026922598,-1.75575223904751,-0.844071112313483));
#6387=CARTESIAN_POINT('Ctrl Pts',(23.6064955509758,-2.00135910292942,-0.636814253931589));
#6388=CARTESIAN_POINT('Ctrl Pts',(22.6186686748021,-2.20706759872654,-0.395470187593693));
#6389=CARTESIAN_POINT('',(25.0705400151376,-1.50283261493151,-0.994506935516578));
#6390=CARTESIAN_POINT('',(25.0169917270792,-1.37287787125657,-1.00181548407202));
#6391=CARTESIAN_POINT('Ctrl Pts',(25.0705375548378,-1.50283213903032,-0.994506334420599));
#6392=CARTESIAN_POINT('Ctrl Pts',(25.0605589687716,-1.48707528596556,-0.992067047676852));
#6393=CARTESIAN_POINT('Ctrl Pts',(25.0518199535519,-1.47047437441991,-0.991012063473342));
#6394=CARTESIAN_POINT('Ctrl Pts',(25.044194700377,-1.45332059296557,-0.991331825432922));
#6395=CARTESIAN_POINT('Ctrl Pts',(25.0421823045609,-1.44879350419387,-0.991416214451208));
#6396=CARTESIAN_POINT('Ctrl Pts',(25.0402475087628,-1.44422789618809,-0.991596071194082));
#6397=CARTESIAN_POINT('Ctrl Pts',(25.0383880570879,-1.43962906412927,-0.991870630362239));
#6398=CARTESIAN_POINT('Ctrl Pts',(25.0305536821268,-1.42025293555382,-0.99302742271207));
#6399=CARTESIAN_POINT('Ctrl Pts',(25.0241405997413,-1.4004950164555,-0.99585569036491));
#6400=CARTESIAN_POINT('Ctrl Pts',(25.0189442016732,-1.38068138341366,-1.00018651386862));
#6401=CARTESIAN_POINT('Ctrl Pts',(25.0182656934273,-1.37809426186825,-1.00075200162001));
#6402=CARTESIAN_POINT('Ctrl Pts',(25.0176079207224,-1.37550613199582,-1.00134306440628));
#6403=CARTESIAN_POINT('Ctrl Pts',(25.0169704209679,-1.37291766590192,-1.00195929114212));
#6404=CARTESIAN_POINT('Origin',(14.9189394966633,1.45012767406314E-15,1.48571364570158));
#6405=CARTESIAN_POINT('',(25.,-1.22751965912626,-1.06232768648888));
#6406=CARTESIAN_POINT('Origin',(14.8002708218612,1.55421201025326E-15,1.));
#6407=CARTESIAN_POINT('Ctrl Pts',(25.0169704209679,-1.37291766590192,-1.00195929114212));
#6408=CARTESIAN_POINT('Ctrl Pts',(25.012666372229,-1.35545944127294,-1.00611492013154));
#6409=CARTESIAN_POINT('Ctrl Pts',(25.0093402061235,-1.33800369255073,-1.01142107808538));
#6410=CARTESIAN_POINT('Ctrl Pts',(25.0067996117728,-1.32080245855656,-1.01770067818549));
#6411=CARTESIAN_POINT('Ctrl Pts',(25.0039992795692,-1.30184265512196,-1.02462227367023));
#6412=CARTESIAN_POINT('Ctrl Pts',(25.0021349178408,-1.28311646431126,-1.03275281085115));
#6413=CARTESIAN_POINT('Ctrl Pts',(25.0010781247526,-1.26484723567034,-1.0418956554987));
#6414=CARTESIAN_POINT('Ctrl Pts',(25.0003445329933,-1.25216532496374,-1.04824232408025));
#6415=CARTESIAN_POINT('Ctrl Pts',(25.,-1.23970260402202,-1.05507626642427));
#6416=CARTESIAN_POINT('Ctrl Pts',(25.,-1.22751965912626,-1.06232768648888));
#6417=CARTESIAN_POINT('Ctrl Pts',(22.6186686748021,2.20706759872653,-0.395470187593694));
#6418=CARTESIAN_POINT('Ctrl Pts',(22.4486011616742,2.24248304768152,-0.353919601999946));
#6419=CARTESIAN_POINT('Ctrl Pts',(22.1774858193153,2.20621149094148,-0.287681194491815));
#6420=CARTESIAN_POINT('Ctrl Pts',(21.6903771371511,1.80183827722613,-0.168671686917605));
#6421=CARTESIAN_POINT('Ctrl Pts',(21.6186686748021,1.32194476426065,-0.151152005775513));
#6422=CARTESIAN_POINT('Ctrl Pts',(21.6186686748021,0.964712827226051,-0.151152005775513));
#6423=CARTESIAN_POINT('Ctrl Pts',(22.6043985408412,2.13445097400371,-0.391983734410068));
#6424=CARTESIAN_POINT('Ctrl Pts',(22.4501102156477,2.16947747370345,-0.354304724976322));
#6425=CARTESIAN_POINT('Ctrl Pts',(22.2038892626247,2.13824979446271,-0.294276607294628));
#6426=CARTESIAN_POINT('Ctrl Pts',(21.7659630939899,1.76290859066838,-0.187226828856669));
#6427=CARTESIAN_POINT('Ctrl Pts',(21.7136665377038,1.31141971585709,-0.174623521186263));
#6428=CARTESIAN_POINT('Ctrl Pts',(21.7264301051987,0.964712827226051,-0.177480082520143));
#6429=CARTESIAN_POINT('Ctrl Pts',(22.5679178250285,1.98927891066323,-0.417563417615166));
#6430=CARTESIAN_POINT('Ctrl Pts',(22.4457920791667,2.02351003320412,-0.385029965765163));
#6431=CARTESIAN_POINT('Ctrl Pts',(22.2498464025588,2.00236978521219,-0.335846370906437));
#6432=CARTESIAN_POINT('Ctrl Pts',(21.9082422547266,1.68509965210399,-0.260605434393707));
#6433=CARTESIAN_POINT('Ctrl Pts',(21.8901522746601,1.29045797450387,-0.277134218298359));
#6434=CARTESIAN_POINT('Ctrl Pts',(21.9232518568254,0.964712827226051,-0.304572760626633));
#6435=CARTESIAN_POINT('Ctrl Pts',(22.5226456353447,1.87229802629096,-0.503155428494336));
#6436=CARTESIAN_POINT('Ctrl Pts',(22.4271603494572,1.90378396580063,-0.470130040472471));
#6437=CARTESIAN_POINT('Ctrl Pts',(22.273718078643,1.88951121922052,-0.427971860091293));
#6438=CARTESIAN_POINT('Ctrl Pts',(22.0041699901903,1.62635920828882,-0.392046951985856));
#6439=CARTESIAN_POINT('Ctrl Pts',(21.9823976715155,1.27834601980499,-0.460797356192383));
#6440=CARTESIAN_POINT('Ctrl Pts',(22.,0.964712827226051,-0.525934621074421));
#6441=CARTESIAN_POINT('Ctrl Pts',(22.5,1.82653870239437,-0.556841793071947));
#6442=CARTESIAN_POINT('Ctrl Pts',(22.4149662434359,1.8558480394606,-0.522455101546054));
#6443=CARTESIAN_POINT('Ctrl Pts',(22.2794085722566,1.84361737011807,-0.482560662119233));
#6444=CARTESIAN_POINT('Ctrl Pts',(22.0358542311745,1.60546208721788,-0.465459646430289));
#6445=CARTESIAN_POINT('Ctrl Pts',(22.,1.27589693232676,-0.558734509970117));
#6446=CARTESIAN_POINT('Ctrl Pts',(22.,0.96471282722605,-0.636865651477089));
#6447=CARTESIAN_POINT('',(22.5,1.82653870239437,-0.556841793071948));
#6448=CARTESIAN_POINT('',(22.6186686748021,2.20706759872653,-0.395470187593695));
#6449=CARTESIAN_POINT('Origin',(22.5,2.20706759872653,-0.88118383329527));
#6450=CARTESIAN_POINT('',(22.,0.96471282722605,-0.63686565147709));
#6451=CARTESIAN_POINT('Ctrl Pts',(22.5,1.82653870239437,-0.556841793071947));
#6452=CARTESIAN_POINT('Ctrl Pts',(22.4149662434359,1.8558480394606,-0.522455101546054));
#6453=CARTESIAN_POINT('Ctrl Pts',(22.2794085722566,1.84361737011807,-0.482560662119233));
#6454=CARTESIAN_POINT('Ctrl Pts',(22.0358542311745,1.60546208721788,-0.465459646430289));
#6455=CARTESIAN_POINT('Ctrl Pts',(22.,1.27589693232676,-0.558734509970117));
#6456=CARTESIAN_POINT('Ctrl Pts',(22.,0.96471282722605,-0.636865651477089));
#6457=CARTESIAN_POINT('',(21.6186686748021,0.96471282722605,-0.151152005775514));
#6458=CARTESIAN_POINT('Origin',(21.5,0.96471282722605,-0.63686565147709));
#6459=CARTESIAN_POINT('Ctrl Pts',(21.6186686748021,0.964712827226051,-0.151152005775513));
#6460=CARTESIAN_POINT('Ctrl Pts',(21.6186686748021,1.32194476426065,-0.151152005775513));
#6461=CARTESIAN_POINT('Ctrl Pts',(21.6903771371511,1.80183827722613,-0.168671686917605));
#6462=CARTESIAN_POINT('Ctrl Pts',(22.1774858193153,2.20621149094148,-0.287681194491815));
#6463=CARTESIAN_POINT('Ctrl Pts',(22.4486011616742,2.24248304768152,-0.353919601999946));
#6464=CARTESIAN_POINT('Ctrl Pts',(22.6186686748021,2.20706759872653,-0.395470187593694));
#6465=CARTESIAN_POINT('Origin',(22.5,-1.29526019539602E-15,1.));
#6466=CARTESIAN_POINT('Origin',(22.,-1.1224628374777E-15,1.));
#6467=CARTESIAN_POINT('Origin',(22.5,-1.29526019539602E-15,1.));
#6468=CARTESIAN_POINT('Origin',(21.5,-4.5,-0.636865651477091));
#6469=CARTESIAN_POINT('',(22.,-4.5,-0.636865651477091));
#6470=CARTESIAN_POINT('',(21.6186686748021,-4.5,-0.151152005775515));
#6471=CARTESIAN_POINT('Ctrl Pts',(22.5,1.82653870239437,-0.556841793071947));
#6472=CARTESIAN_POINT('Ctrl Pts',(23.4878268761737,1.65629718863124,-0.756574813489516));
#6473=CARTESIAN_POINT('Ctrl Pts',(24.3361340174577,1.45303633576345,-0.928097730771084));
#6474=CARTESIAN_POINT('Ctrl Pts',(25.,1.22751965912625,-1.06232768648888));
#6475=CARTESIAN_POINT('Ctrl Pts',(22.5452912706894,1.91805735018755,-0.449469063916724));
#6476=CARTESIAN_POINT('Ctrl Pts',(23.5315903411492,1.74830045815789,-0.673062717761889));
#6477=CARTESIAN_POINT('Ctrl Pts',(24.3788588042931,1.53876534252597,-0.865777888923213));
#6478=CARTESIAN_POINT('Ctrl Pts',(25.0418901394637,1.30287597596136,-1.01747479479739));
#6479=CARTESIAN_POINT('Ctrl Pts',(22.5901284068803,2.06183434928089,-0.388497281226442));
#6480=CARTESIAN_POINT('Ctrl Pts',(23.5751569823593,1.87459211255965,-0.629553216254405));
#6481=CARTESIAN_POINT('Ctrl Pts',(24.4214413022779,1.64708748521128,-0.835806517122631));
#6482=CARTESIAN_POINT('Ctrl Pts',(25.0837008564756,1.39297887025197,-0.997722368343461));
#6483=CARTESIAN_POINT('Ctrl Pts',(22.6186686748021,2.20706759872653,-0.395470187593693));
#6484=CARTESIAN_POINT('Ctrl Pts',(23.6064955509758,2.00135910292942,-0.636814253931589));
#6485=CARTESIAN_POINT('Ctrl Pts',(24.4548026922598,1.7557522390475,-0.844071112313484));
#6486=CARTESIAN_POINT('Ctrl Pts',(25.1186686748021,1.48325292144422,-1.00626564213915));
#6487=CARTESIAN_POINT('',(25.,1.22751965912625,-1.06232768648888));
#6488=CARTESIAN_POINT('',(25.0169917270792,1.37287787125657,-1.00181548407202));
#6489=CARTESIAN_POINT('Ctrl Pts',(25.,1.22751965912625,-1.06232768648888));
#6490=CARTESIAN_POINT('Ctrl Pts',(25.,1.27457118003147,-1.0343221142991));
#6491=CARTESIAN_POINT('Ctrl Pts',(25.0051007444278,1.32214017142078,-1.01461651398754));
#6492=CARTESIAN_POINT('Ctrl Pts',(25.0160091616765,1.36883540839812,-1.00279267859863));
#6493=CARTESIAN_POINT('Ctrl Pts',(25.0164939161406,1.37085655299698,-1.00229631528509));
#6494=CARTESIAN_POINT('Ctrl Pts',(25.0169917270791,1.37287787125657,-1.00181548407202));
#6495=CARTESIAN_POINT('Origin',(14.8002708218612,1.55421201025326E-15,1.));
#6496=CARTESIAN_POINT('',(25.0705400151376,1.50283261493151,-0.994506935516578));
#6497=CARTESIAN_POINT('Origin',(14.9189394966633,1.45012767406314E-15,1.48571364570158));
#6498=CARTESIAN_POINT('Ctrl Pts',(25.0169704209679,1.37291766590192,-1.00195929114212));
#6499=CARTESIAN_POINT('Ctrl Pts',(25.0218527433508,1.39274155737496,-0.997239889190957));
#6500=CARTESIAN_POINT('Ctrl Pts',(25.0279246054894,1.41254922636376,-0.993998737586432));
#6501=CARTESIAN_POINT('Ctrl Pts',(25.0353913668942,1.43202003347684,-0.992408785191649));
#6502=CARTESIAN_POINT('Ctrl Pts',(25.0363663169425,1.43456237590701,-0.992201181910916));
#6503=CARTESIAN_POINT('Ctrl Pts',(25.037365040625,1.43709891722859,-0.992021686267798));
#6504=CARTESIAN_POINT('Ctrl Pts',(25.0383879876958,1.43962889284319,-0.991870640562647));
#6505=CARTESIAN_POINT('Ctrl Pts',(25.0454337193444,1.45705455421644,-0.99083028614395));
#6506=CARTESIAN_POINT('Ctrl Pts',(25.0535608387505,1.47400363939206,-0.991153536684593));
#6507=CARTESIAN_POINT('Ctrl Pts',(25.0628938483497,1.490185777626,-0.992863627207436));
#6508=CARTESIAN_POINT('Ctrl Pts',(25.0653569512563,1.49445645487057,-0.993314942390664));
#6509=CARTESIAN_POINT('Ctrl Pts',(25.0679040712168,1.49867369271442,-0.993862573707006));
#6510=CARTESIAN_POINT('Ctrl Pts',(25.0705375548378,1.50283213903032,-0.994506334420599));
#6511=CARTESIAN_POINT('Ctrl Pts',(25.0001566971647,-1.81952705924425,-0.607663782273225));
#6512=CARTESIAN_POINT('Ctrl Pts',(25.0044934313171,-1.77547098987347,-0.660103277464771));
#6513=CARTESIAN_POINT('Ctrl Pts',(25.0131995519606,-1.65737520986737,-0.783923750644681));
#6514=CARTESIAN_POINT('Ctrl Pts',(25.0162680459729,-1.47092076686758,-0.933259823009271));
#6515=CARTESIAN_POINT('Ctrl Pts',(25.0169917270791,-1.37287787125657,-1.00181548407201));
#6516=CARTESIAN_POINT('Ctrl Pts',(25.0050596491403,-1.82088412159309,-0.71463423696281));
#6517=CARTESIAN_POINT('Ctrl Pts',(25.0200728565177,-1.78394817196662,-0.760909130782585));
#6518=CARTESIAN_POINT('Ctrl Pts',(25.0494144326086,-1.67405806187307,-0.862536724578923));
#6519=CARTESIAN_POINT('Ctrl Pts',(25.0596989362168,-1.49965507062781,-0.992957509888));
#6520=CARTESIAN_POINT('Ctrl Pts',(25.0624217127311,-1.41141843554794,-1.05801210576621));
#6521=CARTESIAN_POINT('Ctrl Pts',(25.0860654202908,-1.82667139465142,-0.924838332160148));
#6522=CARTESIAN_POINT('Ctrl Pts',(25.1143846189907,-1.79387747267845,-0.951896489105427));
#6523=CARTESIAN_POINT('Ctrl Pts',(25.1603741948054,-1.69293780687213,-1.00292826946285));
#6524=CARTESIAN_POINT('Ctrl Pts',(25.1778880166591,-1.54474481008646,-1.09557567850913));
#6525=CARTESIAN_POINT('Ctrl Pts',(25.1874271435679,-1.47555018772217,-1.15152365345074));
#6526=CARTESIAN_POINT('Ctrl Pts',(25.2765597899979,-1.83628227324619,-1.04484131232902));
#6527=CARTESIAN_POINT('Ctrl Pts',(25.3011749433383,-1.78680650624914,-1.05481011451988));
#6528=CARTESIAN_POINT('Ctrl Pts',(25.3205791111338,-1.67738929325814,-1.07698369401477));
#6529=CARTESIAN_POINT('Ctrl Pts',(25.3332210809173,-1.55562156792228,-1.14221565378694));
#6530=CARTESIAN_POINT('Ctrl Pts',(25.3511144785777,-1.49880191634046,-1.18542737595515));
#6531=CARTESIAN_POINT('Ctrl Pts',(25.3804860428851,-1.84109746773476,-1.07023238547762));
#6532=CARTESIAN_POINT('Ctrl Pts',(25.4010487288957,-1.77965109143951,-1.07525622353703));
#6533=CARTESIAN_POINT('Ctrl Pts',(25.4030119779117,-1.66170268993248,-1.09330752388135));
#6534=CARTESIAN_POINT('Ctrl Pts',(25.4118049506356,-1.55200186875128,-1.1489419765775));
#6535=CARTESIAN_POINT('Ctrl Pts',(25.4330127018922,-1.49880191634046,-1.18542737595515));
#6536=CARTESIAN_POINT('',(25.4330127018922,-1.49880191634045,-1.18542737595515));
#6537=CARTESIAN_POINT('Origin',(25.4330127018922,-1.21600910193659,-0.77308258803908));
#6538=CARTESIAN_POINT('',(25.3804860428851,-1.84109746773476,-1.07023238547762));
#6539=CARTESIAN_POINT('Ctrl Pts',(25.4330127018922,-1.49880191634046,-1.18542737595515));
#6540=CARTESIAN_POINT('Ctrl Pts',(25.4118049506356,-1.55200186875128,-1.1489419765775));
#6541=CARTESIAN_POINT('Ctrl Pts',(25.4030119779117,-1.66170268993248,-1.09330752388135));
#6542=CARTESIAN_POINT('Ctrl Pts',(25.4010487288957,-1.77965109143951,-1.07525622353703));
#6543=CARTESIAN_POINT('Ctrl Pts',(25.3804860428851,-1.84109746773476,-1.07023238547762));
#6544=CARTESIAN_POINT('Ctrl Pts',(25.0705400151376,-1.50283261493151,-0.994506935516578));
#6545=CARTESIAN_POINT('Ctrl Pts',(25.0771295346379,-1.51323776984297,-0.996116874939951));
#6546=CARTESIAN_POINT('Ctrl Pts',(25.0839844313779,-1.52350703150461,-0.997791650848021));
#6547=CARTESIAN_POINT('Ctrl Pts',(25.1270145100088,-1.58476838265629,-1.00830468142261));
#6548=CARTESIAN_POINT('Ctrl Pts',(25.1646054289221,-1.62545540092057,-1.01748882638437));
#6549=CARTESIAN_POINT('Ctrl Pts',(25.2637758832457,-1.72347304752926,-1.04171797147479));
#6550=CARTESIAN_POINT('Ctrl Pts',(25.3260454511333,-1.77208204891847,-1.0569315590837));
#6551=CARTESIAN_POINT('Ctrl Pts',(25.3793154925133,-1.83960241132597,-1.06994639873905));
#6552=CARTESIAN_POINT('Ctrl Pts',(25.3799016721508,-1.84034917786849,-1.0700896130823));
#6553=CARTESIAN_POINT('Ctrl Pts',(25.3804860428851,-1.84109746773476,-1.07023238547762));
#6554=CARTESIAN_POINT('Origin',(25.,-2.22044604925031E-15,1.));
#6555=CARTESIAN_POINT('Origin',(25.,-2.22044604925031E-15,1.));
#6556=CARTESIAN_POINT('Origin',(25.4330127018922,-2.3700929509144E-15,1.));
#6557=CARTESIAN_POINT('',(25.4330127018922,1.49880191634045,-1.18542737595515));
#6558=CARTESIAN_POINT('Origin',(25.4330127018922,1.21600910193659,-0.77308258803908));
#6559=CARTESIAN_POINT('Origin',(25.4330127018922,-2.3700929509144E-15,1.));
#6560=CARTESIAN_POINT('Origin',(22.,-1.80411241501588E-15,0.625));
#6561=CARTESIAN_POINT('Ctrl Pts',(25.0169917270791,1.37287787125656,-1.00181548407201));
#6562=CARTESIAN_POINT('Ctrl Pts',(25.0162680459729,1.47092076686758,-0.933259823009268));
#6563=CARTESIAN_POINT('Ctrl Pts',(25.0131995519606,1.65737520986737,-0.783923750644683));
#6564=CARTESIAN_POINT('Ctrl Pts',(25.0044934313171,1.77547098987335,-0.660103277464912));
#6565=CARTESIAN_POINT('Ctrl Pts',(25.0001566971647,1.81952705924425,-0.607663782273224));
#6566=CARTESIAN_POINT('Ctrl Pts',(25.0624217127311,1.41141843554794,-1.05801210576621));
#6567=CARTESIAN_POINT('Ctrl Pts',(25.0596989362168,1.49965507062779,-0.992957509888011));
#6568=CARTESIAN_POINT('Ctrl Pts',(25.0494144326086,1.67405806187306,-0.862536724578923));
#6569=CARTESIAN_POINT('Ctrl Pts',(25.0200728565178,1.78394817196652,-0.76090913078271));
#6570=CARTESIAN_POINT('Ctrl Pts',(25.0050596491403,1.82088412159308,-0.71463423696281));
#6571=CARTESIAN_POINT('Ctrl Pts',(25.1874271435679,1.47555018772217,-1.15152365345074));
#6572=CARTESIAN_POINT('Ctrl Pts',(25.1778880166591,1.5447448100864,-1.09557567850917));
#6573=CARTESIAN_POINT('Ctrl Pts',(25.1603741948054,1.69293780687212,-1.00292826946285));
#6574=CARTESIAN_POINT('Ctrl Pts',(25.1143846189908,1.79387747267835,-0.951896489105501));
#6575=CARTESIAN_POINT('Ctrl Pts',(25.0860654202908,1.82667139465141,-0.924838332160148));
#6576=CARTESIAN_POINT('Ctrl Pts',(25.3511144785777,1.49880191634045,-1.18542737595515));
#6577=CARTESIAN_POINT('Ctrl Pts',(25.3332210809173,1.55562156792218,-1.142215653787));
#6578=CARTESIAN_POINT('Ctrl Pts',(25.3205791111338,1.67738929325814,-1.07698369401476));
#6579=CARTESIAN_POINT('Ctrl Pts',(25.3011749433383,1.786806506249,-1.05481011451991));
#6580=CARTESIAN_POINT('Ctrl Pts',(25.2765597899979,1.83628227324618,-1.04484131232902));
#6581=CARTESIAN_POINT('Ctrl Pts',(25.4330127018922,1.49880191634045,-1.18542737595515));
#6582=CARTESIAN_POINT('Ctrl Pts',(25.4118049506356,1.55200186875118,-1.14894197657757));
#6583=CARTESIAN_POINT('Ctrl Pts',(25.4030119779117,1.66170268993248,-1.09330752388135));
#6584=CARTESIAN_POINT('Ctrl Pts',(25.4010487288958,1.77965109143934,-1.07525622353704));
#6585=CARTESIAN_POINT('Ctrl Pts',(25.3804860428851,1.84109746773475,-1.07023238547762));
#6586=CARTESIAN_POINT('',(25.3804860428851,1.84109746773475,-1.07023238547762));
#6587=CARTESIAN_POINT('Ctrl Pts',(25.3804860428851,1.84109746773475,-1.07023238547762));
#6588=CARTESIAN_POINT('Ctrl Pts',(25.3799016722209,1.8403491779583,-1.07008961309944));
#6589=CARTESIAN_POINT('Ctrl Pts',(25.3793154924423,1.83960241123715,-1.06994639872169));
#6590=CARTESIAN_POINT('Ctrl Pts',(25.3260454529304,1.77208205116994,-1.05693155952277));
#6591=CARTESIAN_POINT('Ctrl Pts',(25.2637758820572,1.72347304635458,-1.04171797118442));
#6592=CARTESIAN_POINT('Ctrl Pts',(25.1646054289217,1.62545540092022,-1.01748882638428));
#6593=CARTESIAN_POINT('Ctrl Pts',(25.1270145100086,1.58476838265597,-1.00830468142256));
#6594=CARTESIAN_POINT('Ctrl Pts',(25.0839844313779,1.52350703150459,-0.997791650848014));
#6595=CARTESIAN_POINT('Ctrl Pts',(25.0771295346379,1.51323776984296,-0.996116874939949));
#6596=CARTESIAN_POINT('Ctrl Pts',(25.0705400151376,1.50283261493151,-0.994506935516577));
#6597=CARTESIAN_POINT('Ctrl Pts',(25.3804860428851,1.84109746773475,-1.07023238547762));
#6598=CARTESIAN_POINT('Ctrl Pts',(25.4010487288958,1.77965109143934,-1.07525622353704));
#6599=CARTESIAN_POINT('Ctrl Pts',(25.4030119779117,1.66170268993248,-1.09330752388135));
#6600=CARTESIAN_POINT('Ctrl Pts',(25.4118049506356,1.55200186875118,-1.14894197657757));
#6601=CARTESIAN_POINT('Ctrl Pts',(25.4330127018922,1.49880191634045,-1.18542737595515));
#6602=CARTESIAN_POINT('Origin',(25.,-2.22044604925031E-15,1.));
#6603=CARTESIAN_POINT('Origin',(14.8002708218612,1.3045264576791E-15,1.));
#6604=CARTESIAN_POINT('Ctrl Pts',(25.261817368083,1.54885977444352,-1.1502403119444));
#6605=CARTESIAN_POINT('Ctrl Pts',(26.6058193985638,1.16535927707283,-1.4264831535268));
#6606=CARTESIAN_POINT('Ctrl Pts',(28.5560078246141,0.0936148176446614,-1.82732004232268));
#6607=CARTESIAN_POINT('Ctrl Pts',(27.0538200753907,-1.03752577794927,-1.51856410072094));
#6608=CARTESIAN_POINT('Ctrl Pts',(25.261817368083,-1.54885977444353,-1.1502403119444));
#6609=CARTESIAN_POINT('Ctrl Pts',(25.304426141761,1.63156836113354,-1.09066371382481));
#6610=CARTESIAN_POINT('Ctrl Pts',(26.6468005656067,1.23524386694952,-1.39889353492611));
#6611=CARTESIAN_POINT('Ctrl Pts',(28.5951400742275,0.101206722637754,-1.84981140772369));
#6612=CARTESIAN_POINT('Ctrl Pts',(27.0942587068886,-1.10313570222152,-1.50163680862654));
#6613=CARTESIAN_POINT('Ctrl Pts',(25.304426141761,-1.63156836113354,-1.09066371382482));
#6614=CARTESIAN_POINT('Ctrl Pts',(25.3469006478366,1.73616758835087,-1.06202686282371));
#6615=CARTESIAN_POINT('Ctrl Pts',(26.6878045230648,1.31031605737844,-1.3899084605763));
#6616=CARTESIAN_POINT('Ctrl Pts',(28.6342401841762,0.106286471104087,-1.86515214746589));
#6617=CARTESIAN_POINT('Ctrl Pts',(27.1347724814742,-1.16836554705429,-1.49920232649382));
#6618=CARTESIAN_POINT('Ctrl Pts',(25.3469006478366,-1.73616758835087,-1.06202686282372));
#6619=CARTESIAN_POINT('Ctrl Pts',(25.3804860428851,1.84109746773475,-1.07023238547762));
#6620=CARTESIAN_POINT('Ctrl Pts',(26.7244880733659,1.38523838595449,-1.39859651792463));
#6621=CARTESIAN_POINT('Ctrl Pts',(28.6746764994162,0.111277990785164,-1.8750630083801));
#6622=CARTESIAN_POINT('Ctrl Pts',(27.1724887501928,-1.23328535869441,-1.50805122874029));
#6623=CARTESIAN_POINT('Ctrl Pts',(25.3804860428851,-1.84109746773476,-1.07023238547762));
#6624=CARTESIAN_POINT('Origin',(14.9189394966633,1.20044212148898E-15,1.48571364570158));
#6625=CARTESIAN_POINT('Ctrl Pts',(21.6186686748021,-9.96471282722605,-0.151152005775515));
#6626=CARTESIAN_POINT('Ctrl Pts',(21.6186686748021,-10.2326451226433,-0.151152005775515));
#6627=CARTESIAN_POINT('Ctrl Pts',(21.6616122126621,-10.6928514075074,-0.161643892866322));
#6628=CARTESIAN_POINT('Ctrl Pts',(22.0803673683213,-11.1898460092701,-0.263953391123949));
#6629=CARTESIAN_POINT('Ctrl Pts',(22.448595866096,-11.2424841504511,-0.353918308193906));
#6630=CARTESIAN_POINT('Ctrl Pts',(22.6186686748021,-11.2070675987265,-0.395470187593696));
#6631=CARTESIAN_POINT('Ctrl Pts',(21.7264301051987,-9.96471282722605,-0.177480082520145));
#6632=CARTESIAN_POINT('Ctrl Pts',(21.7168571315027,-10.2247510905431,-0.175337594808829));
#6633=CARTESIAN_POINT('Ctrl Pts',(21.7417564136132,-10.6608785669668,-0.181360016582242));
#6634=CARTESIAN_POINT('Ctrl Pts',(22.1154635128764,-11.123778968462,-0.272710279239185));
#6635=CARTESIAN_POINT('Ctrl Pts',(22.4501054114033,-11.1694785643619,-0.354303551723791));
#6636=CARTESIAN_POINT('Ctrl Pts',(22.6043985408412,-11.1344509740037,-0.391983734410071));
#6637=CARTESIAN_POINT('Ctrl Pts',(21.9232188300255,-9.96471282722605,-0.304598689800037));
#6638=CARTESIAN_POINT('Ctrl Pts',(21.8983933704081,-10.2090292949967,-0.284019142265896));
#6639=CARTESIAN_POINT('Ctrl Pts',(21.8923818298339,-10.5970023224726,-0.260360198085266));
#6640=CARTESIAN_POINT('Ctrl Pts',(22.1789769090571,-10.9916889761018,-0.317972531351003));
#6641=CARTESIAN_POINT('Ctrl Pts',(22.4457871373841,-11.0235147515335,-0.385036727907769));
#6642=CARTESIAN_POINT('Ctrl Pts',(22.5679166860087,-10.9892825631007,-0.417571192787436));
#6643=CARTESIAN_POINT('Ctrl Pts',(22.,-9.96471282722605,-0.525934621074423));
#6644=CARTESIAN_POINT('Ctrl Pts',(21.9867978425594,-10.1999450461152,-0.477080151225182));
#6645=CARTESIAN_POINT('Ctrl Pts',(21.9906596027994,-10.5513943083427,-0.402051178973374));
#6646=CARTESIAN_POINT('Ctrl Pts',(22.2183378621397,-10.8818970806015,-0.412332734130474));
#6647=CARTESIAN_POINT('Ctrl Pts',(22.4271573762275,-10.9037849462128,-0.470129012124863));
#6648=CARTESIAN_POINT('Ctrl Pts',(22.5226456353447,-10.872298026291,-0.503155428494337));
#6649=CARTESIAN_POINT('Ctrl Pts',(22.,-9.96471282722605,-0.63686565147709));
#6650=CARTESIAN_POINT('Ctrl Pts',(22.,-10.1981081733116,-0.578265470705734));
#6651=CARTESIAN_POINT('Ctrl Pts',(22.0214717689301,-10.5366158185336,-0.480753101376719));
#6652=CARTESIAN_POINT('Ctrl Pts',(22.2308493467595,-10.8372488059231,-0.467648495423214));
#6653=CARTESIAN_POINT('Ctrl Pts',(22.4149635956469,-10.8558489520975,-0.522454030810052));
#6654=CARTESIAN_POINT('Ctrl Pts',(22.5,-10.8265387023944,-0.556841793071948));
#6655=CARTESIAN_POINT('',(22.5,-10.8265387023944,-0.55684179307195));
#6656=CARTESIAN_POINT('',(22.,-9.96471282722605,-0.636865651477092));
#6657=CARTESIAN_POINT('Ctrl Pts',(22.,-9.96471282722605,-0.63686565147709));
#6658=CARTESIAN_POINT('Ctrl Pts',(22.,-10.1981081733116,-0.578265470705734));
#6659=CARTESIAN_POINT('Ctrl Pts',(22.0214717689301,-10.5366158185336,-0.480753101376719));
#6660=CARTESIAN_POINT('Ctrl Pts',(22.2308493467595,-10.8372488059231,-0.467648495423214));
#6661=CARTESIAN_POINT('Ctrl Pts',(22.4149635956469,-10.8558489520975,-0.522454030810052));
#6662=CARTESIAN_POINT('Ctrl Pts',(22.5,-10.8265387023944,-0.556841793071948));
#6663=CARTESIAN_POINT('',(22.6186686748021,-11.2070675987265,-0.395470187593697));
#6664=CARTESIAN_POINT('Origin',(22.5,-11.2070675987265,-0.881183833295273));
#6665=CARTESIAN_POINT('',(21.6186686748021,-9.96471282722605,-0.151152005775516));
#6666=CARTESIAN_POINT('Ctrl Pts',(22.6186686748021,-11.2070675987265,-0.395470187593696));
#6667=CARTESIAN_POINT('Ctrl Pts',(22.448595866096,-11.2424841504511,-0.353918308193906));
#6668=CARTESIAN_POINT('Ctrl Pts',(22.0803673683213,-11.1898460092701,-0.263953391123949));
#6669=CARTESIAN_POINT('Ctrl Pts',(21.6616122126621,-10.6928514075074,-0.161643892866322));
#6670=CARTESIAN_POINT('Ctrl Pts',(21.6186686748021,-10.2326451226433,-0.151152005775515));
#6671=CARTESIAN_POINT('Ctrl Pts',(21.6186686748021,-9.96471282722605,-0.151152005775515));
#6672=CARTESIAN_POINT('Origin',(21.5,-9.96471282722605,-0.636865651477092));
#6673=CARTESIAN_POINT('Ctrl Pts',(25.,-10.2275196591263,-1.06232768648888));
#6674=CARTESIAN_POINT('Ctrl Pts',(24.3361340174577,-10.4530363357635,-0.928097730771085));
#6675=CARTESIAN_POINT('Ctrl Pts',(23.4878268761737,-10.6562971886312,-0.756574813489517));
#6676=CARTESIAN_POINT('Ctrl Pts',(22.5,-10.8265387023944,-0.556841793071948));
#6677=CARTESIAN_POINT('Ctrl Pts',(25.0418901394637,-10.3028759759614,-1.01747479479739));
#6678=CARTESIAN_POINT('Ctrl Pts',(24.3788588042931,-10.538765342526,-0.865777888923213));
#6679=CARTESIAN_POINT('Ctrl Pts',(23.5315903411492,-10.7483004581579,-0.67306271776189));
#6680=CARTESIAN_POINT('Ctrl Pts',(22.5452912706894,-10.9180573501876,-0.449469063916726));
#6681=CARTESIAN_POINT('Ctrl Pts',(25.0837008564756,-10.392978870252,-0.997722368343461));
#6682=CARTESIAN_POINT('Ctrl Pts',(24.4214413022779,-10.6470874852113,-0.835806517122632));
#6683=CARTESIAN_POINT('Ctrl Pts',(23.5751569823592,-10.8745921125597,-0.629553216254406));
#6684=CARTESIAN_POINT('Ctrl Pts',(22.5901284068803,-11.0618343492809,-0.388497281226444));
#6685=CARTESIAN_POINT('Ctrl Pts',(25.1186686748021,-10.4832529214442,-1.00626564213915));
#6686=CARTESIAN_POINT('Ctrl Pts',(24.4548026922598,-10.7557522390475,-0.844071112313485));
#6687=CARTESIAN_POINT('Ctrl Pts',(23.6064955509758,-11.0013591029294,-0.63681425393159));
#6688=CARTESIAN_POINT('Ctrl Pts',(22.6186686748021,-11.2070675987265,-0.395470187593695));
#6689=CARTESIAN_POINT('',(25.0705400151376,-10.5028326149315,-0.994506935516579));
#6690=CARTESIAN_POINT('',(25.0169917270791,-10.3728778712566,-1.00181548407202));
#6691=CARTESIAN_POINT('Ctrl Pts',(25.0705375548378,-10.5028321390303,-0.9945063344206));
#6692=CARTESIAN_POINT('Ctrl Pts',(25.0605589689635,-10.4870752862686,-0.992067047723764));
#6693=CARTESIAN_POINT('Ctrl Pts',(25.0518199538798,-10.4704743750392,-0.99101206351203));
#6694=CARTESIAN_POINT('Ctrl Pts',(25.0441947007959,-10.4533205939038,-0.991331825415788));
#6695=CARTESIAN_POINT('Ctrl Pts',(25.0421823066344,-10.4487935088846,-0.991416214350963));
#6696=CARTESIAN_POINT('Ctrl Pts',(25.040247512362,-10.4442279046938,-0.991596070852669));
#6697=CARTESIAN_POINT('Ctrl Pts',(25.0383880620897,-10.4396290764997,-0.991870629623703));
#6698=CARTESIAN_POINT('Ctrl Pts',(25.0305536865137,-10.4202529480718,-0.993027421263641));
#6699=CARTESIAN_POINT('Ctrl Pts',(25.0241406035566,-10.4004950290248,-0.995855688244731));
#6700=CARTESIAN_POINT('Ctrl Pts',(25.018944204961,-10.3806813959504,-1.00018651112835));
#6701=CARTESIAN_POINT('Ctrl Pts',(25.0182656955523,-10.3780942702297,-1.00075199971048));
#6702=CARTESIAN_POINT('Ctrl Pts',(25.0176079217522,-10.3755061361772,-1.00134306341083));
#6703=CARTESIAN_POINT('Ctrl Pts',(25.0169704209679,-10.3729176659019,-1.00195929114212));
#6704=CARTESIAN_POINT('Origin',(14.9189394966633,-9.,1.48571364570158));
#6705=CARTESIAN_POINT('',(25.,-10.2275196591263,-1.06232768648888));
#6706=CARTESIAN_POINT('Origin',(14.8002708218612,-9.,1.));
#6707=CARTESIAN_POINT('Ctrl Pts',(25.0169704209679,-10.3729176659019,-1.00195929114212));
#6708=CARTESIAN_POINT('Ctrl Pts',(25.0126663621439,-10.3554594005049,-1.00611492983103));
#6709=CARTESIAN_POINT('Ctrl Pts',(25.0093401905526,-10.3380036110599,-1.01142110286731));
#6710=CARTESIAN_POINT('Ctrl Pts',(25.0067995939806,-10.3208023380932,-1.0177007221627));
#6711=CARTESIAN_POINT('Ctrl Pts',(25.0039992657547,-10.3018425352101,-1.02462232292165));
#6712=CARTESIAN_POINT('Ctrl Pts',(25.0021349076849,-10.2831163454802,-1.0327528650249));
#6713=CARTESIAN_POINT('Ctrl Pts',(25.0010781180031,-10.2648471183345,-1.04189571422098));
#6714=CARTESIAN_POINT('Ctrl Pts',(25.0003445308897,-10.252165248105,-1.04824236622259));
#6715=CARTESIAN_POINT('Ctrl Pts',(25.,-10.2397025664706,-1.05507628877527));
#6716=CARTESIAN_POINT('Ctrl Pts',(25.,-10.2275196591263,-1.06232768648888));
#6717=CARTESIAN_POINT('Ctrl Pts',(22.6186686748021,-6.79293240127347,-0.395470187593693));
#6718=CARTESIAN_POINT('Ctrl Pts',(22.4486011616742,-6.75751695231848,-0.353919601999946));
#6719=CARTESIAN_POINT('Ctrl Pts',(22.1774906562101,-6.79378309499102,-0.287682376233152));
#6720=CARTESIAN_POINT('Ctrl Pts',(21.6903850139987,-7.19814990222085,-0.168673611374694));
#6721=CARTESIAN_POINT('Ctrl Pts',(21.6186686748021,-7.67805523573935,-0.151152005775515));
#6722=CARTESIAN_POINT('Ctrl Pts',(21.6186686748021,-8.03528717277395,-0.151152005775515));
#6723=CARTESIAN_POINT('Ctrl Pts',(22.6043985408412,-6.86554902599629,-0.391983734410068));
#6724=CARTESIAN_POINT('Ctrl Pts',(22.4501102156477,-6.83052252629657,-0.354304724976337));
#6725=CARTESIAN_POINT('Ctrl Pts',(22.2038938013959,-6.86174487505414,-0.294278348538118));
#6726=CARTESIAN_POINT('Ctrl Pts',(21.7659705635607,-7.23707994698165,-0.187229471227338));
#6727=CARTESIAN_POINT('Ctrl Pts',(21.7136665377038,-7.68858028414291,-0.174623521186265));
#6728=CARTESIAN_POINT('Ctrl Pts',(21.7264301051987,-8.03528717277395,-0.177480082520144));
#6729=CARTESIAN_POINT('Ctrl Pts',(22.5679170858219,-7.01071871896012,-0.417568463584358));
#6730=CARTESIAN_POINT('Ctrl Pts',(22.4457913399603,-6.97648759641927,-0.3850350117344));
#6731=CARTESIAN_POINT('Ctrl Pts',(22.2498445260995,-6.99762335482335,-0.335856090740807));
#6732=CARTESIAN_POINT('Ctrl Pts',(21.9082438818381,-7.31488781194947,-0.260615770954514));
#6733=CARTESIAN_POINT('Ctrl Pts',(21.8901308407666,-7.70954202549613,-0.277151045939683));
#6734=CARTESIAN_POINT('Ctrl Pts',(21.9232304229318,-8.03528717277395,-0.304589588267957));
#6735=CARTESIAN_POINT('Ctrl Pts',(22.5226456353447,-7.12770197370904,-0.503155428494336));
#6736=CARTESIAN_POINT('Ctrl Pts',(22.4271603494574,-7.09621603419944,-0.470130040472541));
#6737=CARTESIAN_POINT('Ctrl Pts',(22.273720915383,-7.11048489207466,-0.427974252392185));
#6738=CARTESIAN_POINT('Ctrl Pts',(22.0041747545939,-7.37363269945068,-0.392050642731579));
#6739=CARTESIAN_POINT('Ctrl Pts',(21.9823976715155,-7.721653980195,-0.460797356192384));
#6740=CARTESIAN_POINT('Ctrl Pts',(22.,-8.03528717277395,-0.525934621074423));
#6741=CARTESIAN_POINT('Ctrl Pts',(22.5,-7.17346129760563,-0.556841793071947));
#6742=CARTESIAN_POINT('Ctrl Pts',(22.4149662434362,-7.14415196053947,-0.522455101546133));
#6743=CARTESIAN_POINT('Ctrl Pts',(22.279410990704,-7.15637981238722,-0.482563111161632));
#6744=CARTESIAN_POINT('Ctrl Pts',(22.0358581695984,-7.39453187227401,-0.465463393148134));
#6745=CARTESIAN_POINT('Ctrl Pts',(22.,-7.72410306767324,-0.558734509970118));
#6746=CARTESIAN_POINT('Ctrl Pts',(22.,-8.03528717277395,-0.636865651477091));
#6747=CARTESIAN_POINT('',(22.5,-7.17346129760563,-0.556841793071951));
#6748=CARTESIAN_POINT('',(22.6186686748021,-6.79293240127347,-0.395470187593694));
#6749=CARTESIAN_POINT('Origin',(22.5,-6.79293240127347,-0.881183833295271));
#6750=CARTESIAN_POINT('',(22.,-8.03528717277395,-0.636865651477092));
#6751=CARTESIAN_POINT('Ctrl Pts',(22.5,-7.17346129760563,-0.556841793071947));
#6752=CARTESIAN_POINT('Ctrl Pts',(22.4149662434362,-7.14415196053947,-0.522455101546133));
#6753=CARTESIAN_POINT('Ctrl Pts',(22.279410990704,-7.15637981238722,-0.482563111161632));
#6754=CARTESIAN_POINT('Ctrl Pts',(22.0358581695984,-7.39453187227401,-0.465463393148134));
#6755=CARTESIAN_POINT('Ctrl Pts',(22.,-7.72410306767324,-0.558734509970118));
#6756=CARTESIAN_POINT('Ctrl Pts',(22.,-8.03528717277395,-0.636865651477091));
#6757=CARTESIAN_POINT('',(21.6186686748021,-8.03528717277395,-0.151152005775516));
#6758=CARTESIAN_POINT('Origin',(21.5,-8.03528717277395,-0.636865651477092));
#6759=CARTESIAN_POINT('Ctrl Pts',(21.6186686748021,-8.03528717277395,-0.151152005775515));
#6760=CARTESIAN_POINT('Ctrl Pts',(21.6186686748021,-7.67805523573935,-0.151152005775515));
#6761=CARTESIAN_POINT('Ctrl Pts',(21.6903850139987,-7.19814990222085,-0.168673611374694));
#6762=CARTESIAN_POINT('Ctrl Pts',(22.1774906562101,-6.79378309499102,-0.287682376233152));
#6763=CARTESIAN_POINT('Ctrl Pts',(22.4486011616742,-6.75751695231848,-0.353919601999946));
#6764=CARTESIAN_POINT('Ctrl Pts',(22.6186686748021,-6.79293240127347,-0.395470187593693));
#6765=CARTESIAN_POINT('Origin',(22.5,-9.,1.));
#6766=CARTESIAN_POINT('Origin',(22.,-9.,1.));
#6767=CARTESIAN_POINT('Origin',(22.5,-9.,1.));
#6768=CARTESIAN_POINT('Origin',(21.5,-9.,-0.636865651477092));
#6769=CARTESIAN_POINT('',(22.,-9.,-0.636865651477092));
#6770=CARTESIAN_POINT('',(21.6186686748021,-9.,-0.151152005775516));
#6771=CARTESIAN_POINT('Ctrl Pts',(22.5,-7.17346129760563,-0.556841793071948));
#6772=CARTESIAN_POINT('Ctrl Pts',(23.4878268761737,-7.34370281136876,-0.756574813489517));
#6773=CARTESIAN_POINT('Ctrl Pts',(24.3361340174577,-7.54696366423655,-0.928097730771085));
#6774=CARTESIAN_POINT('Ctrl Pts',(25.,-7.77248034087375,-1.06232768648888));
#6775=CARTESIAN_POINT('Ctrl Pts',(22.5452912706894,-7.08194264981245,-0.449469063916726));
#6776=CARTESIAN_POINT('Ctrl Pts',(23.5315903411492,-7.25169954184211,-0.67306271776189));
#6777=CARTESIAN_POINT('Ctrl Pts',(24.3788588042931,-7.46123465747403,-0.865777888923214));
#6778=CARTESIAN_POINT('Ctrl Pts',(25.0418901394637,-7.69712402403864,-1.01747479479739));
#6779=CARTESIAN_POINT('Ctrl Pts',(22.5901284068803,-6.93816565071911,-0.388497281226444));
#6780=CARTESIAN_POINT('Ctrl Pts',(23.5751569823592,-7.12540788744035,-0.629553216254406));
#6781=CARTESIAN_POINT('Ctrl Pts',(24.4214413022779,-7.35291251478872,-0.835806517122632));
#6782=CARTESIAN_POINT('Ctrl Pts',(25.0837008564755,-7.60702112974804,-0.997722368343462));
#6783=CARTESIAN_POINT('Ctrl Pts',(22.6186686748021,-6.79293240127347,-0.395470187593695));
#6784=CARTESIAN_POINT('Ctrl Pts',(23.6064955509758,-6.99864089707058,-0.63681425393159));
#6785=CARTESIAN_POINT('Ctrl Pts',(24.4548026922598,-7.2442477609525,-0.844071112313485));
#6786=CARTESIAN_POINT('Ctrl Pts',(25.1186686748021,-7.51674707855578,-1.00626564213915));
#6787=CARTESIAN_POINT('',(25.,-7.77248034087375,-1.06232768648888));
#6788=CARTESIAN_POINT('',(25.0169917270791,-7.62712212874344,-1.00181548407202));
#6789=CARTESIAN_POINT('Ctrl Pts',(25.,-7.77248034087375,-1.06232768648888));
#6790=CARTESIAN_POINT('Ctrl Pts',(25.,-7.72542928906422,-1.03432239350991));
#6791=CARTESIAN_POINT('Ctrl Pts',(25.0051006457733,-7.6778607814834,-1.01461690694836));
#6792=CARTESIAN_POINT('Ctrl Pts',(25.0160089459698,-7.63116549097466,-1.00279289947251));
#6793=CARTESIAN_POINT('Ctrl Pts',(25.0164938053819,-7.62914389672941,-1.00229642226601));
#6794=CARTESIAN_POINT('Ctrl Pts',(25.0169917270791,-7.62712212874344,-1.00181548407202));
#6795=CARTESIAN_POINT('Origin',(14.8002708218612,-9.,1.));
#6796=CARTESIAN_POINT('',(25.0705400151376,-7.49716738506849,-0.994506935516578));
#6797=CARTESIAN_POINT('Origin',(14.9189394966633,-9.,1.48571364570158));
#6798=CARTESIAN_POINT('Ctrl Pts',(25.0169704209679,-7.62708233409808,-1.00195929114212));
#6799=CARTESIAN_POINT('Ctrl Pts',(25.0218527433238,-7.60725844273494,-0.997239889217122));
#6800=CARTESIAN_POINT('Ctrl Pts',(25.0279246054338,-7.58745077382481,-0.993998737615398));
#6801=CARTESIAN_POINT('Ctrl Pts',(25.0353913668079,-7.56797996675255,-0.992408785210688));
#6802=CARTESIAN_POINT('Ctrl Pts',(25.036366314289,-7.56543763101161,-0.992201182474453));
#6803=CARTESIAN_POINT('Ctrl Pts',(25.0373650352793,-7.5629010963481,-0.992021687227824));
#6804=CARTESIAN_POINT('Ctrl Pts',(25.0383879795293,-7.56037112735438,-0.991870641768493));
#6805=CARTESIAN_POINT('Ctrl Pts',(25.0454337105348,-7.54294546512233,-0.990830286269073));
#6806=CARTESIAN_POINT('Ctrl Pts',(25.0535608293245,-7.52599637898797,-0.991153535786889));
#6807=CARTESIAN_POINT('Ctrl Pts',(25.06289383835,-7.50981423971035,-0.992863625375145));
#6808=CARTESIAN_POINT('Ctrl Pts',(25.0653569443615,-7.50554355654438,-0.993314940908374));
#6809=CARTESIAN_POINT('Ctrl Pts',(25.067904067652,-7.50132631291456,-0.993862572835597));
#6810=CARTESIAN_POINT('Ctrl Pts',(25.0705375548378,-7.49716786096968,-0.994506334420601));
#6811=CARTESIAN_POINT('Ctrl Pts',(25.0001566971647,-10.8195270592443,-0.607663782273226));
#6812=CARTESIAN_POINT('Ctrl Pts',(25.0044934313173,-10.7754709898713,-0.660103277467336));
#6813=CARTESIAN_POINT('Ctrl Pts',(25.0131994968512,-10.6573748325608,-0.783923910335547));
#6814=CARTESIAN_POINT('Ctrl Pts',(25.0162680459729,-10.4709207668676,-0.933259823009252));
#6815=CARTESIAN_POINT('Ctrl Pts',(25.0169917270791,-10.3728778712566,-1.00181548407202));
#6816=CARTESIAN_POINT('Ctrl Pts',(25.0050596491403,-10.8208841215931,-0.714634236962811));
#6817=CARTESIAN_POINT('Ctrl Pts',(25.0200728565185,-10.7839481719648,-0.760909130784848));
#6818=CARTESIAN_POINT('Ctrl Pts',(25.0494144453248,-10.6740577072785,-0.862536889053471));
#6819=CARTESIAN_POINT('Ctrl Pts',(25.0596989362168,-10.4996550706278,-0.992957509887985));
#6820=CARTESIAN_POINT('Ctrl Pts',(25.0624217127311,-10.4114184355479,-1.05801210576621));
#6821=CARTESIAN_POINT('Ctrl Pts',(25.0860894987015,-10.8266722355275,-0.924818495396138));
#6822=CARTESIAN_POINT('Ctrl Pts',(25.1144086974027,-10.7938783135529,-0.951876652342741));
#6823=CARTESIAN_POINT('Ctrl Pts',(25.160386409916,-10.6929343553326,-1.00291594505297));
#6824=CARTESIAN_POINT('Ctrl Pts',(25.1778931839354,-10.5447393491769,-1.0955677158684));
#6825=CARTESIAN_POINT('Ctrl Pts',(25.1874323108443,-10.4755447268126,-1.15151569081001));
#6826=CARTESIAN_POINT('Ctrl Pts',(25.2765597899979,-10.8362822732462,-1.04484131232902));
#6827=CARTESIAN_POINT('Ctrl Pts',(25.3011749433395,-10.7868065062467,-1.05481011452036));
#6828=CARTESIAN_POINT('Ctrl Pts',(25.3205792136109,-10.6773892097783,-1.07698378622274));
#6829=CARTESIAN_POINT('Ctrl Pts',(25.3332210809173,-10.5556215679223,-1.14221565378694));
#6830=CARTESIAN_POINT('Ctrl Pts',(25.3511144785777,-10.4988019163405,-1.18542737595515));
#6831=CARTESIAN_POINT('Ctrl Pts',(25.3804860428851,-10.8410974677348,-1.07023238547762));
#6832=CARTESIAN_POINT('Ctrl Pts',(25.4010487288967,-10.7796510914365,-1.07525622353727));
#6833=CARTESIAN_POINT('Ctrl Pts',(25.4030121855333,-10.6617027932691,-1.09330772745361));
#6834=CARTESIAN_POINT('Ctrl Pts',(25.4118049506356,-10.5520018687513,-1.14894197657751));
#6835=CARTESIAN_POINT('Ctrl Pts',(25.4330127018922,-10.4988019163405,-1.18542737595515));
#6836=CARTESIAN_POINT('',(25.4330127018922,-10.4988019163405,-1.18542737595515));
#6837=CARTESIAN_POINT('Origin',(25.4330127018922,-10.2160091019366,-0.773082588039081));
#6838=CARTESIAN_POINT('',(25.3804860428851,-10.8410974677348,-1.07023238547762));
#6839=CARTESIAN_POINT('Ctrl Pts',(25.4330127018922,-10.4988019163405,-1.18542737595515));
#6840=CARTESIAN_POINT('Ctrl Pts',(25.4118049506356,-10.5520018687513,-1.14894197657751));
#6841=CARTESIAN_POINT('Ctrl Pts',(25.4030121855333,-10.6617027932691,-1.09330772745361));
#6842=CARTESIAN_POINT('Ctrl Pts',(25.4010487288967,-10.7796510914365,-1.07525622353727));
#6843=CARTESIAN_POINT('Ctrl Pts',(25.3804860428851,-10.8410974677348,-1.07023238547762));
#6844=CARTESIAN_POINT('Ctrl Pts',(25.0705400151376,-10.5028326149315,-0.994506935516579));
#6845=CARTESIAN_POINT('Ctrl Pts',(25.077129534638,-10.513237769843,-0.996116874939959));
#6846=CARTESIAN_POINT('Ctrl Pts',(25.083984431378,-10.5235070315047,-0.997791650848036));
#6847=CARTESIAN_POINT('Ctrl Pts',(25.1270145100089,-10.5847683826564,-1.00830468142264));
#6848=CARTESIAN_POINT('Ctrl Pts',(25.1646054289222,-10.6254554009207,-1.0174888263844));
#6849=CARTESIAN_POINT('Ctrl Pts',(25.2637758823804,-10.723473046674,-1.0417179712634));
#6850=CARTESIAN_POINT('Ctrl Pts',(25.3260454524427,-10.7720820505587,-1.05693155940361));
#6851=CARTESIAN_POINT('Ctrl Pts',(25.3793154924613,-10.8396024112609,-1.06994639872634));
#6852=CARTESIAN_POINT('Ctrl Pts',(25.3799016722024,-10.8403491779345,-1.0700896130949));
#6853=CARTESIAN_POINT('Ctrl Pts',(25.3804860428851,-10.8410974677348,-1.07023238547763));
#6854=CARTESIAN_POINT('Origin',(25.,-9.,1.));
#6855=CARTESIAN_POINT('Origin',(25.,-9.,1.));
#6856=CARTESIAN_POINT('Origin',(25.4330127018922,-9.,1.));
#6857=CARTESIAN_POINT('',(25.4330127018922,-7.50119808365955,-1.18542737595515));
#6858=CARTESIAN_POINT('Origin',(25.4330127018922,-7.78399089806341,-0.773082588039081));
#6859=CARTESIAN_POINT('Origin',(25.4330127018922,-9.,1.));
#6860=CARTESIAN_POINT('Origin',(22.,-9.,0.625));
#6861=CARTESIAN_POINT('Ctrl Pts',(25.0169917270791,-7.62712212874343,-1.00181548407202));
#6862=CARTESIAN_POINT('Ctrl Pts',(25.0162680459729,-7.52907923313244,-0.933259823009282));
#6863=CARTESIAN_POINT('Ctrl Pts',(25.0131995129689,-7.34262505708913,-0.78392386363114));
#6864=CARTESIAN_POINT('Ctrl Pts',(25.0044934313171,-7.22452901012684,-0.660103277465135));
#6865=CARTESIAN_POINT('Ctrl Pts',(25.0001566971647,-7.18047294075575,-0.607663782273229));
#6866=CARTESIAN_POINT('Ctrl Pts',(25.0624217127311,-7.58858156445206,-1.05801210576621));
#6867=CARTESIAN_POINT('Ctrl Pts',(25.0596989362168,-7.50034492937221,-0.99295750988801));
#6868=CARTESIAN_POINT('Ctrl Pts',(25.0494144416057,-7.325942189014,-0.862536840949982));
#6869=CARTESIAN_POINT('Ctrl Pts',(25.0200728565178,-7.21605182803364,-0.760909130782906));
#6870=CARTESIAN_POINT('Ctrl Pts',(25.0050596491403,-7.17911587840692,-0.714634236962814));
#6871=CARTESIAN_POINT('Ctrl Pts',(25.187430698489,-7.52445356920909,-1.15151817540836));
#6872=CARTESIAN_POINT('Ctrl Pts',(25.1778915715801,-7.45525894684481,-1.09557020046676));
#6873=CARTESIAN_POINT('Ctrl Pts',(25.1603825893847,-7.30706457740739,-1.00291979746239));
#6874=CARTESIAN_POINT('Ctrl Pts',(25.1144011841681,-7.20612194882591,-0.95188284204583));
#6875=CARTESIAN_POINT('Ctrl Pts',(25.086081985468,-7.17332802685271,-0.924824685100365));
#6876=CARTESIAN_POINT('Ctrl Pts',(25.3511144785777,-7.50119808365955,-1.18542737595515));
#6877=CARTESIAN_POINT('Ctrl Pts',(25.3332210809173,-7.44437843207773,-1.14221565378694));
#6878=CARTESIAN_POINT('Ctrl Pts',(25.3205791836397,-7.32261076580656,-1.07698375925486));
#6879=CARTESIAN_POINT('Ctrl Pts',(25.3011749433384,-7.21319349375121,-1.05481011451995));
#6880=CARTESIAN_POINT('Ctrl Pts',(25.2765597899979,-7.16371772675382,-1.04484131232903));
#6881=CARTESIAN_POINT('Ctrl Pts',(25.4330127018922,-7.50119808365955,-1.18542737595515));
#6882=CARTESIAN_POINT('Ctrl Pts',(25.4118049506356,-7.44799813124873,-1.1489419765775));
#6883=CARTESIAN_POINT('Ctrl Pts',(25.4030121248107,-7.33829723695364,-1.09330766791524));
#6884=CARTESIAN_POINT('Ctrl Pts',(25.4010487288959,-7.22034890856092,-1.07525622353706));
#6885=CARTESIAN_POINT('Ctrl Pts',(25.3804860428851,-7.15890253226525,-1.07023238547762));
#6886=CARTESIAN_POINT('',(25.3804860428851,-7.15890253226525,-1.07023238547762));
#6887=CARTESIAN_POINT('Ctrl Pts',(25.3804860428851,-7.15890253226525,-1.07023238547762));
#6888=CARTESIAN_POINT('Ctrl Pts',(25.3799016721287,-7.15965082215985,-1.07008961307689));
#6889=CARTESIAN_POINT('Ctrl Pts',(25.3793154925359,-7.16039758864581,-1.06994639874456));
#6890=CARTESIAN_POINT('Ctrl Pts',(25.3260454505644,-7.22791795179433,-1.05693155894472));
#6891=CARTESIAN_POINT('Ctrl Pts',(25.2637758836221,-7.27652695209868,-1.04171797156676));
#6892=CARTESIAN_POINT('Ctrl Pts',(25.164605428922,-7.37454459907946,-1.01748882638437));
#6893=CARTESIAN_POINT('Ctrl Pts',(25.1270145100088,-7.41523161734373,-1.00830468142261));
#6894=CARTESIAN_POINT('Ctrl Pts',(25.0839844313779,-7.47649296849545,-0.997791650848009));
#6895=CARTESIAN_POINT('Ctrl Pts',(25.0771295346379,-7.48676223015706,-0.996116874939946));
#6896=CARTESIAN_POINT('Ctrl Pts',(25.0705400151376,-7.49716738506849,-0.994506935516578));
#6897=CARTESIAN_POINT('Ctrl Pts',(25.3804860428851,-7.15890253226525,-1.07023238547762));
#6898=CARTESIAN_POINT('Ctrl Pts',(25.4010487288959,-7.22034890856092,-1.07525622353706));
#6899=CARTESIAN_POINT('Ctrl Pts',(25.4030121248107,-7.33829723695364,-1.09330766791524));
#6900=CARTESIAN_POINT('Ctrl Pts',(25.4118049506356,-7.44799813124873,-1.1489419765775));
#6901=CARTESIAN_POINT('Ctrl Pts',(25.4330127018922,-7.50119808365955,-1.18542737595515));
#6902=CARTESIAN_POINT('Origin',(25.,-9.,1.));
#6903=CARTESIAN_POINT('Origin',(14.8002708218612,-9.,1.));
#6904=CARTESIAN_POINT('Ctrl Pts',(25.261817368083,-7.45114022555648,-1.1502403119444));
#6905=CARTESIAN_POINT('Ctrl Pts',(27.0538200753907,-7.96247422205074,-1.51856410072094));
#6906=CARTESIAN_POINT('Ctrl Pts',(28.5555193998115,-9.09360773517684,-1.827219652701));
#6907=CARTESIAN_POINT('Ctrl Pts',(26.6058193985638,-10.1653592770728,-1.4264831535268));
#6908=CARTESIAN_POINT('Ctrl Pts',(25.261817368083,-10.5488597744435,-1.1502403119444));
#6909=CARTESIAN_POINT('Ctrl Pts',(25.304426141761,-7.36843163886646,-1.09066371382482));
#6910=CARTESIAN_POINT('Ctrl Pts',(27.0942587068886,-7.89686429777849,-1.50163680862654));
#6911=CARTESIAN_POINT('Ctrl Pts',(28.5946462072479,-9.10120003841623,-1.84972569659554));
#6912=CARTESIAN_POINT('Ctrl Pts',(26.6468005656067,-10.2352438669495,-1.39889353492611));
#6913=CARTESIAN_POINT('Ctrl Pts',(25.304426141761,-10.6315683611335,-1.09066371382482));
#6914=CARTESIAN_POINT('Ctrl Pts',(25.3469006478366,-7.26383241164913,-1.06202686282372));
#6915=CARTESIAN_POINT('Ctrl Pts',(27.1347724814741,-7.83163445294571,-1.49920232649382));
#6916=CARTESIAN_POINT('Ctrl Pts',(28.633744590261,-9.10627995474871,-1.8650729246621));
#6917=CARTESIAN_POINT('Ctrl Pts',(26.6878045230648,-10.3103160573784,-1.3899084605763));
#6918=CARTESIAN_POINT('Ctrl Pts',(25.3469006478366,-10.7361675883509,-1.06202686282372));
#6919=CARTESIAN_POINT('Ctrl Pts',(25.3804860428851,-7.15890253226525,-1.07023238547762));
#6920=CARTESIAN_POINT('Ctrl Pts',(27.1724887501928,-7.7667146413056,-1.50805122874029));
#6921=CARTESIAN_POINT('Ctrl Pts',(28.6741880746136,-9.11126957200266,-1.87494367732037));
#6922=CARTESIAN_POINT('Ctrl Pts',(26.7244880733659,-10.3852383859545,-1.39859651792463));
#6923=CARTESIAN_POINT('Ctrl Pts',(25.3804860428851,-10.8410974677348,-1.07023238547762));
#6924=CARTESIAN_POINT('Origin',(14.9189394966633,-9.,1.48571364570158));
#6925=CARTESIAN_POINT('Ctrl Pts',(21.6186686748021,8.03528717277395,-0.151152005775514));
#6926=CARTESIAN_POINT('Ctrl Pts',(21.6186686748021,7.76735487735675,-0.151152005775514));
#6927=CARTESIAN_POINT('Ctrl Pts',(21.6616147258692,7.30715016131409,-0.16164450688851));
#6928=CARTESIAN_POINT('Ctrl Pts',(22.0803691909972,6.8101536544436,-0.26395383643682));
#6929=CARTESIAN_POINT('Ctrl Pts',(22.448595866096,6.7575158495489,-0.353918308193905));
#6930=CARTESIAN_POINT('Ctrl Pts',(22.6186686748021,6.79293240127347,-0.395470187593695));
#6931=CARTESIAN_POINT('Ctrl Pts',(21.7264301051987,8.03528717277395,-0.177480082520143));
#6932=CARTESIAN_POINT('Ctrl Pts',(21.7168571315027,7.77524890945686,-0.175337594808827));
#6933=CARTESIAN_POINT('Ctrl Pts',(21.7417588122869,7.33912301879613,-0.18136009008919));
#6934=CARTESIAN_POINT('Ctrl Pts',(22.1154652632953,6.87622078845724,-0.272710376245534));
#6935=CARTESIAN_POINT('Ctrl Pts',(22.4501054114033,6.83052143563811,-0.35430355172379));
#6936=CARTESIAN_POINT('Ctrl Pts',(22.6043985408412,6.86554902599629,-0.39198373441007));
#6937=CARTESIAN_POINT('Ctrl Pts',(21.9232304229319,8.03528717277394,-0.304589588267954));
#6938=CARTESIAN_POINT('Ctrl Pts',(21.8984049633145,7.79097070500325,-0.284010040733815));
#6939=CARTESIAN_POINT('Ctrl Pts',(21.892388212665,7.40300009573464,-0.260355219245685));
#6940=CARTESIAN_POINT('Ctrl Pts',(22.1789825330961,7.00831178952787,-0.317967789173889));
#6941=CARTESIAN_POINT('Ctrl Pts',(22.4457875371972,6.97648653052733,-0.385033998704691));
#6942=CARTESIAN_POINT('Ctrl Pts',(22.5679170858219,7.01071871896012,-0.417568463584359));
#6943=CARTESIAN_POINT('Ctrl Pts',(22.,8.03528717277395,-0.52593462107442));
#6944=CARTESIAN_POINT('Ctrl Pts',(21.9867978425594,7.80005495388478,-0.47708015122518));
#6945=CARTESIAN_POINT('Ctrl Pts',(21.9906614132399,7.44860676815583,-0.40205094395683));
#6946=CARTESIAN_POINT('Ctrl Pts',(22.2183391638991,7.11810279291439,-0.412332635889062));
#6947=CARTESIAN_POINT('Ctrl Pts',(22.4271573762275,7.09621505378725,-0.470129012124863));
#6948=CARTESIAN_POINT('Ctrl Pts',(22.5226456353447,7.12770197370904,-0.503155428494336));
#6949=CARTESIAN_POINT('Ctrl Pts',(22.,8.03528717277395,-0.636865651477088));
#6950=CARTESIAN_POINT('Ctrl Pts',(22.,7.80189182668839,-0.578265470705732));
#6951=CARTESIAN_POINT('Ctrl Pts',(22.0214730255336,7.4633848618192,-0.480752882530084));
#6952=CARTESIAN_POINT('Ctrl Pts',(22.2308502580976,7.16275097312373,-0.467648397200162));
#6953=CARTESIAN_POINT('Ctrl Pts',(22.414963595647,7.14415104790253,-0.522454030810052));
#6954=CARTESIAN_POINT('Ctrl Pts',(22.5,7.17346129760563,-0.556841793071947));
#6955=CARTESIAN_POINT('',(22.5,7.17346129760563,-0.556841793071948));
#6956=CARTESIAN_POINT('',(22.,8.03528717277395,-0.63686565147709));
#6957=CARTESIAN_POINT('Ctrl Pts',(22.,8.03528717277395,-0.636865651477088));
#6958=CARTESIAN_POINT('Ctrl Pts',(22.,7.80189182668839,-0.578265470705732));
#6959=CARTESIAN_POINT('Ctrl Pts',(22.0214730255336,7.4633848618192,-0.480752882530084));
#6960=CARTESIAN_POINT('Ctrl Pts',(22.2308502580976,7.16275097312373,-0.467648397200162));
#6961=CARTESIAN_POINT('Ctrl Pts',(22.414963595647,7.14415104790253,-0.522454030810052));
#6962=CARTESIAN_POINT('Ctrl Pts',(22.5,7.17346129760563,-0.556841793071947));
#6963=CARTESIAN_POINT('',(22.6186686748021,6.79293240127346,-0.395470187593694));
#6964=CARTESIAN_POINT('Origin',(22.5,6.79293240127346,-0.88118383329527));
#6965=CARTESIAN_POINT('',(21.6186686748021,8.03528717277395,-0.151152005775514));
#6966=CARTESIAN_POINT('Ctrl Pts',(22.6186686748021,6.79293240127347,-0.395470187593695));
#6967=CARTESIAN_POINT('Ctrl Pts',(22.448595866096,6.7575158495489,-0.353918308193905));
#6968=CARTESIAN_POINT('Ctrl Pts',(22.0803691909972,6.8101536544436,-0.26395383643682));
#6969=CARTESIAN_POINT('Ctrl Pts',(21.6616147258692,7.30715016131409,-0.16164450688851));
#6970=CARTESIAN_POINT('Ctrl Pts',(21.6186686748021,7.76735487735675,-0.151152005775514));
#6971=CARTESIAN_POINT('Ctrl Pts',(21.6186686748021,8.03528717277395,-0.151152005775514));
#6972=CARTESIAN_POINT('Origin',(21.5,8.03528717277395,-0.63686565147709));
#6973=CARTESIAN_POINT('Ctrl Pts',(25.,7.77248034087374,-1.06232768648888));
#6974=CARTESIAN_POINT('Ctrl Pts',(24.3361340174578,7.54696366423654,-0.928097730771083));
#6975=CARTESIAN_POINT('Ctrl Pts',(23.4878268761737,7.34370281136876,-0.756574813489516));
#6976=CARTESIAN_POINT('Ctrl Pts',(22.5,7.17346129760563,-0.556841793071948));
#6977=CARTESIAN_POINT('Ctrl Pts',(25.0418901394637,7.69712402403863,-1.01747479479739));
#6978=CARTESIAN_POINT('Ctrl Pts',(24.3788588042931,7.46123465747402,-0.865777888923212));
#6979=CARTESIAN_POINT('Ctrl Pts',(23.5315903411492,7.25169954184211,-0.673062717761889));
#6980=CARTESIAN_POINT('Ctrl Pts',(22.5452912706894,7.08194264981245,-0.449469063916725));
#6981=CARTESIAN_POINT('Ctrl Pts',(25.0837008564756,7.60702112974803,-0.99772236834346));
#6982=CARTESIAN_POINT('Ctrl Pts',(24.4214413022779,7.35291251478871,-0.83580651712263));
#6983=CARTESIAN_POINT('Ctrl Pts',(23.5751569823593,7.12540788744034,-0.629553216254404));
#6984=CARTESIAN_POINT('Ctrl Pts',(22.5901284068803,6.93816565071911,-0.388497281226443));
#6985=CARTESIAN_POINT('Ctrl Pts',(25.1186686748021,7.51674707855577,-1.00626564213915));
#6986=CARTESIAN_POINT('Ctrl Pts',(24.4548026922598,7.24424776095249,-0.844071112313483));
#6987=CARTESIAN_POINT('Ctrl Pts',(23.6064955509758,6.99864089707058,-0.636814253931589));
#6988=CARTESIAN_POINT('Ctrl Pts',(22.6186686748021,6.79293240127346,-0.395470187593694));
#6989=CARTESIAN_POINT('Origin',(14.9189394966633,9.,1.48571364570158));
#6990=CARTESIAN_POINT('Origin',(14.8002708218612,9.,1.));
#6991=CARTESIAN_POINT('Ctrl Pts',(22.6186686748021,11.2070675987265,-0.395470187593693));
#6992=CARTESIAN_POINT('Ctrl Pts',(22.4486011616742,11.2424830476815,-0.353919601999945));
#6993=CARTESIAN_POINT('Ctrl Pts',(22.1774929961967,11.2062195276967,-0.287682947934416));
#6994=CARTESIAN_POINT('Ctrl Pts',(21.690388816793,10.8018558012438,-0.168674540466472));
#6995=CARTESIAN_POINT('Ctrl Pts',(21.6186686748021,10.3219447642606,-0.151152005775513));
#6996=CARTESIAN_POINT('Ctrl Pts',(21.6186686748021,9.96471282722605,-0.151152005775513));
#6997=CARTESIAN_POINT('Ctrl Pts',(22.6043985408412,11.1344509740037,-0.391983734410068));
#6998=CARTESIAN_POINT('Ctrl Pts',(22.4501102156477,11.1694774737034,-0.354304724976324));
#6999=CARTESIAN_POINT('Ctrl Pts',(22.2038959972472,11.1382577069402,-0.294279190690933));
#7000=CARTESIAN_POINT('Ctrl Pts',(21.765974169644,10.7629255837916,-0.187230747125101));
#7001=CARTESIAN_POINT('Ctrl Pts',(21.7136665377038,10.3114197158571,-0.174623521186264));
#7002=CARTESIAN_POINT('Ctrl Pts',(21.7264301051987,9.96471282722605,-0.177480082520143));
#7003=CARTESIAN_POINT('Ctrl Pts',(22.5679166860087,10.9892825631007,-0.417571192787434));
#7004=CARTESIAN_POINT('Ctrl Pts',(22.445790940147,11.0235136856416,-0.385037740937439));
#7005=CARTESIAN_POINT('Ctrl Pts',(22.2498432271879,11.0023800628102,-0.335861283609961));
#7006=CARTESIAN_POINT('Ctrl Pts',(21.9082442965662,10.685118338316,-0.260621244927668));
#7007=CARTESIAN_POINT('Ctrl Pts',(21.8901192478603,10.2904579745039,-0.277160147471761));
#7008=CARTESIAN_POINT('Ctrl Pts',(21.9232188300255,9.96471282722605,-0.304598689800035));
#7009=CARTESIAN_POINT('Ctrl Pts',(22.5226456353447,10.872298026291,-0.503155428494336));
#7010=CARTESIAN_POINT('Ctrl Pts',(22.4271603494572,10.9037839658006,-0.470130040472484));
#7011=CARTESIAN_POINT('Ctrl Pts',(22.2737222879049,10.8895169912349,-0.427975409498978));
#7012=CARTESIAN_POINT('Ctrl Pts',(22.0041770546004,10.6263712054216,-0.392052424778063));
#7013=CARTESIAN_POINT('Ctrl Pts',(21.9823976715155,10.278346019805,-0.460797356192384));
#7014=CARTESIAN_POINT('Ctrl Pts',(22.,9.96471282722605,-0.525934621074422));
#7015=CARTESIAN_POINT('Ctrl Pts',(22.5,10.8265387023944,-0.556841793071948));
#7016=CARTESIAN_POINT('Ctrl Pts',(22.414966243436,10.8558480394606,-0.522455101546069));
#7017=CARTESIAN_POINT('Ctrl Pts',(22.2794121606973,10.8436215523379,-0.482564295676586));
#7018=CARTESIAN_POINT('Ctrl Pts',(22.0358600709954,10.6054710423859,-0.465465202256642));
#7019=CARTESIAN_POINT('Ctrl Pts',(22.,10.2758969323268,-0.558734509970118));
#7020=CARTESIAN_POINT('Ctrl Pts',(22.,9.96471282722605,-0.63686565147709));
#7021=CARTESIAN_POINT('',(22.5,10.8265387023944,-0.556841793071948));
#7022=CARTESIAN_POINT('',(22.6186686748021,11.2070675987265,-0.395470187593695));
#7023=CARTESIAN_POINT('Origin',(22.5,11.2070675987265,-0.88118383329527));
#7024=CARTESIAN_POINT('',(22.,9.96471282722605,-0.63686565147709));
#7025=CARTESIAN_POINT('Ctrl Pts',(22.5,10.8265387023944,-0.556841793071948));
#7026=CARTESIAN_POINT('Ctrl Pts',(22.414966243436,10.8558480394606,-0.522455101546069));
#7027=CARTESIAN_POINT('Ctrl Pts',(22.2794121606973,10.8436215523379,-0.482564295676586));
#7028=CARTESIAN_POINT('Ctrl Pts',(22.0358600709954,10.6054710423859,-0.465465202256642));
#7029=CARTESIAN_POINT('Ctrl Pts',(22.,10.2758969323268,-0.558734509970118));
#7030=CARTESIAN_POINT('Ctrl Pts',(22.,9.96471282722605,-0.63686565147709));
#7031=CARTESIAN_POINT('',(21.6186686748021,9.96471282722605,-0.151152005775514));
#7032=CARTESIAN_POINT('Origin',(21.5,9.96471282722605,-0.63686565147709));
#7033=CARTESIAN_POINT('Ctrl Pts',(21.6186686748021,9.96471282722605,-0.151152005775513));
#7034=CARTESIAN_POINT('Ctrl Pts',(21.6186686748021,10.3219447642606,-0.151152005775513));
#7035=CARTESIAN_POINT('Ctrl Pts',(21.690388816793,10.8018558012438,-0.168674540466472));
#7036=CARTESIAN_POINT('Ctrl Pts',(22.1774929961967,11.2062195276967,-0.287682947934416));
#7037=CARTESIAN_POINT('Ctrl Pts',(22.4486011616742,11.2424830476815,-0.353919601999945));
#7038=CARTESIAN_POINT('Ctrl Pts',(22.6186686748021,11.2070675987265,-0.395470187593693));
#7039=CARTESIAN_POINT('Origin',(22.5,9.,1.));
#7040=CARTESIAN_POINT('Origin',(22.,9.,1.));
#7041=CARTESIAN_POINT('Origin',(22.5,9.,1.));
#7042=CARTESIAN_POINT('Origin',(21.5,-8.545845821634E-16,-0.636865651477091));
#7043=CARTESIAN_POINT('',(22.,-1.02738194008171E-15,-0.636865651477091));
#7044=CARTESIAN_POINT('',(21.6186686748021,-9.58668918353516E-16,-0.151152005775515));
#7045=CARTESIAN_POINT('Ctrl Pts',(22.5,10.8265387023944,-0.556841793071947));
#7046=CARTESIAN_POINT('Ctrl Pts',(23.4878268761737,10.6562971886312,-0.756574813489515));
#7047=CARTESIAN_POINT('Ctrl Pts',(24.3361340174577,10.4530363357635,-0.928097730771083));
#7048=CARTESIAN_POINT('Ctrl Pts',(25.,10.2275196591263,-1.06232768648888));
#7049=CARTESIAN_POINT('Ctrl Pts',(22.5452912706894,10.9180573501876,-0.449469063916724));
#7050=CARTESIAN_POINT('Ctrl Pts',(23.5315903411492,10.7483004581579,-0.673062717761887));
#7051=CARTESIAN_POINT('Ctrl Pts',(24.3788588042931,10.538765342526,-0.865777888923211));
#7052=CARTESIAN_POINT('Ctrl Pts',(25.0418901394637,10.3028759759614,-1.01747479479739));
#7053=CARTESIAN_POINT('Ctrl Pts',(22.5901284068803,11.0618343492809,-0.388497281226441));
#7054=CARTESIAN_POINT('Ctrl Pts',(23.5751569823593,10.8745921125597,-0.629553216254403));
#7055=CARTESIAN_POINT('Ctrl Pts',(24.4214413022779,10.6470874852113,-0.83580651712263));
#7056=CARTESIAN_POINT('Ctrl Pts',(25.0837008564756,10.392978870252,-0.997722368343459));
#7057=CARTESIAN_POINT('Ctrl Pts',(22.6186686748021,11.2070675987265,-0.395470187593693));
#7058=CARTESIAN_POINT('Ctrl Pts',(23.6064955509758,11.0013591029294,-0.636814253931588));
#7059=CARTESIAN_POINT('Ctrl Pts',(24.4548026922598,10.7557522390475,-0.844071112313483));
#7060=CARTESIAN_POINT('Ctrl Pts',(25.1186686748021,10.4832529214442,-1.00626564213915));
#7061=CARTESIAN_POINT('Origin',(14.8002708218612,9.,1.));
#7062=CARTESIAN_POINT('Origin',(14.9189394966633,9.,1.48571364570158));
#7063=CARTESIAN_POINT('Origin',(25.,9.,1.));
#7064=CARTESIAN_POINT('Origin',(22.,9.,0.625));
#7065=CARTESIAN_POINT('Origin',(29.8,-9.00000000000001,-2.15));
#7066=CARTESIAN_POINT('',(29.8,-9.00000000000001,-2.15));
#7067=CARTESIAN_POINT('',(29.8,9.,-2.15));
#7068=CARTESIAN_POINT('',(29.8,-9.00000000000001,-2.15));
#7069=CARTESIAN_POINT('',(29.8,-9.00000000000001,-2.15));
#7070=CARTESIAN_POINT('',(29.8,9.,-2.15));
#7071=CARTESIAN_POINT('Ctrl Pts',(21.5676651336389,12.8500006873657,1.99999913131887));
#7072=CARTESIAN_POINT('Ctrl Pts',(21.5676689771947,12.85,2.));
#7073=CARTESIAN_POINT('Ctrl Pts',(21.5841865545843,12.85,2.));
#7074=CARTESIAN_POINT('Ctrl Pts',(21.7002718835072,12.85,2.));
#7075=CARTESIAN_POINT('Ctrl Pts',(21.9074434881995,12.85,2.));
#7076=CARTESIAN_POINT('Ctrl Pts',(22.1832597465417,12.85,2.));
#7077=CARTESIAN_POINT('Ctrl Pts',(22.7460346100888,12.85,2.));
#7078=CARTESIAN_POINT('Ctrl Pts',(23.6054485905387,12.85,2.));
#7079=CARTESIAN_POINT('Ctrl Pts',(25.8763575676441,12.85,2.));
#7080=CARTESIAN_POINT('Ctrl Pts',(27.6542230110193,12.85,2.));
#7081=CARTESIAN_POINT('Ctrl Pts',(28.9940455199404,12.85,2.));
#7082=CARTESIAN_POINT('Ctrl Pts',(21.1479345282715,12.85,2.));
#7083=CARTESIAN_POINT('Ctrl Pts',(21.1850129870165,12.8419216279813,2.04185305347533));
#7084=CARTESIAN_POINT('Ctrl Pts',(21.2800803171631,12.821818893012,2.13035271621037));
#7085=CARTESIAN_POINT('Ctrl Pts',(21.4818849295628,12.7878591478628,2.24272934474882));
#7086=CARTESIAN_POINT('Ctrl Pts',(21.7304715790405,12.7598106674229,2.3118452857219));
#7087=CARTESIAN_POINT('Ctrl Pts',(22.0291444153909,12.7353758595104,2.36042678158712));
#7088=CARTESIAN_POINT('Ctrl Pts',(22.6090711537211,12.6986193428508,2.4176483709715));
#7089=CARTESIAN_POINT('Ctrl Pts',(23.4550193463049,12.6616523409408,2.44357180862195));
#7090=CARTESIAN_POINT('Ctrl Pts',(25.6514846265825,12.5743196853319,2.45218182294234));
#7091=CARTESIAN_POINT('Ctrl Pts',(27.3264493946021,12.4675309454295,2.42006348613756));
#7092=CARTESIAN_POINT('Ctrl Pts',(28.601282932722,12.3686392720335,2.36251363850754));
#7093=CARTESIAN_POINT('Ctrl Pts',(20.7282281346492,12.9021628296612,2.01009496152255));
#7094=CARTESIAN_POINT('Ctrl Pts',(20.8023709191221,12.8766220538262,2.09252232978307));
#7095=CARTESIAN_POINT('Ctrl Pts',(20.9759779411932,12.8239501111259,2.26757955644142));
#7096=CARTESIAN_POINT('Ctrl Pts',(21.2635004935365,12.7566295702212,2.49342814000018));
#7097=CARTESIAN_POINT('Ctrl Pts',(21.553504003734,12.7088236970601,2.63498103826262));
#7098=CARTESIAN_POINT('Ctrl Pts',(21.8750359178765,12.6685189246054,2.73599643981372));
#7099=CARTESIAN_POINT('Ctrl Pts',(22.4721194506663,12.608178906921,2.85718365133999));
#7100=CARTESIAN_POINT('Ctrl Pts',(23.3046075256885,12.544260737803,2.9170670433902));
#7101=CARTESIAN_POINT('Ctrl Pts',(25.4266615556543,12.3826369255757,2.95389463442355));
#7102=CARTESIAN_POINT('Ctrl Pts',(26.9987547341435,12.1824341956766,2.92326163615479));
#7103=CARTESIAN_POINT('Ctrl Pts',(28.2087454376497,11.9823524703455,2.85069633627421));
#7104=CARTESIAN_POINT('Ctrl Pts',(20.3217340445015,13.0048498966195,2.02996777127119));
#7105=CARTESIAN_POINT('Ctrl Pts',(20.4294524197569,12.9532985803009,2.15047102936744));
#7106=CARTESIAN_POINT('Ctrl Pts',(20.677412441447,12.8563895479333,2.40902625206353));
#7107=CARTESIAN_POINT('Ctrl Pts',(21.0494206870499,12.7568463917306,2.74752927819123));
#7108=CARTESIAN_POINT('Ctrl Pts',(21.3808875059018,12.6982370585338,2.96171576101691));
#7109=CARTESIAN_POINT('Ctrl Pts',(21.7255586720622,12.6513797740029,3.11566761279282));
#7110=CARTESIAN_POINT('Ctrl Pts',(22.3404505132237,12.5820335485738,3.30207868189993));
#7111=CARTESIAN_POINT('Ctrl Pts',(23.1609791081842,12.5030222020442,3.39913621025031));
#7112=CARTESIAN_POINT('Ctrl Pts',(25.2140330229532,12.2854139445684,3.47690598228737));
#7113=CARTESIAN_POINT('Ctrl Pts',(26.6938045450504,12.0136225951382,3.47272652363815));
#7114=CARTESIAN_POINT('Ctrl Pts',(27.8519964448935,11.7261367000384,3.42031934639958));
#7115=CARTESIAN_POINT('',(27.8519964448935,11.7261367000384,3.42031934639958));
#7116=CARTESIAN_POINT('Ctrl Pts',(27.8519964448935,11.7261367000384,3.42031934639958));
#7117=CARTESIAN_POINT('Ctrl Pts',(27.8467202276594,11.728498086862,3.41886967914262));
#7118=CARTESIAN_POINT('Ctrl Pts',(27.8414423493654,11.7308548304335,3.41741854738297));
#7119=CARTESIAN_POINT('Ctrl Pts',(27.6828622296238,11.8015057090266,3.37378506252425));
#7120=CARTESIAN_POINT('Ctrl Pts',(27.5283024627582,11.8658512487414,3.33036058707676));
#7121=CARTESIAN_POINT('Ctrl Pts',(26.9064962374045,12.1118856454297,3.14440802200817));
#7122=CARTESIAN_POINT('Ctrl Pts',(26.4232103558734,12.2706885619804,2.97801631643362));
#7123=CARTESIAN_POINT('Ctrl Pts',(25.5493529836723,12.5937971301523,2.47685415366471));
#7124=CARTESIAN_POINT('Ctrl Pts',(25.2439334692569,12.7254815493017,2.22659245158297));
#7125=CARTESIAN_POINT('Ctrl Pts',(25.,12.85,2.));
#7126=CARTESIAN_POINT('',(21.,12.7730794693205,2.69228477611595));
#7127=CARTESIAN_POINT('Ctrl Pts',(21.5676689771947,12.85,2.));
#7128=CARTESIAN_POINT('Ctrl Pts',(21.5664919880245,12.85,2.));
#7129=CARTESIAN_POINT('Ctrl Pts',(21.5653149832201,12.8499994293206,2.00000513611462));
#7130=CARTESIAN_POINT('Ctrl Pts',(21.5252306154401,12.8499607107057,2.00035360364833));
#7131=CARTESIAN_POINT('Ctrl Pts',(21.4862496443997,12.8493072454073,2.00623479133399));
#7132=CARTESIAN_POINT('Ctrl Pts',(21.4157740177533,12.8471516772856,2.02563490443002));
#7133=CARTESIAN_POINT('Ctrl Pts',(21.3839098729223,12.8457673905798,2.03809348478219));
#7134=CARTESIAN_POINT('Ctrl Pts',(21.2965274482413,12.8408731269489,2.08214185745956));
#7135=CARTESIAN_POINT('Ctrl Pts',(21.244974777921,12.8365859039641,2.12072686432294));
#7136=CARTESIAN_POINT('Ctrl Pts',(21.1373598549189,12.82438547758,2.2305307017798));
#7137=CARTESIAN_POINT('Ctrl Pts',(21.0890045745371,12.8158323185592,2.3075091329673));
#7138=CARTESIAN_POINT('Ctrl Pts',(21.0176942674948,12.7959133264178,2.48678006223953));
#7139=CARTESIAN_POINT('Ctrl Pts',(21.,12.7845455290096,2.58909023891371));
#7140=CARTESIAN_POINT('Ctrl Pts',(21.,12.7730794693204,2.69228477611596));
#7141=CARTESIAN_POINT('Ctrl Pts',(21.0000956115862,12.7735981737606,2.69231570725182));
#7142=CARTESIAN_POINT('Ctrl Pts',(21.1438655400695,12.7401734822676,2.80842734446624));
#7143=CARTESIAN_POINT('Ctrl Pts',(21.3931280775443,12.6965729798275,2.96718317127969));
#7144=CARTESIAN_POINT('Ctrl Pts',(21.7255586720622,12.6513797740029,3.11566761279282));
#7145=CARTESIAN_POINT('Ctrl Pts',(22.3404505132237,12.5820335485738,3.30207868189993));
#7146=CARTESIAN_POINT('Ctrl Pts',(23.1609791081842,12.5030222020442,3.39913621025031));
#7147=CARTESIAN_POINT('Ctrl Pts',(25.2140330229532,12.2854139445684,3.47690598228737));
#7148=CARTESIAN_POINT('Ctrl Pts',(26.6938045450504,12.0136225951382,3.47272652363815));
#7149=CARTESIAN_POINT('Ctrl Pts',(27.8519964448935,11.7261367000384,3.42031934639958));
#7150=CARTESIAN_POINT('Ctrl Pts',(29.8,11.3567009965138,-1.09008622143463));
#7151=CARTESIAN_POINT('Ctrl Pts',(26.8666666666667,11.8544673310092,-0.0600574809564172));
#7152=CARTESIAN_POINT('Ctrl Pts',(23.9333333333333,12.3522336655046,0.969971259521796));
#7153=CARTESIAN_POINT('Ctrl Pts',(21.,12.85,2.00000000000001));
#7154=CARTESIAN_POINT('Ctrl Pts',(29.8,11.8137947834517,-0.574684812569637));
#7155=CARTESIAN_POINT('Ctrl Pts',(26.8666666666667,12.1397585436429,0.455922276496559));
#7156=CARTESIAN_POINT('Ctrl Pts',(23.9333333333333,12.4668933826659,1.48367862521953));
#7157=CARTESIAN_POINT('Ctrl Pts',(21.,12.7928571428571,2.51428571428572));
#7158=CARTESIAN_POINT('Ctrl Pts',(29.8,12.3760520246238,0.766770638009284));
#7159=CARTESIAN_POINT('Ctrl Pts',(26.8666666666667,12.4767301011535,1.69200823808372));
#7160=CARTESIAN_POINT('Ctrl Pts',(23.9333333333333,12.5778933520417,2.61761954278272));
#7161=CARTESIAN_POINT('Ctrl Pts',(21.,12.6785714285714,3.54285714285715));
#7162=CARTESIAN_POINT('Ctrl Pts',(29.8,11.9101628341528,2.51991657669421));
#7163=CARTESIAN_POINT('Ctrl Pts',(26.8666666666667,12.118044558698,3.28913276560805));
#7164=CARTESIAN_POINT('Ctrl Pts',(23.9333333333333,12.3278325611691,4.0593552396576));
#7165=CARTESIAN_POINT('Ctrl Pts',(21.,12.5357142857143,4.82857142857143));
#7166=CARTESIAN_POINT('Ctrl Pts',(29.8,10.7168339107911,3.79644917053854));
#7167=CARTESIAN_POINT('Ctrl Pts',(26.8666666666667,11.2757604179222,4.56916714798755));
#7168=CARTESIAN_POINT('Ctrl Pts',(23.9333333333333,11.833930635726,5.3415677368367));
#7169=CARTESIAN_POINT('Ctrl Pts',(21.,12.3928571428572,6.11428571428572));
#7170=CARTESIAN_POINT('Ctrl Pts',(29.8,9.68889283805046,4.15));
#7171=CARTESIAN_POINT('Ctrl Pts',(26.8666666666667,10.5605752227943,5.06025631734839));
#7172=CARTESIAN_POINT('Ctrl Pts',(23.9333333333333,11.4354604723991,5.9754579683659));
#7173=CARTESIAN_POINT('Ctrl Pts',(21.,12.3071428571429,6.88571428571429));
#7174=CARTESIAN_POINT('Ctrl Pts',(29.8,9.,4.15));
#7175=CARTESIAN_POINT('Ctrl Pts',(26.8666666666667,10.0833333333333,5.23333333333333));
#7176=CARTESIAN_POINT('Ctrl Pts',(23.9333333333333,11.1666666666667,6.31666666666667));
#7177=CARTESIAN_POINT('Ctrl Pts',(21.,12.25,7.4));
#7178=CARTESIAN_POINT('',(26.9279785330931,12.3114046807358,1.99999999999969));
#7179=CARTESIAN_POINT('Ctrl Pts',(27.8519964448935,11.7261367000384,3.42031934639958));
#7180=CARTESIAN_POINT('Ctrl Pts',(27.7468216209743,11.8210792314669,3.31457094281281));
#7181=CARTESIAN_POINT('Ctrl Pts',(27.4110159693589,12.074372831833,2.98528562765524));
#7182=CARTESIAN_POINT('Ctrl Pts',(26.9664688913807,12.2642793795519,2.52360248308412));
#7183=CARTESIAN_POINT('Ctrl Pts',(26.9280982476461,12.3064101883805,2.07988471074255));
#7184=CARTESIAN_POINT('Ctrl Pts',(26.9311534937011,12.310918099649,1.99954363493948));
#7185=CARTESIAN_POINT('',(21.,12.25,7.4));
#7186=CARTESIAN_POINT('',(21.,12.85,2.));
#7187=CARTESIAN_POINT('',(29.8,9.,4.15));
#7188=CARTESIAN_POINT('',(29.8,9.,4.15));
#7189=CARTESIAN_POINT('',(29.8,11.3567009965138,-1.09008622143463));
#7190=CARTESIAN_POINT('Origin',(29.8,9.,1.));
#7191=CARTESIAN_POINT('',(26.695633952838,11.883490397046,0.));
#7192=CARTESIAN_POINT('',(29.8,11.3567009965138,-1.09008622143463));
#7193=CARTESIAN_POINT('',(28.5594256384517,11.9457740402132,9.58130319875239E-11));
#7194=CARTESIAN_POINT('Ctrl Pts',(26.695633952838,11.883490397046,-4.43041277454759E-17));
#7195=CARTESIAN_POINT('Ctrl Pts',(27.2837610279791,11.8942400674,-4.43041277454759E-17));
#7196=CARTESIAN_POINT('Ctrl Pts',(27.8983707667696,11.9204777499976,-4.43041277454759E-17));
#7197=CARTESIAN_POINT('Ctrl Pts',(28.5594256384549,11.9457740401303,-4.43041277454759E-17));
#7198=CARTESIAN_POINT('Ctrl Pts',(26.927957899466,12.3111542506869,1.999985192036));
#7199=CARTESIAN_POINT('Ctrl Pts',(26.9320560015787,12.3171999687351,1.89203056697371));
#7200=CARTESIAN_POINT('Ctrl Pts',(26.9916529028223,12.319413021631,1.58449327486792));
#7201=CARTESIAN_POINT('Ctrl Pts',(27.3432853198155,12.2570366736069,1.07199006802257));
#7202=CARTESIAN_POINT('Ctrl Pts',(27.9153799429698,12.1265405541448,0.514376045233795));
#7203=CARTESIAN_POINT('Ctrl Pts',(28.3393421814031,12.0099783404701,0.167152085065408));
#7204=CARTESIAN_POINT('Ctrl Pts',(28.5531149378397,11.94452587421,-0.00233599941684767));
#7205=CARTESIAN_POINT('Ctrl Pts',(28.9940455199404,-12.85,2.));
#7206=CARTESIAN_POINT('Ctrl Pts',(27.6542230110192,-12.85,2.));
#7207=CARTESIAN_POINT('Ctrl Pts',(25.8774950633689,-12.85,2.));
#7208=CARTESIAN_POINT('Ctrl Pts',(23.6049081159435,-12.85,2.));
#7209=CARTESIAN_POINT('Ctrl Pts',(22.6527336182148,-12.85,2.));
#7210=CARTESIAN_POINT('Ctrl Pts',(21.9921927458386,-12.85,2.));
#7211=CARTESIAN_POINT('Ctrl Pts',(21.6999678356964,-12.85,2.));
#7212=CARTESIAN_POINT('Ctrl Pts',(21.5843075635967,-12.85,2.));
#7213=CARTESIAN_POINT('Ctrl Pts',(21.5676689771947,-12.85,2.));
#7214=CARTESIAN_POINT('Ctrl Pts',(21.5676651336389,-12.8500006873657,1.99999913131887));
#7215=CARTESIAN_POINT('Ctrl Pts',(28.601282932722,-12.3686392720335,2.36251363850754));
#7216=CARTESIAN_POINT('Ctrl Pts',(27.3264493946021,-12.4675309454295,2.42006348613756));
#7217=CARTESIAN_POINT('Ctrl Pts',(25.6524961686514,-12.5742682739431,2.4521253768646));
#7218=CARTESIAN_POINT('Ctrl Pts',(23.4545938482087,-12.6616905894207,2.44362881172157));
#7219=CARTESIAN_POINT('Ctrl Pts',(22.5169954060705,-12.7027337361185,2.4145404138314));
#7220=CARTESIAN_POINT('Ctrl Pts',(21.8314907011876,-12.7484941969195,2.33935166984564));
#7221=CARTESIAN_POINT('Ctrl Pts',(21.4816182614547,-12.7878735204824,2.24274508170259));
#7222=CARTESIAN_POINT('Ctrl Pts',(21.2801817946554,-12.8218120771823,2.13034404755078));
#7223=CARTESIAN_POINT('Ctrl Pts',(21.1850129870165,-12.8419216279813,2.04185305347533));
#7224=CARTESIAN_POINT('Ctrl Pts',(21.1479345282715,-12.85,2.));
#7225=CARTESIAN_POINT('Ctrl Pts',(28.2087454376497,-11.9823524703455,2.85069633627421));
#7226=CARTESIAN_POINT('Ctrl Pts',(26.9987547341436,-12.1824341956766,2.9232616361548));
#7227=CARTESIAN_POINT('Ctrl Pts',(25.4275468375236,-12.3825943821928,2.95381589740554));
#7228=CARTESIAN_POINT('Ctrl Pts',(23.3042968602702,-12.5442752892447,2.91715340830571));
#7229=CARTESIAN_POINT('Ctrl Pts',(22.381268125378,-12.6153390733896,2.85010084615113));
#7230=CARTESIAN_POINT('Ctrl Pts',(21.6707936009278,-12.6896684437585,2.69139192989649));
#7231=CARTESIAN_POINT('Ctrl Pts',(21.2632711668853,-12.7566383096869,2.49345027952868));
#7232=CARTESIAN_POINT('Ctrl Pts',(20.9760598686021,-12.8239478689156,2.26756703919553));
#7233=CARTESIAN_POINT('Ctrl Pts',(20.8023709191221,-12.8766220538262,2.09252232978305));
#7234=CARTESIAN_POINT('Ctrl Pts',(20.7282281346492,-12.9021628296612,2.01009496152254));
#7235=CARTESIAN_POINT('Ctrl Pts',(27.8519964448935,-11.7261367000384,3.42031934639958));
#7236=CARTESIAN_POINT('Ctrl Pts',(26.6938045450504,-12.0136225951382,3.47272652363817));
#7237=CARTESIAN_POINT('Ctrl Pts',(25.2148057473598,-12.2854412502603,3.47681794071232));
#7238=CARTESIAN_POINT('Ctrl Pts',(23.1607746139289,-12.5029495967345,3.39924198020956));
#7239=CARTESIAN_POINT('Ctrl Pts',(22.2506721093748,-12.5909655482064,3.29067319555911));
#7240=CARTESIAN_POINT('Ctrl Pts',(21.5144940116205,-12.6749876068146,3.04713702322868));
#7241=CARTESIAN_POINT('Ctrl Pts',(21.0492253014251,-12.75682916177,2.74755449089904));
#7242=CARTESIAN_POINT('Ctrl Pts',(20.6774768579692,-12.8564033523239,2.40901186719932));
#7243=CARTESIAN_POINT('Ctrl Pts',(20.4294524197569,-12.9532985803009,2.15047102936741));
#7244=CARTESIAN_POINT('Ctrl Pts',(20.3217340445014,-13.0048498966195,2.02996777127118));
#7245=CARTESIAN_POINT('',(21.5676689771947,-12.85,2.));
#7246=CARTESIAN_POINT('',(21.,-12.7730794693205,2.69228477611595));
#7247=CARTESIAN_POINT('Ctrl Pts',(21.,-12.7730794693205,2.69228477611596));
#7248=CARTESIAN_POINT('Ctrl Pts',(21.,-12.7845455436592,2.58909010706758));
#7249=CARTESIAN_POINT('Ctrl Pts',(21.0176943127089,-12.7959133553004,2.48677980229649));
#7250=CARTESIAN_POINT('Ctrl Pts',(21.0890047541106,-12.8158323544855,2.30750880963022));
#7251=CARTESIAN_POINT('Ctrl Pts',(21.1373600636217,-12.8243855086749,2.23053042192623));
#7252=CARTESIAN_POINT('Ctrl Pts',(21.2449749923333,-12.8365859229924,2.12072669306828));
#7253=CARTESIAN_POINT('Ctrl Pts',(21.2965276366381,-12.8408731399806,2.08214174017474));
#7254=CARTESIAN_POINT('Ctrl Pts',(21.3839100055908,-12.8457673966866,2.03809342982058));
#7255=CARTESIAN_POINT('Ctrl Pts',(21.4157741294251,-12.8471516814388,2.02563486705097));
#7256=CARTESIAN_POINT('Ctrl Pts',(21.4862497052741,-12.8493072464238,2.00623478218588));
#7257=CARTESIAN_POINT('Ctrl Pts',(21.5252306458595,-12.8499607107351,2.00035360338388));
#7258=CARTESIAN_POINT('Ctrl Pts',(21.5653149832201,-12.8499994293206,2.00000513611462));
#7259=CARTESIAN_POINT('Ctrl Pts',(21.5664919880244,-12.85,2.));
#7260=CARTESIAN_POINT('Ctrl Pts',(21.5676689771947,-12.85,2.));
#7261=CARTESIAN_POINT('',(25.,-12.85,2.));
#7262=CARTESIAN_POINT('',(25.,-12.85,2.));
#7263=CARTESIAN_POINT('',(27.8519964448935,-11.7261367000384,3.42031934639958));
#7264=CARTESIAN_POINT('Ctrl Pts',(25.,-12.85,2.));
#7265=CARTESIAN_POINT('Ctrl Pts',(25.2439323573841,-12.7254821168691,2.22659141875219));
#7266=CARTESIAN_POINT('Ctrl Pts',(25.5493504697202,-12.5937981838578,2.47685211752726));
#7267=CARTESIAN_POINT('Ctrl Pts',(26.423146076243,-12.2707121792291,2.9779801703253));
#7268=CARTESIAN_POINT('Ctrl Pts',(26.9063591736141,-12.1119301848808,3.14435842781258));
#7269=CARTESIAN_POINT('Ctrl Pts',(27.5281461531687,-11.8659163070204,3.33031669201502));
#7270=CARTESIAN_POINT('Ctrl Pts',(27.6827853246771,-11.8015399949773,3.37376390673087));
#7271=CARTESIAN_POINT('Ctrl Pts',(27.8414431368381,-11.7308544788005,3.41741876389664));
#7272=CARTESIAN_POINT('Ctrl Pts',(27.8467206214517,-11.7284979106191,3.41886978733904));
#7273=CARTESIAN_POINT('Ctrl Pts',(27.8519964448935,-11.7261367000384,3.42031934639957));
#7274=CARTESIAN_POINT('Ctrl Pts',(27.8519964448935,-11.7261367000384,3.42031934639958));
#7275=CARTESIAN_POINT('Ctrl Pts',(26.6938045450504,-12.0136225951382,3.47272652363817));
#7276=CARTESIAN_POINT('Ctrl Pts',(25.2148057473598,-12.2854412502603,3.47681794071232));
#7277=CARTESIAN_POINT('Ctrl Pts',(23.1607746139289,-12.5029495967345,3.39924198020956));
#7278=CARTESIAN_POINT('Ctrl Pts',(22.2506721093748,-12.5909655482064,3.29067319555911));
#7279=CARTESIAN_POINT('Ctrl Pts',(21.5257038013655,-12.6737082022605,3.05084535046015));
#7280=CARTESIAN_POINT('Ctrl Pts',(21.1439257109226,-12.7401958005203,2.80840657884869));
#7281=CARTESIAN_POINT('Ctrl Pts',(21.0000870210376,-12.7736006551138,2.69232692944313));
#7282=CARTESIAN_POINT('Ctrl Pts',(29.8,-9.00000000000001,4.15));
#7283=CARTESIAN_POINT('Ctrl Pts',(26.8666666666667,-10.0833333333333,5.23333333333333));
#7284=CARTESIAN_POINT('Ctrl Pts',(23.9333333333333,-11.1666666666667,6.31666666666667));
#7285=CARTESIAN_POINT('Ctrl Pts',(21.,-12.25,7.4));
#7286=CARTESIAN_POINT('Ctrl Pts',(29.8,-9.68889283805046,4.15));
#7287=CARTESIAN_POINT('Ctrl Pts',(26.8666666666667,-10.5620947689519,5.06098220362307));
#7288=CARTESIAN_POINT('Ctrl Pts',(23.9333333333333,-11.4339409262415,5.97473208209122));
#7289=CARTESIAN_POINT('Ctrl Pts',(21.,-12.3071428571429,6.88571428571429));
#7290=CARTESIAN_POINT('Ctrl Pts',(29.8,-11.065583476093,3.68057607829973));
#7291=CARTESIAN_POINT('Ctrl Pts',(26.8666666666667,-11.5173313368342,4.40605999547944));
#7292=CARTESIAN_POINT('Ctrl Pts',(23.9333333333333,-11.9696807106874,5.13165893996314));
#7293=CARTESIAN_POINT('Ctrl Pts',(21.,-12.4214285714286,5.85714285714286));
#7294=CARTESIAN_POINT('Ctrl Pts',(29.8,-12.0680889373673,2.16877046240848));
#7295=CARTESIAN_POINT('Ctrl Pts',(26.8666666666667,-12.2328152917465,2.96940366230504));
#7296=CARTESIAN_POINT('Ctrl Pts',(23.9333333333333,-12.3995593599065,3.77079537153201));
#7297=CARTESIAN_POINT('Ctrl Pts',(21.,-12.5642857142857,4.57142857142857));
#7298=CARTESIAN_POINT('Ctrl Pts',(29.8,-12.2313414121729,0.428966447023826));
#7299=CARTESIAN_POINT('Ctrl Pts',(26.8666666666667,-12.3901883171028,1.38133413698646));
#7300=CARTESIAN_POINT('Ctrl Pts',(23.9333333333333,-12.548295952213,2.33334659575165));
#7301=CARTESIAN_POINT('Ctrl Pts',(21.,-12.7071428571429,3.28571428571429));
#7302=CARTESIAN_POINT('Ctrl Pts',(29.8,-11.8137947834517,-0.574684812569642));
#7303=CARTESIAN_POINT('Ctrl Pts',(26.8666666666667,-12.1382072168512,0.455267053943267));
#7304=CARTESIAN_POINT('Ctrl Pts',(23.9333333333333,-12.4684447094576,1.48433384777281));
#7305=CARTESIAN_POINT('Ctrl Pts',(21.,-12.7928571428571,2.51428571428572));
#7306=CARTESIAN_POINT('Ctrl Pts',(29.8,-11.3567009965138,-1.09008622143463));
#7307=CARTESIAN_POINT('Ctrl Pts',(26.8666666666667,-11.8544673310092,-0.0600574809564229));
#7308=CARTESIAN_POINT('Ctrl Pts',(23.9333333333333,-12.3522336655046,0.969971259521789));
#7309=CARTESIAN_POINT('Ctrl Pts',(21.,-12.85,2.));
#7310=CARTESIAN_POINT('',(26.9279785330931,-12.3114046807358,1.99999999999969));
#7311=CARTESIAN_POINT('Ctrl Pts',(26.9279454148364,-12.3110001137392,1.99997642072257));
#7312=CARTESIAN_POINT('Ctrl Pts',(26.9244551308264,-12.3066122744366,2.08016408225364));
#7313=CARTESIAN_POINT('Ctrl Pts',(26.9458490866538,-12.2821486823389,2.34190602683014));
#7314=CARTESIAN_POINT('Ctrl Pts',(27.1616574714871,-12.1828986385959,2.71686855102366));
#7315=CARTESIAN_POINT('Ctrl Pts',(27.5092952802184,-11.9916784035703,3.09605861888102));
#7316=CARTESIAN_POINT('Ctrl Pts',(27.7429521576045,-11.8208440001106,3.31674736145906));
#7317=CARTESIAN_POINT('Ctrl Pts',(27.8478418754802,-11.7258803458664,3.42257899998298));
#7318=CARTESIAN_POINT('',(28.5594256384517,-11.9457740402132,9.58141899154441E-11));
#7319=CARTESIAN_POINT('Ctrl Pts',(28.5594256384958,-11.9457740401998,1.56758791833354E-10));
#7320=CARTESIAN_POINT('Ctrl Pts',(28.345187303969,-12.010964919287,0.16939099658436));
#7321=CARTESIAN_POINT('Ctrl Pts',(27.7183916139973,-12.1825928870738,0.683729535861664));
#7322=CARTESIAN_POINT('Ctrl Pts',(27.0373126497229,-12.3195572765529,1.38786570551209));
#7323=CARTESIAN_POINT('Ctrl Pts',(26.9349856500204,-12.3167732743102,1.89118449045333));
#7324=CARTESIAN_POINT('Ctrl Pts',(26.9302575324971,-12.3108301414685,1.99965458297295));
#7325=CARTESIAN_POINT('',(26.695633952838,-11.883490397046,0.));
#7326=CARTESIAN_POINT('Ctrl Pts',(28.5594256384549,-11.9457740401303,1.81763278471015E-16));
#7327=CARTESIAN_POINT('Ctrl Pts',(27.8983707667696,-11.9204777499976,1.81763278471015E-16));
#7328=CARTESIAN_POINT('Ctrl Pts',(27.2837610279791,-11.8942400674,1.81763278471015E-16));
#7329=CARTESIAN_POINT('Ctrl Pts',(26.695633952838,-11.883490397046,1.81763278471015E-16));
#7330=CARTESIAN_POINT('',(29.8,-11.3567009965138,-1.09008622143463));
#7331=CARTESIAN_POINT('',(29.8,-11.3567009965138,-1.09008622143463));
#7332=CARTESIAN_POINT('',(29.8,-9.00000000000001,4.15));
#7333=CARTESIAN_POINT('Origin',(29.8,-9.00000000000001,1.));
#7334=CARTESIAN_POINT('',(21.,-12.25,7.4));
#7335=CARTESIAN_POINT('',(29.8,-9.00000000000001,4.15));
#7336=CARTESIAN_POINT('',(21.,-12.25,7.4));
#7337=CARTESIAN_POINT('Ctrl Pts',(25.,-12.85,-1.98650003655751));
#7338=CARTESIAN_POINT('Ctrl Pts',(25.,-12.85,-1.62235022961167));
#7339=CARTESIAN_POINT('Ctrl Pts',(25.,-12.85,-0.513550495450691));
#7340=CARTESIAN_POINT('Ctrl Pts',(25.,-12.85,1.12105610165621));
#7341=CARTESIAN_POINT('Ctrl Pts',(25.,-12.85,2.84998534661918));
#7342=CARTESIAN_POINT('Ctrl Pts',(25.,-12.85,4.00799108642904));
#7343=CARTESIAN_POINT('Ctrl Pts',(25.,-12.85,5.04859648821764));
#7344=CARTESIAN_POINT('Ctrl Pts',(25.,-12.85,5.68854546805384));
#7345=CARTESIAN_POINT('Ctrl Pts',(25.,-12.85,5.99404551994042));
#7346=CARTESIAN_POINT('Ctrl Pts',(25.9005003592953,-12.0221324532496,-1.23474248885715));
#7347=CARTESIAN_POINT('Ctrl Pts',(25.8868887658547,-12.1121367932861,-0.959398323155496));
#7348=CARTESIAN_POINT('Ctrl Pts',(25.8089626437992,-12.3577141247935,-0.0986255358099342));
#7349=CARTESIAN_POINT('Ctrl Pts',(25.6146207807945,-12.5617453541285,1.23992583985786));
#7350=CARTESIAN_POINT('Ctrl Pts',(25.5877563361284,-12.5431772819978,2.64624213642749));
#7351=CARTESIAN_POINT('Ctrl Pts',(25.6310417056036,-12.4290387184833,3.55978924605696));
#7352=CARTESIAN_POINT('Ctrl Pts',(25.6490965048561,-12.2580872026542,4.35002249382795));
#7353=CARTESIAN_POINT('Ctrl Pts',(25.6185234390863,-12.129216319559,4.81459170070762));
#7354=CARTESIAN_POINT('Ctrl Pts',(25.5883726235556,-12.0687342921599,5.03088053435291));
#7355=CARTESIAN_POINT('Ctrl Pts',(27.23557165062,-11.682974891772,-0.489644982059282));
#7356=CARTESIAN_POINT('Ctrl Pts',(27.1189942054734,-11.8031776300609,-0.299990035672938));
#7357=CARTESIAN_POINT('Ctrl Pts',(26.7608110503766,-12.1239839202137,0.31680636580079));
#7358=CARTESIAN_POINT('Ctrl Pts',(26.2830288678855,-12.3859890336308,1.35871019465214));
#7359=CARTESIAN_POINT('Ctrl Pts',(26.2369700703408,-12.3569059841954,2.44240573439997));
#7360=CARTESIAN_POINT('Ctrl Pts',(26.3836316581545,-12.1971972570386,3.11156131577864));
#7361=CARTESIAN_POINT('Ctrl Pts',(26.5470170061043,-11.9518016311208,3.65291337151368));
#7362=CARTESIAN_POINT('Ctrl Pts',(26.6252402016942,-11.7523915053228,3.94506739968907));
#7363=CARTESIAN_POINT('Ctrl Pts',(26.6477503632374,-11.6512738270333,4.07486664409456));
#7364=CARTESIAN_POINT('Ctrl Pts',(28.5594256386941,-11.9457740401394,0.));
#7365=CARTESIAN_POINT('Ctrl Pts',(28.345187303969,-12.010964919287,0.16939099658436));
#7366=CARTESIAN_POINT('Ctrl Pts',(27.7183916139973,-12.1825928870738,0.683729535861664));
#7367=CARTESIAN_POINT('Ctrl Pts',(26.9564063729955,-12.3358274586878,1.47151097835683));
#7368=CARTESIAN_POINT('Ctrl Pts',(26.8969235038194,-12.3055188845701,2.25228645436192));
#7369=CARTESIAN_POINT('Ctrl Pts',(27.1643511634571,-12.1828482656033,2.71550177559041));
#7370=CARTESIAN_POINT('Ctrl Pts',(27.5126267625565,-11.9918150923092,3.09413003757803));
#7371=CARTESIAN_POINT('Ctrl Pts',(27.7468216190384,-11.8210792332145,3.31457094086635));
#7372=CARTESIAN_POINT('Ctrl Pts',(27.8519964448935,-11.7261367000384,3.42031934639957));
#7373=CARTESIAN_POINT('',(25.,-12.85,0.));
#7374=CARTESIAN_POINT('',(25.,-12.85,0.));
#7375=CARTESIAN_POINT('Ctrl Pts',(25.,-12.85,-4.24777282594763E-18));
#7376=CARTESIAN_POINT('Ctrl Pts',(25.4185923830837,-12.5975014589731,-3.00779583892224E-17));
#7377=CARTESIAN_POINT('Ctrl Pts',(25.8679203974164,-12.3983742516017,2.77555756156289E-16));
#7378=CARTESIAN_POINT('Ctrl Pts',(26.6432994954824,-12.153413320693,2.77555756156289E-16));
#7379=CARTESIAN_POINT('Ctrl Pts',(26.9614801283048,-12.0782066394139,8.32667268468867E-16));
#7380=CARTESIAN_POINT('Ctrl Pts',(27.7024693490274,-11.9583476540637,8.32667268468867E-16));
#7381=CARTESIAN_POINT('Ctrl Pts',(28.1336894499404,-11.9294825844499,-1.08179493082376E-17));
#7382=CARTESIAN_POINT('Ctrl Pts',(28.5594256386941,-11.9457740401394,-3.49916844615583E-17));
#7383=CARTESIAN_POINT('Ctrl Pts',(25.,12.85,5.99404551994043));
#7384=CARTESIAN_POINT('Ctrl Pts',(25.,12.85,5.68854547367706));
#7385=CARTESIAN_POINT('Ctrl Pts',(25.,12.85,4.73253252099054));
#7386=CARTESIAN_POINT('Ctrl Pts',(25.,12.85,3.28173057890089));
#7387=CARTESIAN_POINT('Ctrl Pts',(25.,12.85,1.55676657854849));
#7388=CARTESIAN_POINT('Ctrl Pts',(25.,12.85,0.299711987288989));
#7389=CARTESIAN_POINT('Ctrl Pts',(25.,12.85,-0.879571000985651));
#7390=CARTESIAN_POINT('Ctrl Pts',(25.,12.85,-1.62235023502062));
#7391=CARTESIAN_POINT('Ctrl Pts',(25.,12.85,-1.98650003655752));
#7392=CARTESIAN_POINT('Ctrl Pts',(25.5883726235556,12.0687342921599,5.03088053435292));
#7393=CARTESIAN_POINT('Ctrl Pts',(25.6185234385313,12.1292163184457,4.81459170468876));
#7394=CARTESIAN_POINT('Ctrl Pts',(25.6696673402622,12.3216424513109,4.12111224079354));
#7395=CARTESIAN_POINT('Ctrl Pts',(25.5841838503413,12.5386780456074,2.99698470872829));
#7396=CARTESIAN_POINT('Ctrl Pts',(25.606505653552,12.5573583343218,1.59457107789959));
#7397=CARTESIAN_POINT('Ctrl Pts',(25.7144732991198,12.459175763053,0.566260943980807));
#7398=CARTESIAN_POINT('Ctrl Pts',(25.8329828209088,12.2759276265594,-0.381677327708352));
#7399=CARTESIAN_POINT('Ctrl Pts',(25.8868887660569,12.1121367919492,-0.959398327245359));
#7400=CARTESIAN_POINT('Ctrl Pts',(25.9005003592953,12.0221324532496,-1.23474248885715));
#7401=CARTESIAN_POINT('Ctrl Pts',(26.6477503632374,11.6512738270333,4.07486664409456));
#7402=CARTESIAN_POINT('Ctrl Pts',(26.6252402021085,11.7523915034615,3.94506740207824));
#7403=CARTESIAN_POINT('Ctrl Pts',(26.5183592167745,12.0495213114363,3.50966631667654));
#7404=CARTESIAN_POINT('Ctrl Pts',(26.2320124738981,12.3489771857137,2.71232557298989));
#7405=CARTESIAN_POINT('Ctrl Pts',(26.2682591753961,12.3795067340978,1.63250690310618));
#7406=CARTESIAN_POINT('Ctrl Pts',(26.5280111574324,12.2535768781265,0.833035826516283));
#7407=CARTESIAN_POINT('Ctrl Pts',(26.8758209427292,12.0177825427953,0.115400515925198));
#7408=CARTESIAN_POINT('Ctrl Pts',(27.118994207205,11.8031776282754,-0.299990038490003));
#7409=CARTESIAN_POINT('Ctrl Pts',(27.23557165062,11.682974891772,-0.489644982059283));
#7410=CARTESIAN_POINT('Ctrl Pts',(27.8519964448935,11.7261367000384,3.42031934639958));
#7411=CARTESIAN_POINT('Ctrl Pts',(27.7468216209743,11.8210792314669,3.31457094281281));
#7412=CARTESIAN_POINT('Ctrl Pts',(27.4110159693589,12.074372831833,2.98528562765524));
#7413=CARTESIAN_POINT('Ctrl Pts',(26.8921599362763,12.2960235025651,2.44642912223691));
#7414=CARTESIAN_POINT('Ctrl Pts',(26.9364621291298,12.3295291726155,1.66975360390248));
#7415=CARTESIAN_POINT('Ctrl Pts',(27.3471901827861,12.2570516538622,1.07313478643645));
#7416=CARTESIAN_POINT('Ctrl Pts',(27.9203590891555,12.1270586746618,0.516287743951482));
#7417=CARTESIAN_POINT('Ctrl Pts',(28.3451873071512,12.0109649183187,0.169390994068291));
#7418=CARTESIAN_POINT('Ctrl Pts',(28.5594256386941,11.9457740401394,-1.11022302462516E-15));
#7419=CARTESIAN_POINT('Ctrl Pts',(28.5594256386941,11.9457740401394,2.22082834787822E-16));
#7420=CARTESIAN_POINT('Ctrl Pts',(28.208194929662,11.9323336522087,2.21803322262273E-16));
#7421=CARTESIAN_POINT('Ctrl Pts',(27.8536978315096,11.949647803327,-2.77555756156289E-16));
#7422=CARTESIAN_POINT('Ctrl Pts',(27.0031905855334,12.0580997819704,-2.77555756156289E-16));
#7423=CARTESIAN_POINT('Ctrl Pts',(26.5027642691453,12.1797169215215,-6.24500451351651E-16));
#7424=CARTESIAN_POINT('Ctrl Pts',(25.6706388379037,12.4890519957921,-6.24500451351651E-16));
#7425=CARTESIAN_POINT('Ctrl Pts',(25.3260377742902,12.6533311984287,2.93848745156574E-17));
#7426=CARTESIAN_POINT('Ctrl Pts',(25.,12.85,2.59198078259178E-17));
#7427=CARTESIAN_POINT('Ctrl Pts',(29.8,9.,-2.15));
#7428=CARTESIAN_POINT('Ctrl Pts',(26.8666666666667,10.2833333333333,-1.43333333333333));
#7429=CARTESIAN_POINT('Ctrl Pts',(23.9333333333333,11.5666666666667,-0.716666666666667));
#7430=CARTESIAN_POINT('Ctrl Pts',(21.,12.85,0.));
#7431=CARTESIAN_POINT('Ctrl Pts',(29.8,9.88754735309268,-2.15));
#7432=CARTESIAN_POINT('Ctrl Pts',(26.8666666666667,10.8744591943194,-1.20956219462761));
#7433=CARTESIAN_POINT('Ctrl Pts',(23.9333333333333,11.8630881587733,-0.273771138705716));
#7434=CARTESIAN_POINT('Ctrl Pts',(21.,12.85,0.666666666666669));
#7435=CARTESIAN_POINT('Ctrl Pts',(29.8,10.7677960779202,-1.75411280285898));
#7436=CARTESIAN_POINT('Ctrl Pts',(26.8666666666667,11.4610849976121,-0.723508127512139));
#7437=CARTESIAN_POINT('Ctrl Pts',(23.9333333333333,12.1567110803081,0.302728657986495));
#7438=CARTESIAN_POINT('Ctrl Pts',(21.,12.85,1.33333333333334));
#7439=CARTESIAN_POINT('Ctrl Pts',(29.8,11.3567009965138,-1.09008622143463));
#7440=CARTESIAN_POINT('Ctrl Pts',(26.8666666666667,11.8544673310092,-0.0600574809564175));
#7441=CARTESIAN_POINT('Ctrl Pts',(23.9333333333333,12.3522336655046,0.969971259521796));
#7442=CARTESIAN_POINT('Ctrl Pts',(21.,12.85,2.00000000000001));
#7443=CARTESIAN_POINT('',(25.,11.8815365701766,0.));
#7444=CARTESIAN_POINT('Ctrl Pts',(25.,11.8815365701766,1.10933869128582E-17));
#7445=CARTESIAN_POINT('Ctrl Pts',(25.5301739675122,11.8580097056473,1.10933869128582E-17));
#7446=CARTESIAN_POINT('Ctrl Pts',(26.083515957455,11.8641561154532,2.40939543304861E-18));
#7447=CARTESIAN_POINT('Ctrl Pts',(26.695633952838,11.883490397046,2.40939543304861E-18));
#7448=CARTESIAN_POINT('Origin',(29.8,9.,1.));
#7449=CARTESIAN_POINT('Ctrl Pts',(25.,11.8815365701766,1.25315339750526E-17));
#7450=CARTESIAN_POINT('Ctrl Pts',(24.5279036386114,11.9024861976946,-1.28875629900989E-17));
#7451=CARTESIAN_POINT('Ctrl Pts',(24.0618792175351,11.9476423010592,1.67746108767666E-16));
#7452=CARTESIAN_POINT('Ctrl Pts',(22.7571812193753,12.1790739875355,8.80526934151056E-17));
#7453=CARTESIAN_POINT('Ctrl Pts',(21.9471216746207,12.4356342673534,0.));
#7454=CARTESIAN_POINT('Ctrl Pts',(21.,12.85,0.));
#7455=CARTESIAN_POINT('Origin',(25.,-2.28285994829279E-15,1.));
#7456=CARTESIAN_POINT('',(25.,9.,-0.65));
#7457=CARTESIAN_POINT('Origin',(25.,9.,1.));
#7458=CARTESIAN_POINT('Origin',(25.,-2.28285994829279E-15,1.));
#7459=CARTESIAN_POINT('',(25.,-9.,-0.65));
#7460=CARTESIAN_POINT('Origin',(25.,-9.,1.));
#7461=CARTESIAN_POINT('Origin',(25.,-2.28285994829279E-15,1.));
#7462=CARTESIAN_POINT('',(25.,-2.018379327391E-15,-0.65));
#7463=CARTESIAN_POINT('Origin',(25.,-2.83149155968343E-15,1.));
#7464=CARTESIAN_POINT('Origin',(29.8,-2.22044604925031E-15,3.65));
#7465=CARTESIAN_POINT('',(29.8,-4.20383208704016E-15,3.65));
#7466=CARTESIAN_POINT('',(29.8,9.,3.65));
#7467=CARTESIAN_POINT('',(29.8,-3.16653110745516E-15,3.65));
#7468=CARTESIAN_POINT('',(28.3,-1.70205397549538E-15,3.65));
#7469=CARTESIAN_POINT('',(29.8,-2.22044604925031E-15,3.65));
#7470=CARTESIAN_POINT('',(28.3,9.,3.65));
#7471=CARTESIAN_POINT('',(28.3,9.,3.65));
#7472=CARTESIAN_POINT('',(29.8,9.,3.65));
#7473=CARTESIAN_POINT('Origin',(29.8,9.,-1.65));
#7474=CARTESIAN_POINT('',(29.8,9.,-1.65));
#7475=CARTESIAN_POINT('',(29.8,-3.33066907387547E-15,-1.65));
#7476=CARTESIAN_POINT('',(29.8,4.5,-1.65));
#7477=CARTESIAN_POINT('',(28.3,9.,-1.65));
#7478=CARTESIAN_POINT('',(29.8,9.,-1.65));
#7479=CARTESIAN_POINT('',(28.3,-2.81227700012053E-15,-1.65));
#7480=CARTESIAN_POINT('',(28.3,-9.00000000000001,-1.65));
#7481=CARTESIAN_POINT('',(29.8,-3.33066907387547E-15,-1.65));
#7482=CARTESIAN_POINT('Origin',(28.3,4.5,1.));
#7483=CARTESIAN_POINT('Origin',(28.3,9.,1.));
#7484=CARTESIAN_POINT('Origin',(28.3,-2.81227700012053E-15,1.));
#7485=CARTESIAN_POINT('Origin',(29.8,-3.33066907387547E-15,-1.65));
#7486=CARTESIAN_POINT('',(29.8,-9.00000000000001,-1.65));
#7487=CARTESIAN_POINT('',(29.8,-3.88578058618805E-15,-1.65));
#7488=CARTESIAN_POINT('',(28.3,-9.00000000000001,-1.65));
#7489=CARTESIAN_POINT('',(28.3,-9.00000000000001,-1.65));
#7490=CARTESIAN_POINT('',(29.8,-9.00000000000001,-1.65));
#7491=CARTESIAN_POINT('Origin',(29.8,-9.00000000000001,3.65));
#7492=CARTESIAN_POINT('',(29.8,-9.,3.65));
#7493=CARTESIAN_POINT('',(29.8,-4.5,3.65));
#7494=CARTESIAN_POINT('',(28.3,-9.00000000000001,3.65));
#7495=CARTESIAN_POINT('',(29.8,-9.00000000000001,3.65));
#7496=CARTESIAN_POINT('',(28.3,9.,3.65));
#7497=CARTESIAN_POINT('Origin',(28.3,-4.5,1.));
#7498=CARTESIAN_POINT('Origin',(28.3,-9.00000000000001,1.));
#7499=CARTESIAN_POINT('Origin',(28.3,-2.81227700012053E-15,1.));
#7500=CARTESIAN_POINT('Ctrl Pts',(29.8,-11.3567009965138,-1.09008622143463));
#7501=CARTESIAN_POINT('Ctrl Pts',(26.8666666666667,-11.8544673310092,-0.0600574809564229));
#7502=CARTESIAN_POINT('Ctrl Pts',(23.9333333333333,-12.3522336655046,0.969971259521789));
#7503=CARTESIAN_POINT('Ctrl Pts',(21.,-12.85,2.));
#7504=CARTESIAN_POINT('Ctrl Pts',(29.8,-10.7677960779202,-1.75411280285899));
#7505=CARTESIAN_POINT('Ctrl Pts',(26.8666666666667,-11.4610849976121,-0.723508127512141));
#7506=CARTESIAN_POINT('Ctrl Pts',(23.9333333333333,-12.1567110803081,0.302728657986487));
#7507=CARTESIAN_POINT('Ctrl Pts',(21.,-12.85,1.33333333333333));
#7508=CARTESIAN_POINT('Ctrl Pts',(29.8,-9.88754735309269,-2.15));
#7509=CARTESIAN_POINT('Ctrl Pts',(26.8666666666667,-10.8744591943194,-1.20956219462762));
#7510=CARTESIAN_POINT('Ctrl Pts',(23.9333333333333,-11.8630881587733,-0.273771138705719));
#7511=CARTESIAN_POINT('Ctrl Pts',(21.,-12.85,0.666666666666663));
#7512=CARTESIAN_POINT('Ctrl Pts',(29.8,-9.,-2.15));
#7513=CARTESIAN_POINT('Ctrl Pts',(26.8666666666667,-10.2833333333333,-1.43333333333334));
#7514=CARTESIAN_POINT('Ctrl Pts',(23.9333333333333,-11.5666666666667,-0.716666666666671));
#7515=CARTESIAN_POINT('Ctrl Pts',(21.,-12.85,-5.55111512312578E-15));
#7516=CARTESIAN_POINT('',(25.,-11.8815365701766,0.));
#7517=CARTESIAN_POINT('Ctrl Pts',(26.695633952838,-11.883490397046,-2.66663728891757E-17));
#7518=CARTESIAN_POINT('Ctrl Pts',(26.100378666363,-11.8646887388443,-2.66663728891757E-17));
#7519=CARTESIAN_POINT('Ctrl Pts',(25.5403995506007,-11.8575559377847,-2.66663728891757E-17));
#7520=CARTESIAN_POINT('Ctrl Pts',(25.,-11.8815365701766,-2.66663728891757E-17));
#7521=CARTESIAN_POINT('Ctrl Pts',(21.,-12.85,6.6171722402906E-17));
#7522=CARTESIAN_POINT('Ctrl Pts',(21.6271374174453,-12.5756273798677,8.29528040309174E-17));
#7523=CARTESIAN_POINT('Ctrl Pts',(22.2746654376575,-12.3359455281513,1.38777878078145E-16));
#7524=CARTESIAN_POINT('Ctrl Pts',(23.6450415628454,-11.9944294313595,1.38777878078145E-16));
#7525=CARTESIAN_POINT('Ctrl Pts',(24.3063230772878,-11.9123190000728,-6.80278531495831E-17));
#7526=CARTESIAN_POINT('Ctrl Pts',(25.,-11.8815365701766,-7.10056135689732E-17));
#7527=CARTESIAN_POINT('Origin',(29.8,-9.00000000000001,1.));
#7528=CARTESIAN_POINT('Origin',(29.8,-4.44089209850063E-15,0.988837936131649));
#7529=CARTESIAN_POINT('',(29.8,9.,4.15));
#7530=CARTESIAN_POINT('Origin',(29.8,9.,1.));
#7531=CARTESIAN_POINT('Origin',(29.8,-9.,1.));
#7532=CARTESIAN_POINT('Origin',(29.8,9.,4.15));
#7533=CARTESIAN_POINT('',(21.,-12.25,7.4));
#7534=CARTESIAN_POINT('Origin',(0.,2.22044604925031E-15,0.));
#7535=CARTESIAN_POINT('Origin',(21.,-12.85,2.));
#7536=CARTESIAN_POINT('',(25.,-12.85,2.));
#7537=CARTESIAN_POINT('',(-21.,-12.25,7.4));
#7538=CARTESIAN_POINT('Origin',(21.,12.25,7.4));
#7539=CARTESIAN_POINT('',(21.,12.25,7.4));
#7540=CARTESIAN_POINT('Origin',(-42.,-1.3,-2.37379608156746));
#7541=CARTESIAN_POINT('Origin',(-38.,0.,-2.37379608156746));
#7542=CARTESIAN_POINT('Origin',(-42.,0.,-2.37379608156746));
#7543=CARTESIAN_POINT('Origin',(-42.,1.3,-2.37379608156746));
#7544=CARTESIAN_POINT('Origin',(-42.,0.,-2.37379608156746));
#7545=CARTESIAN_POINT('Origin',(-42.,10.,3.));
#7546=CARTESIAN_POINT('',(-46.,10.,2.125));
#7547=CARTESIAN_POINT('Origin',(-46.,10.,3.));
#7548=CARTESIAN_POINT('',(-42.,10.,2.125));
#7549=CARTESIAN_POINT('',(-42.,10.,2.125));
#7550=CARTESIAN_POINT('Origin',(-42.,10.,3.));
#7551=CARTESIAN_POINT('Origin',(-46.,10.,3.));
#7552=CARTESIAN_POINT('Origin',(-42.,-10.,3.));
#7553=CARTESIAN_POINT('',(-46.,-10.,2.125));
#7554=CARTESIAN_POINT('Origin',(-46.,-10.,3.));
#7555=CARTESIAN_POINT('',(-42.,-10.,2.125));
#7556=CARTESIAN_POINT('',(-42.,-10.,2.125));
#7557=CARTESIAN_POINT('Origin',(-42.,-10.,3.));
#7558=CARTESIAN_POINT('Origin',(-46.,-10.,3.));
#7559=CARTESIAN_POINT('Origin',(-25.,10.,3.));
#7560=CARTESIAN_POINT('',(-42.,10.,1.5));
#7561=CARTESIAN_POINT('Origin',(-42.,10.,3.));
#7562=CARTESIAN_POINT('',(-25.,10.,1.5));
#7563=CARTESIAN_POINT('Origin',(-42.,10.,3.));
#7564=CARTESIAN_POINT('Origin',(-25.,-10.,3.));
#7565=CARTESIAN_POINT('',(-42.,-10.,1.5));
#7566=CARTESIAN_POINT('Origin',(-42.,-10.,3.));
#7567=CARTESIAN_POINT('',(-25.,-10.,1.5));
#7568=CARTESIAN_POINT('Origin',(-42.,-10.,3.25));
#7569=CARTESIAN_POINT('Origin',(33.05,9.,1.));
#7570=CARTESIAN_POINT('',(33.3,9.,-1.15));
#7571=CARTESIAN_POINT('Origin',(33.3,9.,1.));
#7572=CARTESIAN_POINT('',(32.8,9.,-0.65));
#7573=CARTESIAN_POINT('',(33.05,9.,-0.9));
#7574=CARTESIAN_POINT('Origin',(32.8,9.,1.));
#7575=CARTESIAN_POINT('Origin',(25.,9.,1.));
#7576=CARTESIAN_POINT('',(25.,9.,-0.65));
#7577=CARTESIAN_POINT('Origin',(33.3,9.,1.));
#7578=CARTESIAN_POINT('',(33.3,9.,3.4));
#7579=CARTESIAN_POINT('Origin',(33.3,9.,1.));
#7580=CARTESIAN_POINT('Origin',(33.05,-5.00248351173514E-15,1.));
#7581=CARTESIAN_POINT('',(33.3,-4.82558312887762E-15,-1.15));
#7582=CARTESIAN_POINT('Origin',(33.3,-5.0888821906943E-15,1.));
#7583=CARTESIAN_POINT('',(32.8,-5.1181515546353E-15,-0.65));
#7584=CARTESIAN_POINT('',(33.05,-4.76980061989714E-15,-0.9));
#7585=CARTESIAN_POINT('Origin',(32.8,-4.91608483277598E-15,1.));
#7586=CARTESIAN_POINT('Origin',(25.,-2.22044604925031E-15,1.));
#7587=CARTESIAN_POINT('',(25.,-2.018379327391E-15,-0.65));
#7588=CARTESIAN_POINT('Origin',(33.3,-5.0888821906943E-15,1.));
#7589=CARTESIAN_POINT('',(33.3,-5.38279742248966E-15,3.4));
#7590=CARTESIAN_POINT('Origin',(33.3,-5.0888821906943E-15,1.));
#7591=CARTESIAN_POINT('Origin',(33.05,-9.00000000000001,1.));
#7592=CARTESIAN_POINT('',(33.3,-9.00000000000001,-1.15));
#7593=CARTESIAN_POINT('Origin',(33.3,-9.00000000000001,1.));
#7594=CARTESIAN_POINT('',(32.8,-9.00000000000001,-0.65));
#7595=CARTESIAN_POINT('',(33.05,-9.00000000000001,-0.9));
#7596=CARTESIAN_POINT('Origin',(32.8,-9.00000000000001,1.));
#7597=CARTESIAN_POINT('Origin',(25.,-9.,1.));
#7598=CARTESIAN_POINT('',(25.,-9.,-0.65));
#7599=CARTESIAN_POINT('Origin',(33.3,-9.00000000000001,1.));
#7600=CARTESIAN_POINT('',(33.3,-9.00000000000001,3.4));
#7601=CARTESIAN_POINT('Origin',(33.3,-9.00000000000001,1.));
#7602=CARTESIAN_POINT('Origin',(-37.85,-4.75,0.750000000000001));
#7603=CARTESIAN_POINT('',(-37.85,-4.75,0.750000000000001));
#7604=CARTESIAN_POINT('',(-37.85,-4.75,-1.63818119165458));
#7605=CARTESIAN_POINT('',(-37.85,-4.75,0.875));
#7606=CARTESIAN_POINT('',(-37.7,-4.75,0.750000000000001));
#7607=CARTESIAN_POINT('',(-37.85,-4.75,0.750000000000001));
#7608=CARTESIAN_POINT('',(-37.7,-4.75,-1.63818119165458));
#7609=CARTESIAN_POINT('',(-37.7,-4.75,-3.45798952173195));
#7610=CARTESIAN_POINT('',(-37.85,-4.75,-1.63818119165458));
#7611=CARTESIAN_POINT('Origin',(-37.85,-7.13818119165459,0.750000000000001));
#7612=CARTESIAN_POINT('',(-37.85,-7.13818119165459,0.750000000000002));
#7613=CARTESIAN_POINT('',(-37.85,-5.8190905958273,0.750000000000001));
#7614=CARTESIAN_POINT('',(-37.7,-7.13818119165459,0.750000000000002));
#7615=CARTESIAN_POINT('',(-37.85,-7.13818119165459,0.750000000000002));
#7616=CARTESIAN_POINT('',(-37.7,19.0057459635919,0.749999999999996));
#7617=CARTESIAN_POINT('Origin',(-37.85,-4.75,1.25));
#7618=CARTESIAN_POINT('',(-37.85,-4.75,1.25));
#7619=CARTESIAN_POINT('',(-37.85,-7.13818119165459,1.25));
#7620=CARTESIAN_POINT('',(-37.85,-4.625,1.25));
#7621=CARTESIAN_POINT('',(-37.7,-4.75,1.25));
#7622=CARTESIAN_POINT('',(-37.85,-4.75,1.25));
#7623=CARTESIAN_POINT('',(-37.7,-7.13818119165459,1.25));
#7624=CARTESIAN_POINT('',(-37.7,-10.0057459635919,1.25));
#7625=CARTESIAN_POINT('',(-37.85,-7.13818119165459,1.25));
#7626=CARTESIAN_POINT('Origin',(-37.85,-4.75,3.63818119165458));
#7627=CARTESIAN_POINT('',(-37.85,-4.75,3.63818119165458));
#7628=CARTESIAN_POINT('',(-37.85,-4.75,2.31909059582729));
#7629=CARTESIAN_POINT('',(-37.7,-4.75,3.63818119165458));
#7630=CARTESIAN_POINT('',(-37.85,-4.75,3.63818119165458));
#7631=CARTESIAN_POINT('',(-37.7,-4.75,-3.45798952173195));
#7632=CARTESIAN_POINT('Origin',(-37.85,-4.25,1.25));
#7633=CARTESIAN_POINT('',(-37.85,-4.25000000000001,1.25));
#7634=CARTESIAN_POINT('',(-37.85,-4.25,3.63818119165458));
#7635=CARTESIAN_POINT('',(-37.85,-4.25000000000001,1.125));
#7636=CARTESIAN_POINT('',(-37.7,-4.25000000000001,1.25));
#7637=CARTESIAN_POINT('',(-37.85,-4.25000000000001,1.25));
#7638=CARTESIAN_POINT('',(-37.7,-4.25,3.63818119165458));
#7639=CARTESIAN_POINT('',(-37.7,-4.25,5.45798952173195));
#7640=CARTESIAN_POINT('',(-37.85,-4.25,3.63818119165458));
#7641=CARTESIAN_POINT('Origin',(-37.85,-1.86181880834542,1.25));
#7642=CARTESIAN_POINT('',(-37.85,-1.86181880834542,1.25));
#7643=CARTESIAN_POINT('',(-37.85,-3.18090940417271,1.25));
#7644=CARTESIAN_POINT('',(-37.7,-1.86181880834542,1.25));
#7645=CARTESIAN_POINT('',(-37.85,-1.86181880834542,1.25));
#7646=CARTESIAN_POINT('',(-37.7,-10.0057459635919,1.25));
#7647=CARTESIAN_POINT('Origin',(-37.85,-4.25,0.750000000000001));
#7648=CARTESIAN_POINT('',(-37.85,-4.25000000000001,0.750000000000001));
#7649=CARTESIAN_POINT('',(-37.85,-1.86181880834542,0.75));
#7650=CARTESIAN_POINT('',(-37.85,-4.375,0.750000000000001));
#7651=CARTESIAN_POINT('',(-37.7,-4.25000000000001,0.750000000000001));
#7652=CARTESIAN_POINT('',(-37.85,-4.25000000000001,0.750000000000001));
#7653=CARTESIAN_POINT('',(-37.7,-1.86181880834542,0.75));
#7654=CARTESIAN_POINT('',(-37.7,19.0057459635919,0.749999999999996));
#7655=CARTESIAN_POINT('',(-37.85,-1.86181880834542,0.75));
#7656=CARTESIAN_POINT('Origin',(-37.85,-4.25000000000001,-1.63818119165458));
#7657=CARTESIAN_POINT('',(-37.85,-4.25000000000001,-1.63818119165458));
#7658=CARTESIAN_POINT('',(-37.85,-4.25000000000001,-0.319090595827292));
#7659=CARTESIAN_POINT('',(-37.7,-4.25000000000001,-1.63818119165458));
#7660=CARTESIAN_POINT('',(-37.85,-4.25000000000001,-1.63818119165458));
#7661=CARTESIAN_POINT('',(-37.7,-4.25,5.45798952173195));
#7662=CARTESIAN_POINT('Origin',(-37.7,-4.5,1.));
#7663=CARTESIAN_POINT('',(-37.7,-4.5,-1.65));
#7664=CARTESIAN_POINT('Origin',(-37.7,-4.5,1.));
#7665=CARTESIAN_POINT('Origin',(-37.7,-4.5,1.));
#7666=CARTESIAN_POINT('Origin',(-37.7,-4.5,1.));
#7667=CARTESIAN_POINT('Origin',(-37.7,-4.5,1.));
#7668=CARTESIAN_POINT('Origin',(-37.7,-4.5,1.));
#7669=CARTESIAN_POINT('Origin',(-37.85,4.25,0.749999999999999));
#7670=CARTESIAN_POINT('',(-37.85,4.25,0.749999999999999));
#7671=CARTESIAN_POINT('',(-37.85,4.25,-1.63818119165458));
#7672=CARTESIAN_POINT('',(-37.85,4.25,0.874999999999999));
#7673=CARTESIAN_POINT('',(-37.7,4.25,0.749999999999999));
#7674=CARTESIAN_POINT('',(-37.85,4.25,0.749999999999999));
#7675=CARTESIAN_POINT('',(-37.7,4.25,-1.63818119165458));
#7676=CARTESIAN_POINT('',(-37.7,4.25,-3.61993595697231));
#7677=CARTESIAN_POINT('',(-37.85,4.25,-1.63818119165458));
#7678=CARTESIAN_POINT('Origin',(-37.85,1.86181880834541,0.75));
#7679=CARTESIAN_POINT('',(-37.85,1.86181880834541,0.75));
#7680=CARTESIAN_POINT('',(-37.85,3.1809094041727,0.749999999999999));
#7681=CARTESIAN_POINT('',(-37.7,1.86181880834541,0.75));
#7682=CARTESIAN_POINT('',(-37.85,1.86181880834541,0.75));
#7683=CARTESIAN_POINT('',(-37.7,19.0057459635919,0.749999999999996));
#7684=CARTESIAN_POINT('Origin',(-37.85,4.25,1.25));
#7685=CARTESIAN_POINT('',(-37.85,4.25,1.25));
#7686=CARTESIAN_POINT('',(-37.85,1.86181880834541,1.25));
#7687=CARTESIAN_POINT('',(-37.85,4.375,1.25));
#7688=CARTESIAN_POINT('',(-37.7,4.25,1.25));
#7689=CARTESIAN_POINT('',(-37.85,4.25,1.25));
#7690=CARTESIAN_POINT('',(-37.7,1.86181880834541,1.25));
#7691=CARTESIAN_POINT('',(-37.7,-10.0057459635919,1.25));
#7692=CARTESIAN_POINT('',(-37.85,1.86181880834541,1.25));
#7693=CARTESIAN_POINT('Origin',(-37.85,4.25,3.63818119165458));
#7694=CARTESIAN_POINT('',(-37.85,4.25,3.63818119165458));
#7695=CARTESIAN_POINT('',(-37.85,4.25,2.31909059582729));
#7696=CARTESIAN_POINT('',(-37.7,4.25,3.63818119165458));
#7697=CARTESIAN_POINT('',(-37.85,4.25,3.63818119165458));
#7698=CARTESIAN_POINT('',(-37.7,4.25,-3.61993595697231));
#7699=CARTESIAN_POINT('Origin',(-37.85,4.75,1.25));
#7700=CARTESIAN_POINT('',(-37.85,4.75,1.25));
#7701=CARTESIAN_POINT('',(-37.85,4.75,3.63818119165458));
#7702=CARTESIAN_POINT('',(-37.85,4.75,1.125));
#7703=CARTESIAN_POINT('',(-37.7,4.75,1.25));
#7704=CARTESIAN_POINT('',(-37.85,4.75,1.25));
#7705=CARTESIAN_POINT('',(-37.7,4.75,3.63818119165458));
#7706=CARTESIAN_POINT('',(-37.7,4.75,5.61993595697231));
#7707=CARTESIAN_POINT('',(-37.85,4.75,3.63818119165458));
#7708=CARTESIAN_POINT('Origin',(-37.85,7.13818119165458,1.25));
#7709=CARTESIAN_POINT('',(-37.85,7.13818119165458,1.25));
#7710=CARTESIAN_POINT('',(-37.85,5.81909059582729,1.25));
#7711=CARTESIAN_POINT('',(-37.7,7.13818119165458,1.25));
#7712=CARTESIAN_POINT('',(-37.85,7.13818119165458,1.25));
#7713=CARTESIAN_POINT('',(-37.7,-10.0057459635919,1.25));
#7714=CARTESIAN_POINT('Origin',(-37.85,4.75,0.749999999999999));
#7715=CARTESIAN_POINT('',(-37.85,4.75,0.749999999999999));
#7716=CARTESIAN_POINT('',(-37.85,7.13818119165458,0.749999999999999));
#7717=CARTESIAN_POINT('',(-37.85,4.625,0.749999999999999));
#7718=CARTESIAN_POINT('',(-37.7,4.75,0.749999999999999));
#7719=CARTESIAN_POINT('',(-37.85,4.75,0.749999999999999));
#7720=CARTESIAN_POINT('',(-37.7,7.13818119165458,0.749999999999999));
#7721=CARTESIAN_POINT('',(-37.7,19.0057459635919,0.749999999999996));
#7722=CARTESIAN_POINT('',(-37.85,7.13818119165458,0.749999999999999));
#7723=CARTESIAN_POINT('Origin',(-37.85,4.75,-1.63818119165458));
#7724=CARTESIAN_POINT('',(-37.85,4.75,-1.63818119165458));
#7725=CARTESIAN_POINT('',(-37.85,4.75,-0.319090595827292));
#7726=CARTESIAN_POINT('',(-37.7,4.75,-1.63818119165458));
#7727=CARTESIAN_POINT('',(-37.85,4.75,-1.63818119165458));
#7728=CARTESIAN_POINT('',(-37.7,4.75,5.61993595697231));
#7729=CARTESIAN_POINT('Origin',(-37.7,4.5,1.));
#7730=CARTESIAN_POINT('',(-37.7,4.5,-1.65));
#7731=CARTESIAN_POINT('Origin',(-37.7,4.5,1.));
#7732=CARTESIAN_POINT('Origin',(-37.7,4.5,1.));
#7733=CARTESIAN_POINT('Origin',(-37.7,4.5,1.));
#7734=CARTESIAN_POINT('Origin',(-37.7,4.5,1.));
#7735=CARTESIAN_POINT('Origin',(-37.7,4.5,1.));
#7736=CARTESIAN_POINT('Origin',(-37.85,-4.5,1.));
#7737=CARTESIAN_POINT('Origin',(-37.85,-4.5,1.));
#7738=CARTESIAN_POINT('Origin',(-37.85,-4.5,1.));
#7739=CARTESIAN_POINT('Origin',(-37.85,-4.5,1.));
#7740=CARTESIAN_POINT('Origin',(-37.85,-4.5,1.));
#7741=CARTESIAN_POINT('Origin',(-37.85,-4.5,1.));
#7742=CARTESIAN_POINT('Origin',(-37.85,4.5,1.));
#7743=CARTESIAN_POINT('Origin',(-37.85,4.5,1.));
#7744=CARTESIAN_POINT('Origin',(-37.85,4.5,1.));
#7745=CARTESIAN_POINT('Origin',(-37.85,4.5,1.));
#7746=CARTESIAN_POINT('Origin',(-37.85,4.5,1.));
#7747=CARTESIAN_POINT('Origin',(-37.85,4.5,1.));
#7748=CARTESIAN_POINT('Origin',(-38.,-4.5,1.));
#7749=CARTESIAN_POINT('',(-38.,-4.5,-1.65));
#7750=CARTESIAN_POINT('Origin',(-38.,-4.5,1.));
#7751=CARTESIAN_POINT('',(-38.,-4.5,-1.65));
#7752=CARTESIAN_POINT('Origin',(-37.85,-4.5,1.));
#7753=CARTESIAN_POINT('Origin',(-37.85,-4.5,1.));
#7754=CARTESIAN_POINT('Origin',(-38.,4.5,1.));
#7755=CARTESIAN_POINT('',(-38.,4.5,-1.65));
#7756=CARTESIAN_POINT('Origin',(-38.,4.5,1.));
#7757=CARTESIAN_POINT('',(-38.,4.5,-1.65));
#7758=CARTESIAN_POINT('Origin',(-37.85,4.5,1.));
#7759=CARTESIAN_POINT('Origin',(-37.85,4.5,1.));
#7760=CARTESIAN_POINT('Origin',(-37.5,4.5,1.));
#7761=CARTESIAN_POINT('',(-38.,4.5,-2.5));
#7762=CARTESIAN_POINT('Origin',(-38.,4.5,1.));
#7763=CARTESIAN_POINT('Origin',(-37.5,4.5,-2.5));
#7764=CARTESIAN_POINT('Origin',(-38.,4.5,1.));
#7765=CARTESIAN_POINT('Origin',(-37.5,-4.5,1.));
#7766=CARTESIAN_POINT('',(-38.,-4.50000000000001,-2.5));
#7767=CARTESIAN_POINT('Origin',(-38.,-4.5,1.));
#7768=CARTESIAN_POINT('Origin',(-37.5,-4.5,-2.5));
#7769=CARTESIAN_POINT('Origin',(-38.,-4.5,1.));
#7770=CARTESIAN_POINT('Origin',(-25.,12.85,0.));
#7771=CARTESIAN_POINT('Origin',(25.,9.,1.));
#7772=CARTESIAN_POINT('',(32.8,9.,3.65));
#7773=CARTESIAN_POINT('Origin',(32.8,9.,1.));
#7774=CARTESIAN_POINT('',(25.,9.,3.65));
#7775=CARTESIAN_POINT('Origin',(32.8,9.,1.));
#7776=CARTESIAN_POINT('',(32.8,9.,3.4));
#7777=CARTESIAN_POINT('Origin',(32.8,9.,1.));
#7778=CARTESIAN_POINT('Origin',(25.,-2.22044604925031E-15,1.));
#7779=CARTESIAN_POINT('',(32.8,-4.91608483277598E-15,-1.65));
#7780=CARTESIAN_POINT('Origin',(32.8,-4.91608483277598E-15,1.));
#7781=CARTESIAN_POINT('',(25.,-2.22044604925031E-15,-1.65));
#7782=CARTESIAN_POINT('',(29.8,-3.33066907387547E-15,-1.65));
#7783=CARTESIAN_POINT('',(29.8,-2.22044604925031E-15,3.65));
#7784=CARTESIAN_POINT('Origin',(32.8,-4.91608483277598E-15,1.));
#7785=CARTESIAN_POINT('',(32.8,-5.21000006457135E-15,3.4));
#7786=CARTESIAN_POINT('Origin',(32.8,-4.91608483277598E-15,1.));
#7787=CARTESIAN_POINT('Origin',(25.,-9.,1.));
#7788=CARTESIAN_POINT('',(32.8,-9.00000000000001,3.65));
#7789=CARTESIAN_POINT('Origin',(32.8,-9.00000000000001,1.));
#7790=CARTESIAN_POINT('',(25.,-9.,3.65));
#7791=CARTESIAN_POINT('Origin',(32.8,-9.00000000000001,1.));
#7792=CARTESIAN_POINT('',(32.8,-9.00000000000001,3.4));
#7793=CARTESIAN_POINT('Origin',(32.8,-9.00000000000001,1.));
#7794=CARTESIAN_POINT('Origin',(25.,9.,1.));
#7795=CARTESIAN_POINT('',(25.,9.,3.4));
#7796=CARTESIAN_POINT('Origin',(25.,-2.22044604925031E-15,1.));
#7797=CARTESIAN_POINT('',(25.,-2.51436128104568E-15,3.4));
#7798=CARTESIAN_POINT('Origin',(25.,-9.,1.));
#7799=CARTESIAN_POINT('',(25.,-9.,3.4));
#7800=CARTESIAN_POINT('Origin',(-25.,-12.85,0.));
#7801=CARTESIAN_POINT('',(25.,-12.85,0.));
#7802=CARTESIAN_POINT('Origin',(0.,2.22044604925031E-15,7.4));
#7803=CARTESIAN_POINT('Origin',(0.,2.22044604925031E-15,0.));
#7804=UNCERTAINTY_MEASURE_WITH_UNIT(LENGTH_MEASURE(0.01),#7808,
'DISTANCE_ACCURACY_VALUE',
'Maximum model space distance between geometric entities at asserted c
onnectivities');
#7805=UNCERTAINTY_MEASURE_WITH_UNIT(LENGTH_MEASURE(0.01),#7808,
'DISTANCE_ACCURACY_VALUE',
'Maximum model space distance between geometric entities at asserted c
onnectivities');
#7806=(
GEOMETRIC_REPRESENTATION_CONTEXT(3)
GLOBAL_UNCERTAINTY_ASSIGNED_CONTEXT((#7804))
GLOBAL_UNIT_ASSIGNED_CONTEXT((#7808,#7810,#7811))
REPRESENTATION_CONTEXT('','3D')
);
#7807=(
GEOMETRIC_REPRESENTATION_CONTEXT(3)
GLOBAL_UNCERTAINTY_ASSIGNED_CONTEXT((#7805))
GLOBAL_UNIT_ASSIGNED_CONTEXT((#7808,#7810,#7811))
REPRESENTATION_CONTEXT('','3D')
);
#7808=(
LENGTH_UNIT()
NAMED_UNIT(*)
SI_UNIT(.MILLI.,.METRE.)
);
#7809=(
LENGTH_UNIT()
NAMED_UNIT(*)
SI_UNIT(.CENTI.,.METRE.)
);
#7810=(
NAMED_UNIT(*)
PLANE_ANGLE_UNIT()
SI_UNIT($,.RADIAN.)
);
#7811=(
NAMED_UNIT(*)
SI_UNIT($,.STERADIAN.)
SOLID_ANGLE_UNIT()
);
#7812=SHAPE_DEFINITION_REPRESENTATION(#7813,#7814);
#7813=PRODUCT_DEFINITION_SHAPE('',$,#7816);
#7814=SHAPE_REPRESENTATION('',(#3782),#7806);
#7815=PRODUCT_DEFINITION_CONTEXT('part definition',#7820,'design');
#7816=PRODUCT_DEFINITION('Generic.40A.ESC','Generic.40A.ESC',#7817,#7815);
#7817=PRODUCT_DEFINITION_FORMATION('',$,#7822);
#7818=PRODUCT_RELATED_PRODUCT_CATEGORY('Generic.40A.ESC',
'Generic.40A.ESC',(#7822));
#7819=APPLICATION_PROTOCOL_DEFINITION('international standard',
'automotive_design',2009,#7820);
#7820=APPLICATION_CONTEXT(
'Core Data for Automotive Mechanical Design Process');
#7821=PRODUCT_CONTEXT('part definition',#7820,'mechanical');
#7822=PRODUCT('Generic.40A.ESC','Generic.40A.ESC',$,(#7821));
#7823=PRESENTATION_STYLE_ASSIGNMENT((#7831));
#7824=PRESENTATION_STYLE_ASSIGNMENT((#7832));
#7825=PRESENTATION_STYLE_ASSIGNMENT((#7833));
#7826=PRESENTATION_STYLE_ASSIGNMENT((#7834));
#7827=PRESENTATION_STYLE_ASSIGNMENT((#7835));
#7828=PRESENTATION_STYLE_ASSIGNMENT((#7836));
#7829=PRESENTATION_STYLE_ASSIGNMENT((#7837));
#7830=PRESENTATION_STYLE_ASSIGNMENT((#7838));
#7831=SURFACE_STYLE_USAGE(.BOTH.,#7855);
#7832=SURFACE_STYLE_USAGE(.BOTH.,#7856);
#7833=SURFACE_STYLE_USAGE(.BOTH.,#7857);
#7834=SURFACE_STYLE_USAGE(.BOTH.,#7858);
#7835=SURFACE_STYLE_USAGE(.BOTH.,#7859);
#7836=SURFACE_STYLE_USAGE(.BOTH.,#7860);
#7837=SURFACE_STYLE_USAGE(.BOTH.,#7861);
#7838=SURFACE_STYLE_USAGE(.BOTH.,#7862);
#7839=SURFACE_STYLE_RENDERING_WITH_PROPERTIES($,#7887,(#7847));
#7840=SURFACE_STYLE_RENDERING_WITH_PROPERTIES($,#7888,(#7848));
#7841=SURFACE_STYLE_RENDERING_WITH_PROPERTIES($,#7889,(#7849));
#7842=SURFACE_STYLE_RENDERING_WITH_PROPERTIES($,#7890,(#7850));
#7843=SURFACE_STYLE_RENDERING_WITH_PROPERTIES($,#7891,(#7851));
#7844=SURFACE_STYLE_RENDERING_WITH_PROPERTIES($,#7892,(#7852));
#7845=SURFACE_STYLE_RENDERING_WITH_PROPERTIES($,#7893,(#7853));
#7846=SURFACE_STYLE_RENDERING_WITH_PROPERTIES($,#7894,(#7854));
#7847=SURFACE_STYLE_TRANSPARENT(0.);
#7848=SURFACE_STYLE_TRANSPARENT(0.);
#7849=SURFACE_STYLE_TRANSPARENT(0.);
#7850=SURFACE_STYLE_TRANSPARENT(0.);
#7851=SURFACE_STYLE_TRANSPARENT(0.);
#7852=SURFACE_STYLE_TRANSPARENT(0.);
#7853=SURFACE_STYLE_TRANSPARENT(0.);
#7854=SURFACE_STYLE_TRANSPARENT(0.);
#7855=SURFACE_SIDE_STYLE('',(#7863,#7839));
#7856=SURFACE_SIDE_STYLE('',(#7864,#7840));
#7857=SURFACE_SIDE_STYLE('',(#7865,#7841));
#7858=SURFACE_SIDE_STYLE('',(#7866,#7842));
#7859=SURFACE_SIDE_STYLE('',(#7867,#7843));
#7860=SURFACE_SIDE_STYLE('',(#7868,#7844));
#7861=SURFACE_SIDE_STYLE('',(#7869,#7845));
#7862=SURFACE_SIDE_STYLE('',(#7870,#7846));
#7863=SURFACE_STYLE_FILL_AREA(#7871);
#7864=SURFACE_STYLE_FILL_AREA(#7872);
#7865=SURFACE_STYLE_FILL_AREA(#7873);
#7866=SURFACE_STYLE_FILL_AREA(#7874);
#7867=SURFACE_STYLE_FILL_AREA(#7875);
#7868=SURFACE_STYLE_FILL_AREA(#7876);
#7869=SURFACE_STYLE_FILL_AREA(#7877);
#7870=SURFACE_STYLE_FILL_AREA(#7878);
#7871=FILL_AREA_STYLE('',(#7879));
#7872=FILL_AREA_STYLE('',(#7880));
#7873=FILL_AREA_STYLE('',(#7881));
#7874=FILL_AREA_STYLE('',(#7882));
#7875=FILL_AREA_STYLE('',(#7883));
#7876=FILL_AREA_STYLE('',(#7884));
#7877=FILL_AREA_STYLE('',(#7885));
#7878=FILL_AREA_STYLE('',(#7886));
#7879=FILL_AREA_STYLE_COLOUR('',#7887);
#7880=FILL_AREA_STYLE_COLOUR('',#7888);
#7881=FILL_AREA_STYLE_COLOUR('',#7889);
#7882=FILL_AREA_STYLE_COLOUR('',#7890);
#7883=FILL_AREA_STYLE_COLOUR('',#7891);
#7884=FILL_AREA_STYLE_COLOUR('',#7892);
#7885=FILL_AREA_STYLE_COLOUR('',#7893);
#7886=FILL_AREA_STYLE_COLOUR('',#7894);
#7887=COLOUR_RGB('',0.0392156862745098,0.0392156862745098,0.0392156862745098);
#7888=COLOUR_RGB('',0.184313725490196,0.184313725490196,0.184313725490196);
#7889=COLOUR_RGB('',0.462745098039216,0.533333333333333,0.56078431372549);
#7890=COLOUR_RGB('',0.901960784313726,0.913725490196078,0.925490196078431);
#7891=COLOUR_RGB('',0.713725490196078,0.0705882352941176,0.0470588235294118);
#7892=COLOUR_RGB('',0.701960784313725,0.552941176470588,0.00392156862745098);
#7893=COLOUR_RGB('',0.745098039215686,0.737254901960784,0.729411764705882);
#7894=COLOUR_RGB('',1.,0.996078431372549,0.964705882352941);
ENDSEC;
END-ISO-10303-21;
